{
 "type": "FeatureCollection",
 "crs": {
  "type": "name",
  "properties": {
   "name": "urn:ogc:def:crs:EPSG::25833"
  }
 },
 "bbox": [
  155904,
  6826880,
  176384,
  6843264
 ],
 "features": [
  {
   "type": "Feature",
   "geometry": {
    "type": "LineString",
    "coordinates": [
     [156619.17,6830951.41],
     [156635.79,6830834.42],
     [156645.1,6830813.37],
     [156643.39,6830786.84],
     [156672.54,6830744.74],
     [156705.94,6830633.14],
     [156746.92,6830579.53],
     [156805.23,6830543.83],
     [156836.47,6830496.75],
     [156879.62,6830365.77],
     [156922.53,6830304.43],
     [156921.18,6830277.66],
     [156939.71,6830259.62],
     [156963.98,6830189.45],
     [156980.81,6830179.67],
     [157022.87,6830067.49],
     [157034.71,6829976.95],
     [157048.32,6829949.05],
     [157040.6,6829845.29],
     [157073.9,6829771.97],
     [157063.41,6829704.37],
     [157084.41,6829638.07],
     [157079.23,6829518.28],
     [157098.63,6829473.71],
     [157090.11,6829442.88],
     [157099.98,6829394.76],
     [157095.82,6829362.91],
     [157106.7,6829338.0],
     [157108.4,6829300.61],
     [157134.46,6829273.98],
     [157135.58,6829237.17],
     [157182.2,6829149.99],
     [157190.69,6829108.22],
     [157186.66,6829026.95],
     [157206.67,6828999.55],
     [157234.4,6828934.49],
     [157242.14,6828893.16],
     [157235.38,6828859.52],
     [157240.4,6828812.25],
     [157260.08,6828765.39],
     [157246.21,6828714.33],
     [157266.87,6828684.84],
     [157268.69,6828603.6]
    ]
   },
   "properties": {
    "name": null,
    "kind": "stream",
    "source": "N50 Kartdata, Kartverket, CC BY 4.0"
   }
  },
  {
   "type": "Feature",
   "geometry": {
    "type": "LineString",
    "coordinates": [
     [174717.01,6842906.89],
     [174749.46,6842914.35],
     [174788.63,6842892.71],
     [174882.54,6842881.89],
     [174899.17,6842891.13],
     [174972.4,6842892.09],
     [174977.64,6842857.4],
     [175005.54,6842818.45],
     [175006.49,6842792.91],
     [175069.58,6842752.59],
     [175093.67,6842698.74],
     [175108.67,6842638.28],
     [175144.48,6842604.63],
     [175172.39,6842524.53],
     [175218.29,6842482.31],
     [175266.23,6842456.94],
     [175289.53,6842421.91],
     [175340.11,6842377.2],
     [175422.0,6842260.39],
     [175433.95,6842219.8],
     [175491.73,6842209.72],
     [175520.54,6842190.47],
     [175554.62,6842185.48],
     [175589.64,6842147.37],
     [175619.05,6842156.91],
     [175655.91,6842154.01],
     [175694.51,6842118.08],
     [175742.22,6842089.14],
     [175773.23,6842080.01],
     [175814.69,6842038.02],
     [175851.08,6842021.06],
     [175871.32,6841996.06],
     [175887.13,6841942.86],
     [175922.19,6841917.73],
     [175948.76,6841876.95],
     [176023.93,6841855.1],
     [176046.78,6841839.62],
     [176078.36,6841835.31],
     [176136.77,6841803.26],
     [176150.68,6841803.46],
     [176182.92,6841832.09],
     [176310.92,6841790.36],
     [176332.97,6841765.72],
     [176384.0,6841735.61]
    ]
   },
   "properties": {
    "name": null,
    "kind": "stream",
    "source": "N50 Kartdata, Kartverket, CC BY 4.0"
   }
  },
  {
   "type": "Feature",
   "geometry": {
    "type": "LineString",
    "coordinates": [
     [155904.0,6838098.45],
     [155917.32,6838125.44],
     [156105.75,6838325.26],
     [156141.73,6838377.25],
     [156180.62,6838493.34],
     [156241.89,6838601.32],
     [156316.29,6838764.41],
     [156317.53,6838799.49],
     [156300.62,6838834.24],
     [156294.34,6838875.05],
     [156300.08,6838904.69],
     [156323.26,6838937.75],
     [156429.69,6839044.58],
     [156445.4,6839073.3],
     [156457.84,6839142.54],
     [156475.12,6839166.09],
     [156656.82,6839304.18],
     [156726.7,6839341.96],
     [156802.59,6839347.02],
     [156895.6,6839395.76],
     [156963.36,6839421.68],
     [156993.31,6839441.03],
     [157084.4,6839545.25],
     [157126.14,6839561.51],
     [157267.03,6839562.56],
     [157330.15,6839570.82]
    ]
   },
   "properties": {
    "name": "Surtningssubekken",
    "kind": "stream",
    "source": "N50 Kartdata, Kartverket, CC BY 4.0"
   }
  },
  {
   "type": "Feature",
   "geometry": {
    "type": "LineString",
    "coordinates": [
     [170153.5,6831040.89],
     [170160.04,6830979.08],
     [170151.78,6830890.52],
     [170161.11,6830874.15],
     [170159.85,6830856.43],
     [170219.35,6830721.99],
     [170263.15,6830669.39],
     [170310.74,6830450.56],
     [170343.72,6830341.1],
     [170405.73,6830258.99],
     [170463.66,6830204.2],
     [170632.09,6829964.33],
     [170702.2,6829913.54],
     [170757.57,6829902.25],
     [170793.69,6829882.11],
     [170869.0,6829827.52],
     [170891.13,6829798.07],
     [170966.4,6829767.26],
     [171027.97,6829719.75],
     [171074.16,6829715.8],
     [171148.78,6829747.55],
     [171220.03,6829752.08],
     [171349.44,6829797.05],
     [171377.24,6829792.03],
     [171409.07,6829758.27]
    ]
   },
   "properties": {
    "name": null,
    "kind": "stream",
    "source": "N50 Kartdata, Kartverket, CC BY 4.0"
   }
  },
  {
   "type": "Feature",
   "geometry": {
    "type": "LineString",
    "coordinates": [
     [167840.21,6830660.1],
     [167836.9,6830640.21],
     [167855.52,6830584.86],
     [167854.26,6830553.05],
     [167904.13,6830490.87],
     [167897.79,6830440.51],
     [167878.68,6830417.31],
     [167841.06,6830309.3],
     [167809.18,6830284.51],
     [167743.68,6830260.17],
     [167699.97,6830230.68],
     [167658.55,6830181.75],
     [167627.9,6830165.9],
     [167585.41,6830122.25],
     [167549.96,6830071.8],
     [167519.01,6830056.83],
     [167277.71,6829861.54],
     [167263.48,6829811.71],
     [167246.49,6829799.47],
     [167242.46,6829740.42],
     [167183.91,6829684.26],
     [167119.88,6829658.35],
     [167094.22,6829658.05],
     [166929.1,6829615.4],
     [166788.96,6829613.24],
     [166675.91,6829642.46],
     [166552.74,6829630.37],
     [166440.66,6829603.24]
    ]
   },
   "properties": {
    "name": null,
    "kind": "stream",
    "source": "N50 Kartdata, Kartverket, CC BY 4.0"
   }
  },
  {
   "type": "Feature",
   "geometry": {
    "type": "LineString",
    "coordinates": [
     [165732.98,6838390.0],
     [166078.05,6838522.03],
     [166129.5,6838556.49],
     [166289.73,6838701.59],
     [166440.51,6838820.39],
     [166478.19,6838869.2],
     [166512.28,6838933.43],
     [166678.27,6839108.15],
     [166782.16,6839165.92],
     [167011.05,6839270.47],
     [167189.91,6839323.34],
     [167258.59,6839359.22],
     [167337.37,6839417.32],
     [167394.61,6839489.81]
    ]
   },
   "properties": {
    "name": null,
    "kind": "stream",
    "source": "N50 Kartdata, Kartverket, CC BY 4.0"
   }
  },
  {
   "type": "Feature",
   "geometry": {
    "type": "LineString",
    "coordinates": [
     [170830.65,6835918.78],
     [170839.28,6835995.31],
     [170891.47,6836061.34],
     [170934.36,6836090.18],
     [170972.42,6836094.75],
     [170994.26,6836105.82],
     [171036.17,6836152.08],
     [171063.74,6836154.19],
     [171092.37,6836143.93],
     [171157.95,6836154.41],
     [171181.6,6836141.23],
     [171254.25,6836125.36],
     [171313.3,6836120.87],
     [171393.45,6836133.41],
     [171541.36,6836190.66],
     [171666.23,6836166.66],
     [171699.81,6836151.27],
     [171743.03,6836115.16],
     [171831.72,6836011.36],
     [171906.89,6835894.39],
     [171925.52,6835822.29],
     [171930.41,6835654.36],
     [172033.83,6835488.5],
     [172135.04,6835406.87],
     [172174.65,6835405.04],
     [172199.84,6835389.66]
    ]
   },
   "properties": {
    "name": null,
    "kind": "stream",
    "source": "N50 Kartdata, Kartverket, CC BY 4.0"
   }
  },
  {
   "type": "Feature",
   "geometry": {
    "type": "LineString",
    "coordinates": [
     [171434.27,6837611.76],
     [171485.74,6837679.85],
     [171495.9,6837739.72],
     [171502.74,6837747.84],
     [171526.8,6837737.86],
     [171544.16,6837755.68],
     [171552.43,6837779.95],
     [171620.67,6837847.23],
     [171635.07,6837958.69],
     [171621.78,6838003.95],
     [171626.64,6838030.4],
     [171693.98,6838102.92],
     [171703.68,6838123.89],
     [171710.61,6838190.62],
     [171701.21,6838252.3],
     [171704.29,6838310.02],
     [171711.96,6838328.27],
     [171723.07,6838450.36],
     [171733.7,6838466.69],
     [171748.62,6838542.08],
     [171743.35,6838606.18],
     [171766.61,6838666.34],
     [171776.16,6838728.19],
     [171751.19,6838871.85],
     [171800.51,6839039.74],
     [171794.56,6839080.34],
     [171762.68,6839141.34],
     [171767.79,6839154.96],
     [171797.67,6839169.27],
     [171776.53,6839328.31],
     [171765.72,6839356.31],
     [171769.86,6839375.06]
    ]
   },
   "properties": {
    "name": null,
    "kind": "stream",
    "source": "N50 Kartdata, Kartverket, CC BY 4.0"
   }
  },
  {
   "type": "Feature",
   "geometry": {
    "type": "LineString",
    "coordinates": [
     [173426.98,6838324.49],
     [173457.71,6838440.27],
     [173493.64,6838524.36],
     [173457.96,6838596.8],
     [173457.7,6838672.2],
     [173476.21,6838725.28],
     [173497.59,6838746.55],
     [173509.93,6838780.0],
     [173549.39,6838800.52],
     [173567.92,6838822.57],
     [173576.75,6838891.58],
     [173557.81,6838927.91],
     [173557.89,6838958.32],
     [173562.63,6839006.12],
     [173579.49,6839052.85],
     [173567.3,6839088.98],
     [173574.99,6839166.52],
     [173556.36,6839200.67],
     [173551.93,6839253.52],
     [173493.25,6839312.67],
     [173462.58,6839329.41],
     [173449.03,6839366.19],
     [173429.69,6839390.71],
     [173404.03,6839451.89],
     [173408.01,6839514.34],
     [173397.32,6839547.54],
     [173358.3,6839599.97],
     [173337.67,6839661.94],
     [173306.02,6839678.69],
     [173287.62,6839721.65],
     [173246.74,6839741.95],
     [173244.1,6839756.57],
     [173232.0,6839767.02],
     [173241.01,6839798.2],
     [173236.56,6839856.14],
     [173226.68,6839867.95],
     [173183.18,6839881.54],
     [173179.05,6839909.92],
     [173148.74,6839930.44]
    ]
   },
   "properties": {
    "name": null,
    "kind": "stream",
    "source": "N50 Kartdata, Kartverket, CC BY 4.0"
   }
  },
  {
   "type": "Feature",
   "geometry": {
    "type": "LineString",
    "coordinates": [
     [169931.63,6829193.93],
     [169947.13,6829181.87],
     [169990.84,6829176.9],
     [170014.45,6829187.38],
     [170064.19,6829175.39],
     [170185.49,6829205.84],
     [170217.78,6829196.19],
     [170228.55,6829184.58],
     [170276.0,6829177.78],
     [170308.94,6829155.76],
     [170478.13,6829089.88],
     [170517.6,6829057.84],
     [170590.09,6829019.9],
     [170678.74,6828944.12],
     [170752.17,6828925.2],
     [170787.51,6828900.81],
     [170862.66,6828888.78],
     [170890.46,6828899.41],
     [170932.71,6828895.22],
     [170963.98,6828909.54],
     [170988.33,6828909.33],
     [171030.05,6828881.82],
     [171061.59,6828827.46],
     [171084.72,6828814.54],
     [171107.86,6828819.68],
     [171155.91,6828848.26],
     [171189.26,6828847.91],
     [171218.05,6828822.19],
     [171221.97,6828784.92],
     [171250.01,6828758.29],
     [171291.32,6828738.13],
     [171341.57,6828740.86],
     [171384.52,6828708.13],
     [171456.03,6828707.22],
     [171511.6,6828663.66],
     [171521.45,6828637.44]
    ]
   },
   "properties": {
    "name": null,
    "kind": "stream",
    "source": "N50 Kartdata, Kartverket, CC BY 4.0"
   }
  },
  {
   "type": "Feature",
   "geometry": {
    "type": "LineString",
    "coordinates": [
     [167903.83,6828892.45],
     [167858.68,6828930.25],
     [167820.96,6828948.52],
     [167754.47,6828934.02],
     [167673.42,6828944.29],
     [167612.45,6828920.53],
     [167573.98,6828915.29],
     [167540.78,6828922.95],
     [167501.83,6828894.02],
     [167491.1,6828868.31],
     [167425.72,6828797.24],
     [167396.11,6828794.85],
     [167372.93,6828782.37],
     [167318.5,6828784.95],
     [167297.3,6828767.92],
     [167169.73,6828707.13],
     [167135.99,6828705.97],
     [167052.5,6828659.73],
     [167026.03,6828655.18],
     [166985.76,6828657.25],
     [166957.29,6828647.39],
     [166821.18,6828653.01],
     [166800.31,6828647.03],
     [166727.8,6828654.22],
     [166691.55,6828668.54],
     [166586.73,6828671.59],
     [166556.38,6828683.18],
     [166449.69,6828677.6],
     [166400.66,6828647.7],
     [166357.6,6828659.2],
     [166319.9,6828646.14],
     [166282.85,6828649.08],
     [166205.65,6828633.35]
    ]
   },
   "properties": {
    "name": null,
    "kind": "stream",
    "source": "N50 Kartdata, Kartverket, CC BY 4.0"
   }
  },
  {
   "type": "Feature",
   "geometry": {
    "type": "LineString",
    "coordinates": [
     [167538.45,6831069.75],
     [167524.8,6831065.11],
     [167508.65,6831086.87],
     [167482.4,6831100.32],
     [167458.58,6831102.1],
     [167443.23,6831091.62],
     [167401.1,6831001.03],
     [167364.13,6830980.0],
     [167346.11,6830932.14],
     [167342.35,6830893.37],
     [167306.53,6830840.95],
     [167268.77,6830823.57],
     [167193.43,6830732.78],
     [167144.63,6830689.64],
     [167084.78,6830648.38],
     [167027.36,6830622.11],
     [166995.84,6830588.99],
     [166931.57,6830543.11],
     [166838.46,6830496.86],
     [166739.92,6830488.83],
     [166696.43,6830461.0],
     [166661.98,6830456.07],
     [166564.77,6830420.31],
     [166487.5,6830410.66],
     [166437.04,6830417.28],
     [166415.37,6830422.64],
     [166397.14,6830438.11],
     [166296.73,6830581.78],
     [166270.44,6830606.69],
     [166231.45,6830611.16],
     [166187.56,6830639.84]
    ]
   },
   "properties": {
    "name": null,
    "kind": "stream",
    "source": "N50 Kartdata, Kartverket, CC BY 4.0"
   }
  },
  {
   "type": "Feature",
   "geometry": {
    "type": "LineString",
    "coordinates": [
     [162049.9,6840457.43],
     [162144.68,6840432.74],
     [162249.72,6840378.04],
     [162389.1,6840338.0],
     [162539.49,6840278.47],
     [162633.26,6840255.42],
     [162811.92,6840171.43],
     [163004.56,6840121.89],
     [163039.99,6840086.6],
     [163100.4,6840064.05],
     [163236.44,6839990.14],
     [163275.85,6839917.01],
     [163283.32,6839878.76],
     [163300.5,6839848.28],
     [163294.79,6839768.66],
     [163318.85,6839723.04],
     [163325.09,6839679.84],
     [163364.06,6839636.42],
     [163352.12,6839626.22],
     [163347.1,6839606.67],
     [163319.56,6839590.22]
    ]
   },
   "properties": {
    "name": null,
    "kind": "stream",
    "source": "N50 Kartdata, Kartverket, CC BY 4.0"
   }
  },
  {
   "type": "Feature",
   "geometry": {
    "type": "LineString",
    "coordinates": [
     [165240.57,6843024.18],
     [165249.72,6842883.24],
     [165294.5,6842785.82],
     [165318.38,6842669.0],
     [165340.85,6842627.74],
     [165361.95,6842560.44],
     [165378.34,6842492.42],
     [165376.05,6842449.84],
     [165400.06,6842378.29],
     [165407.81,6842324.46],
     [165458.86,6842252.19],
     [165485.8,6842169.78],
     [165493.57,6842123.15],
     [165479.75,6842040.5],
     [165517.32,6841963.18],
     [165515.33,6841929.18],
     [165539.44,6841836.38],
     [165564.37,6841802.46],
     [165565.44,6841777.36],
     [165603.55,6841737.41],
     [165655.42,6841728.5],
     [165680.81,6841702.49],
     [165700.13,6841674.4],
     [165723.45,6841608.15],
     [165764.96,6841593.09],
     [165810.59,6841593.36]
    ]
   },
   "properties": {
    "name": null,
    "kind": "stream",
    "source": "N50 Kartdata, Kartverket, CC BY 4.0"
   }
  },
  {
   "type": "Feature",
   "geometry": {
    "type": "LineString",
    "coordinates": [
     [171395.99,6834609.89],
     [171466.08,6834651.44],
     [171514.8,6834652.83],
     [171580.87,6834689.06],
     [171608.79,6834746.9],
     [171652.54,6834792.39],
     [171722.81,6834830.71],
     [171795.99,6834823.87],
     [171813.98,6834806.42],
     [171877.52,6834798.97],
     [171940.5,6834835.89],
     [171986.05,6834833.34],
     [172114.23,6834870.46],
     [172165.79,6834869.59],
     [172195.05,6834890.38],
     [172214.63,6834890.06],
     [172223.11,6834895.68],
     [172220.49,6834927.32],
     [172231.34,6834940.7],
     [172233.82,6834971.01],
     [172265.73,6835000.94],
     [172300.09,6835009.66],
     [172330.69,6835001.5],
     [172344.44,6834985.89],
     [172374.48,6834980.68],
     [172398.85,6834966.45],
     [172429.73,6834967.4],
     [172462.33,6834950.09],
     [172510.62,6834963.65],
     [172550.64,6834960.86],
     [172584.89,6834947.93],
     [172606.63,6834923.25],
     [172613.45,6834861.45],
     [172607.59,6834834.43],
     [172596.29,6834823.32],
     [172612.62,6834787.86],
     [172603.75,6834766.34],
     [172604.9,6834730.87]
    ]
   },
   "properties": {
    "name": null,
    "kind": "stream",
    "source": "N50 Kartdata, Kartverket, CC BY 4.0"
   }
  },
  {
   "type": "Feature",
   "geometry": {
    "type": "LineString",
    "coordinates": [
     [166893.77,6827213.64],
     [166829.42,6827273.76],
     [166746.56,6827323.84],
     [166714.89,6827365.77],
     [166645.64,6827415.99],
     [166592.99,6827483.2],
     [166501.02,6827545.82],
     [166467.72,6827596.93],
     [166350.28,6827695.0],
     [166214.64,6827750.5],
     [166164.2,6827784.91],
     [166128.46,6827826.24],
     [166070.99,6827862.29],
     [165953.34,6827963.52],
     [165880.77,6827972.27],
     [165813.67,6827997.88],
     [165765.34,6828074.14],
     [165686.7,6828111.81],
     [165642.43,6828123.88],
     [165640.46,6828166.13]
    ]
   },
   "properties": {
    "name": null,
    "kind": "stream",
    "source": "N50 Kartdata, Kartverket, CC BY 4.0"
   }
  },
  {
   "type": "Feature",
   "geometry": {
    "type": "LineString",
    "coordinates": [
     [171538.1,6841118.81],
     [171611.63,6841104.02],
     [171674.35,6841114.45],
     [171766.77,6841115.65],
     [171845.52,6841104.17],
     [171884.16,6841111.77],
     [171902.59,6841099.11],
     [171952.54,6841096.95],
     [172001.0,6841071.39],
     [172058.68,6841061.1],
     [172096.98,6841028.11],
     [172194.9,6841000.67],
     [172214.56,6840974.85],
     [172246.3,6840954.64],
     [172376.59,6840946.8],
     [172451.54,6840887.32],
     [172518.77,6840767.96],
     [172600.65,6840666.39],
     [172603.41,6840636.06],
     [172660.71,6840551.42],
     [172713.49,6840541.44],
     [172730.99,6840530.42],
     [172754.96,6840530.19],
     [172763.35,6840507.79],
     [172794.06,6840494.38],
     [172819.76,6840498.68],
     [172831.08,6840478.76],
     [172820.97,6840444.01]
    ]
   },
   "properties": {
    "name": null,
    "kind": "stream",
    "source": "N50 Kartdata, Kartverket, CC BY 4.0"
   }
  },
  {
   "type": "Feature",
   "geometry": {
    "type": "LineString",
    "coordinates": [
     [158891.73,6831736.9],
     [158903.47,6831716.76],
     [158929.04,6831702.51],
     [159082.18,6831647.0],
     [159090.07,6831600.11],
     [159105.77,6831563.76],
     [159107.53,6831517.79],
     [159143.05,6831457.05],
     [159191.83,6831403.69],
     [159189.48,6831366.83],
     [159196.64,6831349.48],
     [159248.63,6831320.18],
     [159299.44,6831278.68],
     [159316.26,6831190.76],
     [159296.62,6831052.61],
     [159310.55,6831030.21],
     [159307.76,6830898.21],
     [159323.1,6830867.67],
     [159341.31,6830851.93],
     [159395.02,6830720.24],
     [159416.82,6830689.72],
     [159455.81,6830665.62],
     [159505.52,6830609.41],
     [159565.09,6830519.23],
     [159588.63,6830427.78]
    ]
   },
   "properties": {
    "name": null,
    "kind": "stream",
    "source": "N50 Kartdata, Kartverket, CC BY 4.0"
   }
  },
  {
   "type": "Feature",
   "geometry": {
    "type": "LineString",
    "coordinates": [
     [168039.15,6828968.62],
     [168011.66,6828976.43],
     [167987.13,6829001.15],
     [167932.71,6829014.38],
     [167895.67,6829034.01],
     [167868.35,6829065.27],
     [167836.18,6829121.98],
     [167818.07,6829137.02],
     [167780.02,6829142.29],
     [167759.97,6829170.95],
     [167687.41,6829175.13],
     [167634.35,6829208.14],
     [167593.42,6829255.77],
     [167498.89,6829338.88],
     [167427.29,6829463.42],
     [167346.08,6829529.9],
     [167304.62,6829584.33],
     [167233.08,6829583.64],
     [167192.42,6829603.77],
     [167127.04,6829589.93],
     [167052.11,6829588.48],
     [166846.83,6829505.82],
     [166722.6,6829485.7]
    ]
   },
   "properties": {
    "name": null,
    "kind": "stream",
    "source": "N50 Kartdata, Kartverket, CC BY 4.0"
   }
  },
  {
   "type": "Feature",
   "geometry": {
    "type": "LineString",
    "coordinates": [
     [171830.59,6838084.47],
     [171834.07,6838201.57],
     [171881.09,6838270.7],
     [171929.78,6838373.85],
     [171929.8,6838390.81],
     [171913.59,6838408.51],
     [171907.11,6838449.9],
     [171919.82,6838582.23],
     [171915.7,6838614.27],
     [171919.49,6838634.38],
     [171953.89,6838675.11],
     [171968.53,6838760.84],
     [171932.57,6838844.98],
     [171936.33,6838910.2],
     [171963.9,6838946.74],
     [171976.81,6838991.19],
     [171977.34,6839041.03],
     [171996.51,6839087.6],
     [172000.49,6839120.1],
     [172034.36,6839143.0],
     [172056.85,6839183.87],
     [172061.72,6839227.5],
     [172053.06,6839306.0],
     [172036.64,6839331.44],
     [172034.91,6839383.84],
     [172019.13,6839400.55],
     [172024.1,6839428.09],
     [172009.17,6839461.54],
     [172012.94,6839484.79],
     [172037.48,6839510.28],
     [172051.01,6839538.14],
     [172053.3,6839572.01]
    ]
   },
   "properties": {
    "name": null,
    "kind": "stream",
    "source": "N50 Kartdata, Kartverket, CC BY 4.0"
   }
  },
  {
   "type": "Feature",
   "geometry": {
    "type": "LineString",
    "coordinates": [
     [174870.27,6833703.3],
     [174869.58,6833804.04],
     [174846.85,6833849.04],
     [174831.14,6833868.54],
     [174743.2,6833910.25],
     [174688.37,6834006.25],
     [174699.79,6834068.74],
     [174698.22,6834143.93],
     [174678.46,6834238.4],
     [174690.05,6834258.02],
     [174715.95,6834246.82],
     [174724.61,6834269.5],
     [174690.75,6834275.37],
     [174656.84,6834321.8],
     [174658.1,6834329.47],
     [174699.63,6834347.41],
     [174707.69,6834383.32],
     [174682.05,6834390.87],
     [174668.5,6834406.95],
     [174701.51,6834425.69],
     [174714.57,6834471.81],
     [174693.07,6834482.79],
     [174700.28,6834495.29],
     [174729.68,6834495.88],
     [174746.53,6834504.78],
     [174729.81,6834522.98],
     [174730.21,6834545.89],
     [174743.54,6834564.95],
     [174766.09,6834569.55],
     [174778.13,6834584.47],
     [174798.43,6834585.52],
     [174817.36,6834617.46],
     [174847.26,6834616.89],
     [174855.09,6834623.89],
     [174847.2,6834658.93],
     [174863.77,6834687.9],
     [174860.67,6834713.62],
     [174838.73,6834737.81],
     [174819.11,6834785.11],
     [174784.26,6834789.03],
     [174775.5,6834797.35],
     [174758.33,6834862.13]
    ]
   },
   "properties": {
    "name": null,
    "kind": "stream",
    "source": "N50 Kartdata, Kartverket, CC BY 4.0"
   }
  },
  {
   "type": "Feature",
   "geometry": {
    "type": "LineString",
    "coordinates": [
     [171740.77,6837266.67],
     [171767.38,6837205.85],
     [171809.46,6837208.15],
     [171864.43,6837193.48],
     [171923.11,6837160.47],
     [171946.05,6837130.23],
     [171964.54,6837069.21],
     [172020.59,6836980.84],
     [172015.21,6836927.69],
     [172040.43,6836879.13],
     [172026.55,6836811.49],
     [172073.41,6836729.6],
     [172059.65,6836654.75],
     [172069.61,6836589.15],
     [172112.63,6836491.74],
     [172135.3,6836463.44],
     [172158.11,6836408.12],
     [172158.56,6836385.2],
     [172184.46,6836353.31],
     [172221.15,6836330.54],
     [172230.75,6836290.12],
     [172288.3,6836212.8],
     [172296.56,6836168.7],
     [172315.98,6836144.18],
     [172361.73,6836116.9],
     [172394.28,6836112.63],
     [172413.75,6836096.99],
     [172430.43,6836079.37],
     [172442.97,6836028.78],
     [172463.33,6836017.92]
    ]
   },
   "properties": {
    "name": null,
    "kind": "stream",
    "source": "N50 Kartdata, Kartverket, CC BY 4.0"
   }
  },
  {
   "type": "Feature",
   "geometry": {
    "type": "LineString",
    "coordinates": [
     [169067.23,6842673.25],
     [169065.89,6842597.0],
     [169024.51,6842524.32],
     [169025.2,6842425.27],
     [169016.82,6842370.61],
     [169003.85,6842349.19],
     [168987.74,6842341.65],
     [168966.38,6842278.52],
     [168932.66,6842228.42],
     [168924.92,6842181.06],
     [168858.87,6842057.38],
     [168855.48,6842017.71],
     [168832.84,6841999.39],
     [168773.52,6841862.42],
     [168768.13,6841819.13],
     [168748.25,6841800.52],
     [168752.52,6841747.81],
     [168735.41,6841715.95],
     [168717.74,6841637.77],
     [168716.17,6841616.31],
     [168726.33,6841588.95],
     [168708.46,6841561.8],
     [168704.34,6841530.23],
     [168705.15,6841505.56],
     [168716.73,6841486.0],
     [168707.26,6841452.64],
     [168713.33,6841439.93],
     [168694.31,6841423.2],
     [168667.74,6841377.93],
     [168663.85,6841346.55],
     [168673.2,6841324.65],
     [168660.3,6841284.75],
     [168640.55,6841273.56],
     [168632.73,6841235.79]
    ]
   },
   "properties": {
    "name": null,
    "kind": "stream",
    "source": "N50 Kartdata, Kartverket, CC BY 4.0"
   }
  },
  {
   "type": "Feature",
   "geometry": {
    "type": "LineString",
    "coordinates": [
     [158339.7,6831089.88],
     [158336.84,6831053.41],
     [158313.84,6831017.04],
     [158317.12,6830928.25],
     [158288.06,6830906.31],
     [158277.55,6830883.55],
     [158276.82,6830837.57],
     [158259.61,6830814.76],
     [158213.61,6830783.41],
     [158198.24,6830750.05],
     [158169.02,6830737.53],
     [158160.61,6830694.91],
     [158145.2,6830676.11],
     [158115.14,6830673.69],
     [158107.26,6830644.16],
     [158073.12,6830635.78],
     [158091.46,6830573.81],
     [158075.96,6830552.58],
     [158072.75,6830512.02],
     [158090.74,6830487.42],
     [158093.38,6830437.96],
     [158066.78,6830363.44],
     [158085.76,6830313.43],
     [158085.15,6830287.21],
     [158102.96,6830260.53],
     [158117.27,6830181.69],
     [158142.45,6830143.9],
     [158140.68,6830122.06],
     [158171.4,6830086.31],
     [158185.76,6830081.68],
     [158204.34,6830048.81],
     [158200.71,6830017.24],
     [158211.83,6829999.09],
     [158217.72,6829963.67],
     [158334.6,6829797.47],
     [158372.42,6829783.21]
    ]
   },
   "properties": {
    "name": null,
    "kind": "stream",
    "source": "N50 Kartdata, Kartverket, CC BY 4.0"
   }
  },
  {
   "type": "Feature",
   "geometry": {
    "type": "LineString",
    "coordinates": [
     [173729.41,6840840.26],
     [173721.99,6840865.07],
     [173727.04,6840918.51],
     [173720.22,6840944.94],
     [173736.68,6841081.62],
     [173692.2,6841166.69],
     [173685.42,6841233.87],
     [173653.13,6841285.56],
     [173640.05,6841338.13],
     [173601.7,6841403.67],
     [173613.77,6841426.95],
     [173614.28,6841447.49],
     [173624.4,6841456.99],
     [173616.18,6841483.29],
     [173628.76,6841503.34],
     [173609.38,6841684.78],
     [173612.54,6841709.19],
     [173603.11,6841733.27],
     [173621.9,6841763.55],
     [173611.08,6841787.68],
     [173615.4,6841815.82],
     [173597.23,6841878.95],
     [173597.79,6841911.88],
     [173586.62,6841926.29],
     [173592.91,6841952.72],
     [173570.09,6841987.98],
     [173573.82,6842008.39],
     [173563.03,6842040.16],
     [173537.5,6842060.8],
     [173522.57,6842178.83],
     [173495.76,6842225.88],
     [173481.01,6842287.32],
     [173469.01,6842305.81]
    ]
   },
   "properties": {
    "name": null,
    "kind": "stream",
    "source": "N50 Kartdata, Kartverket, CC BY 4.0"
   }
  },
  {
   "type": "Feature",
   "geometry": {
    "type": "LineString",
    "coordinates": [
     [176035.93,6832837.32],
     [176007.56,6832844.74],
     [175991.48,6832862.39],
     [175975.32,6832855.09],
     [175963.38,6832860.33],
     [175943.77,6832846.99],
     [175902.56,6832850.43],
     [175884.88,6832869.18],
     [175836.45,6832890.75],
     [175791.09,6832896.89],
     [175731.5,6832923.26],
     [175708.18,6832980.66],
     [175676.09,6833010.96],
     [175613.66,6833120.76],
     [175581.42,6833130.86],
     [175535.85,6833169.98],
     [175497.5,6833179.34],
     [175439.68,6833226.59],
     [175377.11,6833248.44],
     [175312.99,6833319.28],
     [175272.97,6833331.33],
     [175255.89,6833356.77],
     [175222.31,6833373.18],
     [175185.91,6833413.62],
     [175153.68,6833418.07],
     [175136.24,6833436.92],
     [175115.18,6833440.38],
     [175066.06,6833476.69],
     [175053.64,6833499.11],
     [174942.93,6833525.45],
     [174938.2,6833542.26],
     [174905.36,6833561.84],
     [174879.97,6833589.6],
     [174891.96,6833622.88],
     [174863.31,6833656.66]
    ]
   },
   "properties": {
    "name": null,
    "kind": "stream",
    "source": "N50 Kartdata, Kartverket, CC BY 4.0"
   }
  },
  {
   "type": "Feature",
   "geometry": {
    "type": "LineString",
    "coordinates": [
     [173460.95,6842243.74],
     [173440.46,6842188.58],
     [173412.68,6842152.78],
     [173409.86,6842136.66],
     [173421.86,6842109.96],
     [173410.13,6842023.18],
     [173422.51,6841999.23],
     [173416.58,6841929.71],
     [173450.66,6841850.14],
     [173441.5,6841826.87],
     [173458.88,6841777.91],
     [173457.09,6841751.08],
     [173466.11,6841726.37],
     [173452.27,6841703.37],
     [173452.19,6841688.22],
     [173472.58,6841654.1],
     [173477.85,6841608.98],
     [173517.66,6841513.58],
     [173518.35,6841428.12],
     [173536.15,6841418.59],
     [173554.82,6841393.9],
     [173561.76,6841324.52],
     [173575.67,6841302.32],
     [173578.29,6841278.85],
     [173597.59,6841255.52],
     [173596.96,6841108.67],
     [173607.03,6841068.94],
     [173627.9,6841034.93],
     [173630.21,6840982.87],
     [173655.82,6840939.26],
     [173680.75,6840923.95],
     [173687.45,6840860.66],
     [173729.41,6840840.26]
    ]
   },
   "properties": {
    "name": null,
    "kind": "stream",
    "source": "N50 Kartdata, Kartverket, CC BY 4.0"
   }
  },
  {
   "type": "Feature",
   "geometry": {
    "type": "LineString",
    "coordinates": [
     [173478.3,6831276.66],
     [173446.16,6831345.29],
     [173445.49,6831384.02],
     [173402.88,6831446.02],
     [173374.0,6831457.59],
     [173343.07,6831491.29],
     [173342.89,6831510.33],
     [173334.18,6831521.76],
     [173274.03,6831564.16],
     [173240.12,6831629.04],
     [173221.03,6831649.34],
     [173175.36,6831676.72],
     [173132.75,6831683.96],
     [173103.16,6831712.87],
     [173076.81,6831750.18],
     [173067.42,6831782.08],
     [173046.06,6831803.11],
     [173040.06,6831826.56],
     [173002.94,6831844.17],
     [172983.34,6831862.77],
     [172962.59,6831936.15],
     [172884.94,6831936.77],
     [172830.27,6831968.49],
     [172810.5,6831991.92],
     [172756.11,6832010.19],
     [172734.96,6832007.95],
     [172700.26,6832020.3],
     [172656.29,6832014.93],
     [172639.93,6832022.71],
     [172620.59,6832006.67],
     [172591.5,6832016.41],
     [172570.26,6832041.42],
     [172548.28,6832025.58],
     [172507.6,6832034.49],
     [172444.63,6832078.53],
     [172427.13,6832114.1],
     [172407.75,6832113.55]
    ]
   },
   "properties": {
    "name": null,
    "kind": "stream",
    "source": "N50 Kartdata, Kartverket, CC BY 4.0"
   }
  },
  {
   "type": "Feature",
   "geometry": {
    "type": "LineString",
    "coordinates": [
     [174197.21,6838559.92],
     [174223.57,6838592.14],
     [174271.33,6838728.88],
     [174312.49,6838798.68],
     [174340.93,6838811.86],
     [174369.04,6838853.65],
     [174431.84,6838891.69],
     [174454.62,6838945.05],
     [174489.26,6838980.47],
     [174489.29,6839012.39],
     [174538.73,6839137.67],
     [174543.41,6839202.96],
     [174523.12,6839238.43],
     [174540.22,6839303.07],
     [174598.48,6839392.95],
     [174614.33,6839442.71],
     [174634.47,6839457.04],
     [174640.81,6839483.41],
     [174661.31,6839510.43],
     [174691.48,6839529.71],
     [174717.85,6839585.31],
     [174724.39,6839634.42],
     [174753.52,6839694.1],
     [174752.94,6839724.81],
     [174778.71,6839822.48],
     [174753.87,6839886.84]
    ]
   },
   "properties": {
    "name": null,
    "kind": "stream",
    "source": "N50 Kartdata, Kartverket, CC BY 4.0"
   }
  },
  {
   "type": "Feature",
   "geometry": {
    "type": "LineString",
    "coordinates": [
     [176384.0,6834184.78],
     [176329.87,6834185.89],
     [176210.47,6834201.83],
     [176147.23,6834199.67],
     [176098.88,6834191.44],
     [176019.38,6834149.59],
     [175954.68,6834155.24],
     [175916.77,6834176.72],
     [175836.92,6834190.78],
     [175741.51,6834224.69],
     [175716.35,6834248.61],
     [175687.65,6834257.09],
     [175663.93,6834253.16],
     [175639.45,6834227.64],
     [175619.19,6834230.46],
     [175580.3,6834252.2],
     [175514.04,6834258.7],
     [175443.05,6834360.02],
     [175446.75,6834408.18],
     [175437.26,6834419.21],
     [175438.35,6834457.52],
     [175396.57,6834480.48],
     [175378.17,6834539.63],
     [175352.68,6834574.11],
     [175324.92,6834578.42],
     [175263.25,6834618.29],
     [175265.84,6834647.28],
     [175259.81,6834659.34],
     [175225.32,6834671.71],
     [175226.73,6834718.77]
    ]
   },
   "properties": {
    "name": null,
    "kind": "stream",
    "source": "N50 Kartdata, Kartverket, CC BY 4.0"
   }
  },
  {
   "type": "Feature",
   "geometry": {
    "type": "LineString",
    "coordinates": [
     [165451.75,6843007.09],
     [165460.88,6842977.77],
     [165467.27,6842889.26],
     [165453.0,6842744.26],
     [165470.38,6842671.54],
     [165469.9,6842635.67],
     [165493.28,6842562.98],
     [165504.67,6842448.17],
     [165586.71,6842281.05],
     [165586.08,6842246.65],
     [165600.78,6842219.16],
     [165611.47,6842164.25],
     [165607.98,6842063.44],
     [165640.61,6842016.0],
     [165659.37,6841945.47],
     [165680.54,6841914.22],
     [165708.84,6841837.19],
     [165718.26,6841788.95],
     [165797.56,6841713.24],
     [165801.4,6841670.53],
     [165792.65,6841616.84],
     [165810.59,6841593.36]
    ]
   },
   "properties": {
    "name": null,
    "kind": "stream",
    "source": "N50 Kartdata, Kartverket, CC BY 4.0"
   }
  },
  {
   "type": "Feature",
   "geometry": {
    "type": "LineString",
    "coordinates": [
     [171661.87,6840661.96],
     [171685.71,6840659.37],
     [171714.01,6840671.82],
     [171813.38,6840742.35],
     [171914.74,6840765.37],
     [171975.72,6840795.09],
     [172036.13,6840798.01],
     [172155.89,6840824.02],
     [172180.62,6840808.92],
     [172158.3,6840766.29],
     [172197.44,6840737.18],
     [172214.43,6840689.76],
     [172251.79,6840646.74],
     [172279.25,6840634.57],
     [172345.0,6840532.6],
     [172365.23,6840538.03],
     [172394.56,6840532.77],
     [172424.88,6840513.79],
     [172449.08,6840486.45],
     [172462.09,6840483.57],
     [172476.45,6840428.07],
     [172495.88,6840431.03],
     [172505.25,6840421.67],
     [172534.1,6840430.57],
     [172574.68,6840400.3],
     [172604.02,6840398.84],
     [172629.12,6840387.16],
     [172651.19,6840362.55],
     [172675.54,6840389.65],
     [172726.89,6840415.82],
     [172760.77,6840419.58],
     [172799.7,6840445.07],
     [172820.97,6840444.01]
    ]
   },
   "properties": {
    "name": null,
    "kind": "stream",
    "source": "N50 Kartdata, Kartverket, CC BY 4.0"
   }
  },
  {
   "type": "Feature",
   "geometry": {
    "type": "LineString",
    "coordinates": [
     [163401.31,6832625.13],
     [163369.73,6832599.29],
     [163301.62,6832503.98],
     [163281.65,6832487.65],
     [163266.03,6832449.4],
     [163107.82,6832337.51],
     [163064.18,6832287.29],
     [163012.51,6832251.88],
     [162938.32,6832225.4],
     [162884.19,6832225.81],
     [162761.83,6832194.53],
     [162724.66,6832177.59],
     [162593.24,6832088.78],
     [162497.83,6832110.1],
     [162443.16,6832094.98],
     [162309.13,6832025.88],
     [162282.8,6831993.27],
     [162256.09,6831978.59],
     [162271.88,6831926.41],
     [162220.66,6831881.31]
    ]
   },
   "properties": {
    "name": "Svarva",
    "kind": "stream",
    "source": "N50 Kartdata, Kartverket, CC BY 4.0"
   }
  },
  {
   "type": "Feature",
   "geometry": {
    "type": "LineString",
    "coordinates": [
     [159446.79,6829234.29],
     [159460.41,6829221.93],
     [159493.39,6829155.47],
     [159490.7,6829139.56],
     [159467.65,6829107.29],
     [159465.66,6829068.85],
     [159495.64,6828976.56],
     [159527.57,6828912.28],
     [159581.57,6828877.48],
     [159701.3,6828821.2],
     [159749.37,6828813.92],
     [159834.71,6828766.08],
     [159865.2,6828731.95],
     [159892.41,6828714.7],
     [159930.2,6828653.43],
     [159977.18,6828598.67],
     [160017.49,6828596.72],
     [160044.04,6828582.75],
     [160108.99,6828568.08],
     [160133.64,6828551.76],
     [160188.77,6828553.08],
     [160346.87,6828601.21],
     [160436.07,6828645.43],
     [160506.8,6828652.62]
    ]
   },
   "properties": {
    "name": null,
    "kind": "stream",
    "source": "N50 Kartdata, Kartverket, CC BY 4.0"
   }
  },
  {
   "type": "Feature",
   "geometry": {
    "type": "LineString",
    "coordinates": [
     [163831.72,6842261.34],
     [163927.43,6842240.24],
     [163970.6,6842240.92],
     [164006.74,6842216.67],
     [164058.54,6842210.07],
     [164085.88,6842177.24],
     [164118.35,6842155.99],
     [164228.74,6842144.47],
     [164252.05,6842123.12],
     [164292.88,6842105.28],
     [164322.01,6842103.61],
     [164342.28,6842090.11],
     [164369.2,6842089.94],
     [164387.55,6842080.7],
     [164413.48,6842059.73],
     [164418.19,6842043.25],
     [164451.48,6842022.12],
     [164514.56,6842016.41],
     [164538.68,6841994.43],
     [164572.72,6841986.29],
     [164691.08,6841877.99],
     [164705.95,6841850.95],
     [164702.38,6841834.44],
     [164709.81,6841819.82],
     [164750.04,6841797.29],
     [164782.39,6841743.4],
     [164811.17,6841719.58],
     [164838.54,6841654.47],
     [164849.42,6841605.36],
     [164881.42,6841562.12],
     [164910.44,6841539.04],
     [164928.43,6841499.02]
    ]
   },
   "properties": {
    "name": null,
    "kind": "stream",
    "source": "N50 Kartdata, Kartverket, CC BY 4.0"
   }
  },
  {
   "type": "Feature",
   "geometry": {
    "type": "LineString",
    "coordinates": [
     [170131.49,6830479.54],
     [170126.84,6830440.43],
     [170137.97,6830328.05],
     [170115.2,6830206.24],
     [170236.76,6830109.14],
     [170245.34,6830026.95],
     [170293.71,6829981.31],
     [170304.71,6829891.47],
     [170319.14,6829874.12],
     [170342.08,6829854.55],
     [170435.21,6829816.96],
     [170527.98,6829728.93],
     [170614.87,6829675.32],
     [170691.72,6829663.97],
     [170786.68,6829611.38],
     [170859.95,6829606.31],
     [170889.22,6829586.43],
     [170984.42,6829566.13]
    ]
   },
   "properties": {
    "name": null,
    "kind": "stream",
    "source": "N50 Kartdata, Kartverket, CC BY 4.0"
   }
  },
  {
   "type": "Feature",
   "geometry": {
    "type": "LineString",
    "coordinates": [
     [166366.65,6842909.41],
     [166404.28,6842845.17],
     [166431.46,6842775.05],
     [166430.46,6842730.95],
     [166476.02,6842601.66],
     [166488.24,6842541.48],
     [166549.38,6842431.06],
     [166571.65,6842336.37],
     [166577.31,6842238.66],
     [166588.43,6842195.18],
     [166590.1,6842118.87],
     [166582.64,6842096.65],
     [166515.92,6842050.9],
     [166501.58,6842051.31],
     [166440.7,6841999.05],
     [166437.51,6841948.61],
     [166467.0,6841900.4],
     [166479.32,6841864.22],
     [166457.16,6841779.65],
     [166459.21,6841740.03],
     [166450.55,6841703.66],
     [166472.12,6841682.69],
     [166469.03,6841642.57]
    ]
   },
   "properties": {
    "name": null,
    "kind": "stream",
    "source": "N50 Kartdata, Kartverket, CC BY 4.0"
   }
  },
  {
   "type": "Feature",
   "geometry": {
    "type": "LineString",
    "coordinates": [
     [174084.53,6827941.12],
     [174062.52,6827908.86],
     [174046.93,6827899.77],
     [174035.58,6827876.33],
     [173996.69,6827840.85],
     [173900.73,6827804.97],
     [173844.74,6827799.1],
     [173826.86,6827813.45],
     [173762.96,6827829.22],
     [173729.7,6827819.62],
     [173670.11,6827858.91],
     [173625.01,6827863.17],
     [173598.67,6827855.07],
     [173575.1,6827826.93],
     [173547.94,6827824.84],
     [173501.38,6827792.17],
     [173482.74,6827791.49],
     [173447.22,6827773.38],
     [173382.46,6827725.32],
     [173372.77,6827708.04],
     [173269.18,6827657.13],
     [173207.1,6827645.98],
     [173154.58,6827595.48],
     [173134.74,6827612.44],
     [173108.91,6827610.26],
     [173100.83,6827589.22],
     [173084.18,6827574.11],
     [173092.07,6827540.69],
     [173061.41,6827506.42],
     [173024.66,6827511.82],
     [173003.69,6827502.18],
     [172985.2,6827480.06],
     [172988.25,6827455.27],
     [172972.96,6827434.59]
    ]
   },
   "properties": {
    "name": null,
    "kind": "stream",
    "source": "N50 Kartdata, Kartverket, CC BY 4.0"
   }
  },
  {
   "type": "Feature",
   "geometry": {
    "type": "LineString",
    "coordinates": [
     [173196.8,6836805.97],
     [173278.12,6836758.12],
     [173324.16,6836670.81],
     [173332.08,6836620.13],
     [173357.22,6836578.44],
     [173358.87,6836550.09],
     [173373.32,6836518.61],
     [173389.19,6836374.99],
     [173432.66,6836273.55],
     [173496.32,6836219.28],
     [173506.65,6836157.61],
     [173533.2,6836115.68],
     [173550.78,6836108.22],
     [173565.54,6836089.28],
     [173567.7,6836067.88],
     [173578.94,6836053.94],
     [173638.91,6836035.72],
     [173645.3,6836003.36],
     [173666.04,6835971.42],
     [173697.16,6835953.81],
     [173728.48,6835962.55],
     [173746.54,6835988.64],
     [173766.27,6835999.57],
     [173801.9,6835972.32],
     [173845.95,6835980.22],
     [173876.87,6835999.79],
     [173895.92,6836028.52],
     [173922.02,6836042.24],
     [173954.69,6836036.82],
     [173971.8,6836019.32]
    ]
   },
   "properties": {
    "name": null,
    "kind": "stream",
    "source": "N50 Kartdata, Kartverket, CC BY 4.0"
   }
  },
  {
   "type": "Feature",
   "geometry": {
    "type": "LineString",
    "coordinates": [
     [167903.83,6828892.45],
     [167880.36,6828868.94],
     [167846.58,6828876.91],
     [167794.92,6828867.61],
     [167780.84,6828845.48],
     [167761.98,6828838.06],
     [167699.8,6828772.3],
     [167587.45,6828731.54],
     [167508.58,6828682.22],
     [167454.51,6828676.79],
     [167424.84,6828652.37],
     [167391.7,6828641.61],
     [167315.28,6828594.88],
     [167288.07,6828594.1],
     [167248.01,6828577.25],
     [167186.85,6828586.39],
     [167002.18,6828504.62],
     [166960.09,6828495.87],
     [166912.67,6828471.23],
     [166809.7,6828440.85],
     [166715.38,6828400.99],
     [166658.04,6828389.02]
    ]
   },
   "properties": {
    "name": null,
    "kind": "stream",
    "source": "N50 Kartdata, Kartverket, CC BY 4.0"
   }
  },
  {
   "type": "Feature",
   "geometry": {
    "type": "LineString",
    "coordinates": [
     [160516.87,6835907.88],
     [160600.14,6835880.77],
     [160709.58,6835932.23],
     [160755.58,6835929.69],
     [160811.21,6835908.07],
     [160887.85,6835909.22],
     [160911.41,6835896.45],
     [160974.53,6835881.97],
     [161009.09,6835881.56],
     [161057.34,6835840.44],
     [161097.54,6835842.02],
     [161151.47,6835829.5],
     [161272.73,6835820.51],
     [161313.15,6835800.65],
     [161384.84,6835740.61],
     [161480.51,6835685.9],
     [161501.01,6835654.99],
     [161518.08,6835644.77],
     [161548.64,6835640.01],
     [161620.03,6835666.58],
     [161691.09,6835652.34],
     [161734.41,6835592.4],
     [161762.46,6835585.38]
    ]
   },
   "properties": {
    "name": null,
    "kind": "stream",
    "source": "N50 Kartdata, Kartverket, CC BY 4.0"
   }
  },
  {
   "type": "Feature",
   "geometry": {
    "type": "LineString",
    "coordinates": [
     [167394.61,6839489.81],
     [167433.2,6839536.12],
     [167493.89,6839579.69],
     [167686.2,6839650.77],
     [167762.37,6839647.99],
     [167896.2,6839731.92],
     [167917.28,6839754.16],
     [167953.04,6839819.08],
     [167991.36,6839854.24],
     [168043.6,6839965.14],
     [168083.76,6840016.59],
     [168142.45,6840126.59],
     [168174.05,6840169.22],
     [168244.63,6840235.09],
     [168251.71,6840274.16],
     [168266.55,6840297.93],
     [168352.12,6840376.3]
    ]
   },
   "properties": {
    "name": "Grotåe",
    "kind": "stream",
    "source": "N50 Kartdata, Kartverket, CC BY 4.0"
   }
  },
  {
   "type": "Feature",
   "geometry": {
    "type": "LineString",
    "coordinates": [
     [175100.94,6831766.76],
     [175098.45,6831790.01],
     [175090.23,6831797.42],
     [175059.16,6831800.53],
     [175007.48,6831780.92],
     [174963.19,6831786.56],
     [174924.65,6831864.32],
     [174871.45,6831940.36],
     [174863.66,6831961.16],
     [174866.05,6832023.21],
     [174847.56,6832087.38],
     [174814.17,6832127.27],
     [174786.66,6832186.07],
     [174762.72,6832212.65],
     [174759.41,6832260.4],
     [174746.67,6832287.81],
     [174741.06,6832327.25],
     [174697.77,6832371.07],
     [174723.53,6832451.48],
     [174742.7,6832484.7],
     [174743.95,6832512.15],
     [174702.81,6832593.56],
     [174673.53,6832618.04],
     [174639.43,6832688.75],
     [174592.03,6832741.51],
     [174561.03,6832814.5]
    ]
   },
   "properties": {
    "name": null,
    "kind": "stream",
    "source": "N50 Kartdata, Kartverket, CC BY 4.0"
   }
  },
  {
   "type": "Feature",
   "geometry": {
    "type": "LineString",
    "coordinates": [
     [170287.73,6831068.07],
     [170293.18,6831042.9],
     [170327.11,6831019.05],
     [170324.22,6831008.21],
     [170312.76,6831003.39],
     [170309.14,6830977.76],
     [170323.59,6830935.47],
     [170321.3,6830911.31],
     [170331.39,6830894.83],
     [170325.93,6830816.88],
     [170353.13,6830740.36],
     [170411.64,6830663.03],
     [170465.13,6830625.04],
     [170472.13,6830563.43],
     [170555.41,6830400.24],
     [170655.36,6830296.58],
     [170679.15,6830259.3],
     [170708.81,6830237.57],
     [170789.44,6830109.65],
     [170879.63,6830034.09],
     [170940.98,6829999.9]
    ]
   },
   "properties": {
    "name": null,
    "kind": "stream",
    "source": "N50 Kartdata, Kartverket, CC BY 4.0"
   }
  },
  {
   "type": "Feature",
   "geometry": {
    "type": "LineString",
    "coordinates": [
     [173343.42,6841712.41],
     [173341.54,6841684.87],
     [173361.28,6841651.37],
     [173380.23,6841542.63],
     [173420.82,6841426.01],
     [173430.47,6841309.24],
     [173475.57,6841215.5],
     [173487.04,6841172.36],
     [173475.38,6841040.38],
     [173503.66,6840939.18],
     [173542.61,6840896.63],
     [173547.86,6840817.32],
     [173576.68,6840792.83],
     [173587.01,6840772.2],
     [173584.08,6840714.4],
     [173568.63,6840683.59],
     [173565.94,6840646.88],
     [173548.72,6840632.52],
     [173538.64,6840574.99],
     [173588.84,6840483.48]
    ]
   },
   "properties": {
    "name": null,
    "kind": "stream",
    "source": "N50 Kartdata, Kartverket, CC BY 4.0"
   }
  },
  {
   "type": "Feature",
   "geometry": {
    "type": "LineString",
    "coordinates": [
     [173196.8,6836805.97],
     [173215.67,6836780.33],
     [173215.37,6836759.03],
     [173208.81,6836708.32],
     [173194.87,6836681.49],
     [173192.5,6836607.47],
     [173199.12,6836558.7],
     [173226.09,6836497.78],
     [173252.07,6836372.03],
     [173245.28,6836293.88],
     [173259.27,6836258.87],
     [173300.53,6836203.5],
     [173300.39,6836162.13],
     [173328.93,6836124.05],
     [173347.88,6836046.17],
     [173425.83,6835944.2],
     [173442.73,6835911.1],
     [173482.48,6835886.95],
     [173502.87,6835884.33],
     [173549.13,6835843.13],
     [173562.9,6835790.13],
     [173568.89,6835701.04],
     [173601.13,6835638.71]
    ]
   },
   "properties": {
    "name": null,
    "kind": "stream",
    "source": "N50 Kartdata, Kartverket, CC BY 4.0"
   }
  },
  {
   "type": "Feature",
   "geometry": {
    "type": "LineString",
    "coordinates": [
     [173322.9,6841632.52],
     [173337.39,6841493.71],
     [173349.86,6841460.1],
     [173353.9,6841413.83],
     [173407.45,6841283.26],
     [173403.0,6841203.46],
     [173422.93,6841100.26],
     [173397.18,6840986.36],
     [173435.98,6840922.86],
     [173443.07,6840844.39],
     [173489.35,6840822.91],
     [173484.41,6840767.23],
     [173504.79,6840722.5],
     [173493.55,6840659.2],
     [173468.83,6840607.13],
     [173480.87,6840567.91],
     [173463.21,6840540.37],
     [173494.4,6840493.86],
     [173486.31,6840462.59],
     [173495.41,6840442.33],
     [173515.91,6840439.71],
     [173524.83,6840446.6]
    ]
   },
   "properties": {
    "name": null,
    "kind": "stream",
    "source": "N50 Kartdata, Kartverket, CC BY 4.0"
   }
  },
  {
   "type": "Feature",
   "geometry": {
    "type": "LineString",
    "coordinates": [
     [174758.33,6834862.13],
     [174750.91,6834903.33],
     [174758.26,6834956.44],
     [174775.78,6834994.79],
     [174805.5,6835010.53],
     [174803.7,6835074.35],
     [174819.13,6835099.46],
     [174818.95,6835141.53],
     [174832.17,6835168.78],
     [174840.58,6835241.45],
     [174854.95,6835274.03],
     [174822.42,6835329.66],
     [174841.63,6835366.98],
     [174828.3,6835397.5],
     [174842.54,6835439.43],
     [174835.38,6835470.09],
     [174857.63,6835482.87],
     [174853.39,6835534.22],
     [174863.64,6835540.35],
     [174868.56,6835568.37],
     [174856.37,6835591.02],
     [174863.52,6835624.11],
     [174843.31,6835641.14],
     [174844.51,6835652.05],
     [174862.08,6835665.26],
     [174846.68,6835684.7],
     [174864.75,6835740.34],
     [174854.58,6835752.07],
     [174817.32,6835759.66],
     [174840.78,6835836.31],
     [174839.22,6835878.32],
     [174822.37,6835924.17],
     [174841.87,6836021.35]
    ]
   },
   "properties": {
    "name": "Hoska",
    "kind": "stream",
    "source": "N50 Kartdata, Kartverket, CC BY 4.0"
   }
  },
  {
   "type": "Feature",
   "geometry": {
    "type": "LineString",
    "coordinates": [
     [172480.44,6837156.56],
     [172477.25,6837077.86],
     [172501.19,6836999.73],
     [172438.79,6836896.42],
     [172429.3,6836825.85],
     [172410.83,6836783.46],
     [172413.62,6836676.93],
     [172380.05,6836615.38],
     [172394.8,6836543.3],
     [172390.93,6836510.0],
     [172424.19,6836431.21],
     [172454.78,6836326.04],
     [172480.29,6836309.67],
     [172513.39,6836322.23],
     [172548.45,6836311.58],
     [172572.73,6836271.09],
     [172732.99,6836163.15],
     [172750.54,6836132.46],
     [172785.4,6836097.94]
    ]
   },
   "properties": {
    "name": null,
    "kind": "stream",
    "source": "N50 Kartdata, Kartverket, CC BY 4.0"
   }
  },
  {
   "type": "Feature",
   "geometry": {
    "type": "LineString",
    "coordinates": [
     [171141.92,6831188.54],
     [171142.58,6831161.97],
     [171156.68,6831125.31],
     [171154.13,6831088.16],
     [171164.53,6831019.38],
     [171160.09,6830981.87],
     [171124.96,6830894.27],
     [171121.54,6830859.24],
     [171128.85,6830846.65],
     [171187.26,6830819.95],
     [171208.45,6830793.54],
     [171252.7,6830718.59],
     [171265.41,6830668.07],
     [171299.46,6830605.88],
     [171303.88,6830556.17],
     [171319.03,6830525.02],
     [171362.44,6830470.76],
     [171391.04,6830319.34],
     [171382.22,6830234.5],
     [171388.47,6830216.74],
     [171379.35,6830063.08],
     [171386.86,6830044.61],
     [171383.56,6830007.28]
    ]
   },
   "properties": {
    "name": null,
    "kind": "stream",
    "source": "N50 Kartdata, Kartverket, CC BY 4.0"
   }
  },
  {
   "type": "Feature",
   "geometry": {
    "type": "LineString",
    "coordinates": [
     [158372.42,6829783.21],
     [158502.24,6829752.05],
     [158550.89,6829730.58],
     [158676.33,6829661.14],
     [158824.9,6829541.81],
     [158915.16,6829529.91],
     [158954.96,6829533.0],
     [158981.89,6829522.06],
     [159005.79,6829527.06],
     [159112.34,6829521.63],
     [159141.27,6829506.98],
     [159197.16,6829505.02],
     [159231.53,6829482.92],
     [159261.06,6829478.71],
     [159298.77,6829454.67],
     [159340.52,6829409.49],
     [159360.49,6829372.34],
     [159402.99,6829331.42],
     [159429.75,6829256.8],
     [159446.79,6829234.29]
    ]
   },
   "properties": {
    "name": null,
    "kind": "stream",
    "source": "N50 Kartdata, Kartverket, CC BY 4.0"
   }
  },
  {
   "type": "Feature",
   "geometry": {
    "type": "LineString",
    "coordinates": [
     [160686.24,6832600.62],
     [160693.59,6832553.45],
     [160689.25,6832493.5],
     [160717.27,6832432.78],
     [160714.25,6832402.44],
     [160753.71,6832322.34],
     [160752.91,6832224.38],
     [160771.35,6832143.08],
     [160859.45,6831981.78],
     [160878.82,6831974.82],
     [160885.46,6831946.01],
     [160905.91,6831936.36],
     [160925.96,6831897.56],
     [160959.51,6831867.61],
     [160971.59,6831830.61],
     [160974.78,6831742.44],
     [160995.71,6831692.03],
     [160976.3,6831629.95],
     [160995.01,6831601.07],
     [161001.92,6831565.85],
     [160997.36,6831544.1],
     [160974.93,6831523.07],
     [160973.0,6831481.17],
     [160949.74,6831436.41]
    ]
   },
   "properties": {
    "name": "Tjønnholåe",
    "kind": "stream",
    "source": "N50 Kartdata, Kartverket, CC BY 4.0"
   }
  },
  {
   "type": "Feature",
   "geometry": {
    "type": "LineString",
    "coordinates": [
     [172742.81,6841635.91],
     [172779.7,6841578.9],
     [172775.63,6841525.99],
     [172784.38,6841470.11],
     [172837.81,6841315.83],
     [172828.77,6841268.86],
     [172800.84,6841232.52],
     [172790.5,6841153.97],
     [172803.92,6841133.45],
     [172803.7,6841117.44],
     [172759.3,6841038.32],
     [172758.59,6840964.76],
     [172742.69,6840938.52],
     [172745.36,6840904.41],
     [172808.14,6840856.12],
     [172807.83,6840809.43],
     [172815.75,6840785.38],
     [172843.65,6840750.02],
     [172858.43,6840695.18],
     [172882.75,6840653.4],
     [172918.74,6840636.41],
     [172938.49,6840587.28],
     [172997.17,6840592.65],
     [173024.25,6840566.92]
    ]
   },
   "properties": {
    "name": null,
    "kind": "stream",
    "source": "N50 Kartdata, Kartverket, CC BY 4.0"
   }
  },
  {
   "type": "Feature",
   "geometry": {
    "type": "LineString",
    "coordinates": [
     [165217.54,6830331.14],
     [165214.32,6830274.69],
     [165192.74,6830257.15],
     [165161.68,6830261.43],
     [165101.83,6830292.31],
     [165063.59,6830295.87],
     [164968.1,6830274.39],
     [164870.15,6830266.42],
     [164797.07,6830272.22],
     [164687.12,6830270.22],
     [164658.03,6830262.85],
     [164457.49,6830270.3],
     [164267.39,6830243.4],
     [164021.58,6830242.16]
    ]
   },
   "properties": {
    "name": null,
    "kind": "stream",
    "source": "N50 Kartdata, Kartverket, CC BY 4.0"
   }
  },
  {
   "type": "Feature",
   "geometry": {
    "type": "LineString",
    "coordinates": [
     [165840.75,6842903.57],
     [165835.38,6842858.83],
     [165850.39,6842653.73],
     [165875.49,6842537.05],
     [165891.6,6842509.41],
     [165900.42,6842470.21],
     [165923.53,6842433.29],
     [165943.35,6842346.99],
     [165940.55,6842327.81],
     [165956.82,6842305.84],
     [165950.39,6842262.37],
     [165962.5,6842221.99],
     [165955.56,6842189.72],
     [165960.59,6842124.62],
     [165998.46,6842034.76],
     [165997.31,6841990.64],
     [165985.94,6841968.09],
     [166006.68,6841921.1],
     [166046.74,6841899.65],
     [166074.72,6841897.45],
     [166098.96,6841829.87],
     [166163.01,6841774.91]
    ]
   },
   "properties": {
    "name": null,
    "kind": "stream",
    "source": "N50 Kartdata, Kartverket, CC BY 4.0"
   }
  },
  {
   "type": "Feature",
   "geometry": {
    "type": "LineString",
    "coordinates": [
     [164584.89,6835258.75],
     [164711.68,6835270.62],
     [164802.7,6835229.61],
     [164880.68,6835211.03],
     [164931.9,6835174.81],
     [164987.12,6835162.64],
     [165025.09,6835136.83],
     [165087.04,6835134.4],
     [165163.79,6835151.62],
     [165255.23,6835101.74],
     [165263.37,6835088.57],
     [165253.24,6834997.33],
     [165308.35,6834904.86],
     [165306.26,6834891.28],
     [165282.15,6834868.62],
     [165279.44,6834851.51],
     [165301.81,6834786.28],
     [165287.26,6834734.42],
     [165305.86,6834695.32],
     [165305.29,6834632.32],
     [165316.93,6834615.91]
    ]
   },
   "properties": {
    "name": null,
    "kind": "stream",
    "source": "N50 Kartdata, Kartverket, CC BY 4.0"
   }
  },
  {
   "type": "Feature",
   "geometry": {
    "type": "LineString",
    "coordinates": [
     [175616.63,6843122.99],
     [175626.36,6843076.37],
     [175648.74,6843043.24],
     [175664.55,6843034.97],
     [175682.52,6843042.04],
     [175710.17,6843039.46],
     [175744.11,6843005.73],
     [175771.56,6842926.26],
     [175821.55,6842821.25],
     [175883.33,6842644.12],
     [175901.78,6842633.03],
     [175912.82,6842589.87],
     [176002.4,6842528.08],
     [176062.66,6842511.7],
     [176089.68,6842484.6],
     [176125.01,6842472.05],
     [176206.3,6842366.53],
     [176241.19,6842334.48],
     [176266.88,6842325.66],
     [176291.59,6842303.88],
     [176371.43,6842287.39],
     [176384.0,6842285.38]
    ]
   },
   "properties": {
    "name": null,
    "kind": "stream",
    "source": "N50 Kartdata, Kartverket, CC BY 4.0"
   }
  },
  {
   "type": "Feature",
   "geometry": {
    "type": "LineString",
    "coordinates": [
     [156017.37,6839867.94],
     [156057.07,6839923.85],
     [156081.22,6839943.18],
     [156125.56,6839942.38],
     [156134.67,6839948.43],
     [156190.98,6840025.21],
     [156201.96,6840054.94],
     [156225.72,6840075.28],
     [156266.41,6840132.07],
     [156280.3,6840215.75],
     [156327.7,6840307.28],
     [156353.8,6840333.66],
     [156373.32,6840389.37],
     [156389.86,6840476.12],
     [156428.18,6840539.59],
     [156452.74,6840640.54],
     [156500.54,6840709.5],
     [156502.15,6840801.36],
     [156519.48,6840908.09]
    ]
   },
   "properties": {
    "name": null,
    "kind": "stream",
    "source": "N50 Kartdata, Kartverket, CC BY 4.0"
   }
  },
  {
   "type": "Feature",
   "geometry": {
    "type": "LineString",
    "coordinates": [
     [174931.56,6830541.17],
     [174899.57,6830558.26],
     [174854.26,6830556.49],
     [174824.97,6830571.81],
     [174789.36,6830615.49],
     [174708.48,6830654.51],
     [174657.79,6830708.25],
     [174569.82,6830746.75],
     [174491.98,6830815.61],
     [174385.68,6830830.2],
     [174367.26,6830844.4],
     [174350.39,6830878.22],
     [174296.18,6830927.89],
     [174254.4,6830955.01],
     [174225.67,6830963.9],
     [174221.55,6830987.69],
     [174178.32,6831035.77],
     [174102.11,6831095.45],
     [174060.85,6831138.43],
     [173999.46,6831128.29],
     [173983.74,6831141.14],
     [173983.72,6831158.82],
     [173972.75,6831167.82]
    ]
   },
   "properties": {
    "name": null,
    "kind": "stream",
    "source": "N50 Kartdata, Kartverket, CC BY 4.0"
   }
  },
  {
   "type": "Feature",
   "geometry": {
    "type": "LineString",
    "coordinates": [
     [174847.21,6843110.37],
     [174896.05,6843069.48],
     [174919.83,6843065.19],
     [174926.41,6843052.6],
     [174961.94,6843031.23],
     [174978.03,6842968.63],
     [175017.31,6842941.86],
     [175026.14,6842915.18],
     [175089.2,6842906.72],
     [175109.38,6842883.57],
     [175115.15,6842861.9],
     [175133.35,6842847.64],
     [175202.32,6842843.13],
     [175246.62,6842811.23],
     [175276.92,6842700.66],
     [175330.64,6842666.34],
     [175334.5,6842653.58],
     [175365.69,6842639.01],
     [175378.63,6842607.71],
     [175402.36,6842598.43],
     [175416.73,6842568.45],
     [175436.69,6842558.43],
     [175454.41,6842519.99],
     [175482.74,6842512.33],
     [175523.37,6842485.82],
     [175532.04,6842453.85],
     [175565.91,6842423.23],
     [175586.71,6842380.77],
     [175606.7,6842356.66],
     [175643.19,6842332.47]
    ]
   },
   "properties": {
    "name": null,
    "kind": "stream",
    "source": "N50 Kartdata, Kartverket, CC BY 4.0"
   }
  },
  {
   "type": "Feature",
   "geometry": {
    "type": "LineString",
    "coordinates": [
     [170271.09,6838461.93],
     [170339.48,6838528.54],
     [170385.07,6838546.15],
     [170403.28,6838568.67],
     [170445.41,6838596.83],
     [170466.35,6838723.88],
     [170523.89,6838818.24],
     [170606.67,6838858.09],
     [170680.25,6838909.1],
     [170766.66,6839019.06],
     [170843.92,6839062.9],
     [170874.63,6839095.92],
     [170892.9,6839168.39],
     [170876.49,6839222.77],
     [170877.37,6839244.75],
     [170848.43,6839306.87],
     [170825.25,6839323.37],
     [170812.21,6839356.95]
    ]
   },
   "properties": {
    "name": null,
    "kind": "stream",
    "source": "N50 Kartdata, Kartverket, CC BY 4.0"
   }
  },
  {
   "type": "Feature",
   "geometry": {
    "type": "LineString",
    "coordinates": [
     [171936.39,6832077.78],
     [171966.72,6832053.4],
     [171954.14,6832020.22],
     [171995.61,6831970.69],
     [172061.98,6831968.41],
     [172089.38,6831955.95],
     [172111.02,6831933.01],
     [172101.83,6831897.54],
     [172115.69,6831873.57],
     [172112.26,6831838.85],
     [172069.99,6831759.1],
     [172074.45,6831718.94],
     [172026.02,6831623.09],
     [172024.5,6831590.34],
     [172063.81,6831453.96],
     [172064.93,6831395.49],
     [172093.45,6831293.69],
     [172156.14,6831198.45],
     [172174.34,6831145.92],
     [172212.66,6831074.19]
    ]
   },
   "properties": {
    "name": null,
    "kind": "stream",
    "source": "N50 Kartdata, Kartverket, CC BY 4.0"
   }
  },
  {
   "type": "Feature",
   "geometry": {
    "type": "LineString",
    "coordinates": [
     [167296.85,6827044.89],
     [167282.15,6827064.67],
     [167286.78,6827087.19],
     [167255.14,6827147.88],
     [167253.93,6827172.45],
     [167225.67,6827212.14],
     [167138.26,6827271.46],
     [167137.08,6827306.05],
     [167031.58,6827360.79],
     [167005.09,6827403.05],
     [167007.27,6827429.38],
     [167017.83,6827445.76],
     [167012.26,6827469.27],
     [166957.28,6827496.5],
     [166934.06,6827548.73],
     [166871.45,6827631.41],
     [166730.98,6827733.83],
     [166651.82,6827827.13],
     [166575.42,6827898.57]
    ]
   },
   "properties": {
    "name": null,
    "kind": "stream",
    "source": "N50 Kartdata, Kartverket, CC BY 4.0"
   }
  },
  {
   "type": "Feature",
   "geometry": {
    "type": "LineString",
    "coordinates": [
     [169880.08,6828644.53],
     [169880.41,6828610.21],
     [169898.43,6828572.86],
     [169968.21,6828576.83],
     [170028.54,6828567.16],
     [170066.38,6828590.56],
     [170095.92,6828587.71],
     [170131.6,6828537.83],
     [170202.39,6828500.85],
     [170316.75,6828482.01],
     [170384.78,6828443.67],
     [170421.8,6828432.03],
     [170512.55,6828434.41],
     [170577.07,6828424.57],
     [170613.03,6828398.47],
     [170645.07,6828341.4],
     [170726.38,6828279.39],
     [170757.3,6828238.26],
     [170803.77,6828134.05]
    ]
   },
   "properties": {
    "name": null,
    "kind": "stream",
    "source": "N50 Kartdata, Kartverket, CC BY 4.0"
   }
  },
  {
   "type": "Feature",
   "geometry": {
    "type": "LineString",
    "coordinates": [
     [170716.68,6838588.49],
     [170743.65,6838633.86],
     [170780.23,6838766.11],
     [170819.21,6838861.29],
     [170841.78,6838908.06],
     [170869.79,6838936.59],
     [170885.1,6838976.97],
     [170881.33,6839023.02],
     [170912.45,6839160.16],
     [170949.04,6839192.42],
     [170975.27,6839229.58],
     [170984.31,6839261.7],
     [171007.66,6839281.29],
     [171013.23,6839352.79],
     [171023.05,6839371.07],
     [171101.73,6839406.07],
     [171197.73,6839405.08],
     [171225.24,6839418.39],
     [171265.03,6839414.17],
     [171328.28,6839440.27]
    ]
   },
   "properties": {
    "name": null,
    "kind": "stream",
    "source": "N50 Kartdata, Kartverket, CC BY 4.0"
   }
  },
  {
   "type": "Feature",
   "geometry": {
    "type": "LineString",
    "coordinates": [
     [173204.34,6841868.59],
     [173178.98,6841833.35],
     [173145.94,6841807.63],
     [173113.65,6841749.99],
     [173098.66,6841678.08],
     [173109.11,6841646.33],
     [173087.67,6841591.59],
     [173099.49,6841548.64],
     [173093.82,6841498.02],
     [173122.43,6841425.91],
     [173113.25,6841385.03],
     [173123.81,6841356.42],
     [173116.98,6841345.17],
     [173113.58,6841272.97],
     [173098.61,6841231.42],
     [173107.8,6841224.16],
     [173102.57,6841167.3],
     [173140.25,6841090.62],
     [173143.3,6841031.82],
     [173188.02,6840979.3],
     [173193.78,6840932.56],
     [173207.4,6840903.2],
     [173199.82,6840852.5],
     [173229.22,6840779.15]
    ]
   },
   "properties": {
    "name": null,
    "kind": "stream",
    "source": "N50 Kartdata, Kartverket, CC BY 4.0"
   }
  },
  {
   "type": "Feature",
   "geometry": {
    "type": "LineString",
    "coordinates": [
     [173275.39,6828974.96],
     [173242.44,6828961.03],
     [173211.31,6828962.76],
     [173104.84,6828944.45],
     [173059.04,6828921.94],
     [172933.51,6828925.5],
     [172885.59,6828908.67],
     [172721.39,6828953.37],
     [172651.77,6828947.33],
     [172530.58,6828910.11],
     [172492.78,6828878.58],
     [172411.18,6828851.97],
     [172372.81,6828812.89],
     [172337.62,6828824.39],
     [172302.5,6828805.98],
     [172224.17,6828797.96],
     [172164.17,6828823.57]
    ]
   },
   "properties": {
    "name": null,
    "kind": "stream",
    "source": "N50 Kartdata, Kartverket, CC BY 4.0"
   }
  },
  {
   "type": "Feature",
   "geometry": {
    "type": "LineString",
    "coordinates": [
     [167478.14,6842475.86],
     [167458.33,6842407.19],
     [167403.32,6842324.23],
     [167387.36,6842280.48],
     [167327.33,6842244.87],
     [167325.74,6842214.29],
     [167339.05,6842178.94],
     [167335.24,6842136.8],
     [167343.75,6842112.51],
     [167341.93,6842084.08],
     [167327.43,6842030.41],
     [167251.22,6841925.47],
     [167259.9,6841877.27],
     [167255.52,6841817.24],
     [167205.01,6841702.89],
     [167201.48,6841678.01],
     [167212.4,6841657.23],
     [167208.04,6841627.73],
     [167176.98,6841594.28],
     [167150.44,6841457.22],
     [167157.72,6841420.02]
    ]
   },
   "properties": {
    "name": null,
    "kind": "stream",
    "source": "N50 Kartdata, Kartverket, CC BY 4.0"
   }
  },
  {
   "type": "Feature",
   "geometry": {
    "type": "LineString",
    "coordinates": [
     [169925.11,6830227.73],
     [169923.54,6830204.87],
     [169905.65,6830192.78],
     [169900.59,6830173.89],
     [169873.01,6830161.98],
     [169832.16,6830120.5],
     [169824.07,6830100.59],
     [169804.43,6830086.36],
     [169764.77,6830027.97],
     [169744.18,6829926.73],
     [169752.65,6829852.71],
     [169741.73,6829821.02],
     [169741.3,6829740.09],
     [169783.44,6829670.79],
     [169811.98,6829661.82],
     [169848.88,6829622.47],
     [169867.12,6829560.11],
     [169893.12,6829535.4],
     [169902.14,6829515.76],
     [169930.45,6829516.3],
     [169928.79,6829494.97],
     [169938.97,6829492.51],
     [169942.24,6829479.08],
     [169918.04,6829473.3],
     [169929.49,6829442.39],
     [169941.21,6829443.21],
     [169946.82,6829453.63],
     [169962.31,6829445.09],
     [169953.99,6829412.36],
     [169989.83,6829368.53],
     [169980.72,6829318.97]
    ]
   },
   "properties": {
    "name": null,
    "kind": "stream",
    "source": "N50 Kartdata, Kartverket, CC BY 4.0"
   }
  },
  {
   "type": "Feature",
   "geometry": {
    "type": "LineString",
    "coordinates": [
     [172089.0,6836065.06],
     [172105.73,6836022.07],
     [172140.9,6835996.57],
     [172151.33,6835965.14],
     [172173.37,6835956.02],
     [172184.77,6835937.57],
     [172243.95,6835929.91],
     [172261.24,6835908.95],
     [172262.01,6835877.41],
     [172235.59,6835839.05],
     [172248.38,6835807.9],
     [172263.73,6835792.17],
     [172255.3,6835767.69],
     [172257.01,6835710.51],
     [172270.32,6835681.18],
     [172299.8,6835658.61],
     [172332.03,6835603.47],
     [172359.5,6835580.8],
     [172396.79,6835568.78],
     [172436.83,6835522.01],
     [172428.27,6835474.0],
     [172435.35,6835426.88],
     [172531.19,6835415.87],
     [172539.12,6835396.8],
     [172622.63,6835376.09],
     [172657.68,6835355.24],
     [172680.84,6835329.07],
     [172711.62,6835319.93]
    ]
   },
   "properties": {
    "name": null,
    "kind": "stream",
    "source": "N50 Kartdata, Kartverket, CC BY 4.0"
   }
  },
  {
   "type": "Feature",
   "geometry": {
    "type": "LineString",
    "coordinates": [
     [174015.22,6831619.61],
     [174015.09,6831646.08],
     [173998.26,6831678.37],
     [173994.95,6831712.05],
     [174003.59,6831774.9],
     [174033.14,6831832.53],
     [174007.82,6831909.76],
     [174031.21,6831976.1],
     [174011.97,6832026.87],
     [174030.58,6832072.57],
     [174033.54,6832107.76],
     [174027.17,6832122.24],
     [174036.38,6832133.91],
     [174038.32,6832155.64],
     [174016.37,6832184.92],
     [174016.62,6832239.62],
     [174028.25,6832281.71],
     [174015.67,6832317.81],
     [174013.15,6832368.35],
     [174047.18,6832493.59],
     [174078.87,6832536.9],
     [174084.95,6832568.41],
     [174081.15,6832662.02],
     [174063.46,6832687.81]
    ]
   },
   "properties": {
    "name": null,
    "kind": "stream",
    "source": "N50 Kartdata, Kartverket, CC BY 4.0"
   }
  },
  {
   "type": "Feature",
   "geometry": {
    "type": "LineString",
    "coordinates": [
     [162379.51,6840165.47],
     [162475.04,6840124.52],
     [162504.61,6840086.65],
     [162652.4,6839997.85],
     [162753.58,6839919.66],
     [162819.88,6839907.69],
     [162855.01,6839882.71],
     [162885.39,6839848.33],
     [162952.11,6839806.36],
     [162992.02,6839792.18],
     [163036.19,6839751.23],
     [163071.41,6839743.24],
     [163100.32,6839722.48],
     [163166.21,6839725.74],
     [163197.22,6839714.43],
     [163253.79,6839661.09],
     [163261.08,6839618.11],
     [163285.92,6839582.27]
    ]
   },
   "properties": {
    "name": null,
    "kind": "stream",
    "source": "N50 Kartdata, Kartverket, CC BY 4.0"
   }
  },
  {
   "type": "Feature",
   "geometry": {
    "type": "LineString",
    "coordinates": [
     [165332.12,6832381.13],
     [165167.46,6832391.79],
     [165152.7,6832402.33],
     [165065.93,6832424.22],
     [164942.16,6832437.37],
     [164917.98,6832432.45],
     [164843.18,6832445.62],
     [164820.13,6832433.84],
     [164785.96,6832435.15],
     [164697.93,6832395.25],
     [164644.41,6832384.18],
     [164551.75,6832391.86],
     [164465.36,6832368.19],
     [164398.66,6832375.4],
     [164334.84,6832369.93],
     [164257.62,6832321.06]
    ]
   },
   "properties": {
    "name": null,
    "kind": "stream",
    "source": "N50 Kartdata, Kartverket, CC BY 4.0"
   }
  },
  {
   "type": "Feature",
   "geometry": {
    "type": "LineString",
    "coordinates": [
     [163256.64,6832227.01],
     [163230.64,6832182.88],
     [163201.47,6832160.8],
     [163127.94,6832125.99],
     [163083.01,6832121.96],
     [163033.05,6832078.02],
     [162990.7,6831996.37],
     [162990.67,6831973.67],
     [163003.0,6831949.73],
     [162981.82,6831909.85],
     [162971.39,6831869.36],
     [162947.9,6831834.02],
     [162949.61,6831812.61],
     [162902.93,6831782.01],
     [162865.06,6831743.23],
     [162809.35,6831709.77],
     [162780.46,6831677.8],
     [162762.98,6831624.51],
     [162676.97,6831531.59],
     [162604.46,6831500.0],
     [162590.81,6831482.94],
     [162585.91,6831448.05]
    ]
   },
   "properties": {
    "name": null,
    "kind": "stream",
    "source": "N50 Kartdata, Kartverket, CC BY 4.0"
   }
  },
  {
   "type": "Feature",
   "geometry": {
    "type": "LineString",
    "coordinates": [
     [156821.31,6836623.23],
     [156757.59,6836593.9],
     [156713.56,6836559.89],
     [156638.88,6836526.79],
     [156614.61,6836507.34],
     [156573.54,6836498.29],
     [156539.53,6836479.58],
     [156489.61,6836436.44],
     [156458.99,6836357.73],
     [156368.62,6836284.62],
     [156272.85,6836267.06],
     [156193.1,6836239.23],
     [155930.42,6836129.89],
     [155915.88,6836105.42],
     [155904.0,6836100.22]
    ]
   },
   "properties": {
    "name": null,
    "kind": "stream",
    "source": "N50 Kartdata, Kartverket, CC BY 4.0"
   }
  },
  {
   "type": "Feature",
   "geometry": {
    "type": "LineString",
    "coordinates": [
     [162765.23,6840632.26],
     [162854.5,6840544.74],
     [162926.0,6840491.22],
     [163000.83,6840409.67],
     [163190.83,6840244.28],
     [163243.01,6840191.69],
     [163283.64,6840124.63],
     [163319.47,6840089.26],
     [163354.16,6840075.11],
     [163418.2,6840021.15],
     [163456.77,6840009.09],
     [163516.71,6840011.25],
     [163574.73,6840060.86],
     [163584.1,6840061.28]
    ]
   },
   "properties": {
    "name": null,
    "kind": "stream",
    "source": "N50 Kartdata, Kartverket, CC BY 4.0"
   }
  },
  {
   "type": "Feature",
   "geometry": {
    "type": "LineString",
    "coordinates": [
     [168715.48,6842888.31],
     [168703.79,6842763.4],
     [168675.28,6842701.25],
     [168658.88,6842617.96],
     [168629.53,6842310.68],
     [168512.86,6842027.39],
     [168423.76,6841858.36]
    ]
   },
   "properties": {
    "name": null,
    "kind": "stream",
    "source": "N50 Kartdata, Kartverket, CC BY 4.0"
   }
  },
  {
   "type": "Feature",
   "geometry": {
    "type": "LineString",
    "coordinates": [
     [163610.98,6832523.07],
     [163646.94,6832470.52],
     [163648.82,6832411.42],
     [163681.96,6832364.36],
     [163680.37,6832349.23],
     [163660.42,6832326.85],
     [163610.84,6832293.49],
     [163597.49,6832276.18],
     [163596.67,6832262.54],
     [163611.6,6832244.58],
     [163617.85,6832219.82],
     [163609.73,6832064.58],
     [163666.35,6831954.78],
     [163679.56,6831821.67],
     [163771.75,6831735.0],
     [163786.58,6831702.42],
     [163811.44,6831602.09],
     [163810.72,6831579.6]
    ]
   },
   "properties": {
    "name": null,
    "kind": "stream",
    "source": "N50 Kartdata, Kartverket, CC BY 4.0"
   }
  },
  {
   "type": "Feature",
   "geometry": {
    "type": "LineString",
    "coordinates": [
     [169142.62,6829716.53],
     [169173.74,6829691.34],
     [169188.15,6829665.48],
     [169183.92,6829542.65],
     [169234.49,6829498.51],
     [169271.93,6829421.4],
     [169270.77,6829379.14],
     [169261.04,6829368.06],
     [169278.83,6829342.85],
     [169282.76,6829298.1],
     [169266.32,6829271.96],
     [169274.62,6829246.89],
     [169271.91,6829224.93],
     [169246.31,6829178.04],
     [169243.35,6829129.22],
     [169229.89,6829108.74],
     [169251.54,6829064.25],
     [169243.85,6829019.13],
     [169259.14,6828993.52],
     [169257.0,6828958.58],
     [169297.7,6828881.59],
     [169334.35,6828846.0],
     [169359.14,6828799.85],
     [169382.49,6828780.08]
    ]
   },
   "properties": {
    "name": null,
    "kind": "stream",
    "source": "N50 Kartdata, Kartverket, CC BY 4.0"
   }
  },
  {
   "type": "Feature",
   "geometry": {
    "type": "LineString",
    "coordinates": [
     [170874.49,6839434.7],
     [170911.57,6839419.55],
     [170952.5,6839416.64],
     [170964.32,6839405.71],
     [170993.98,6839410.6],
     [171014.89,6839398.49],
     [171032.05,6839406.68],
     [171035.56,6839420.14],
     [171092.75,6839451.12],
     [171104.31,6839467.95],
     [171109.31,6839509.36],
     [171122.7,6839523.41],
     [171175.76,6839518.43],
     [171195.48,6839527.82],
     [171218.19,6839513.76],
     [171273.74,6839546.78],
     [171299.51,6839589.83],
     [171285.58,6839601.3],
     [171296.13,6839640.42],
     [171285.85,6839655.06],
     [171285.76,6839691.79],
     [171294.54,6839722.77],
     [171313.84,6839746.73],
     [171321.0,6839782.45],
     [171373.19,6839822.67],
     [171400.6,6839854.24],
     [171451.21,6839979.53],
     [171506.81,6839999.42]
    ]
   },
   "properties": {
    "name": null,
    "kind": "stream",
    "source": "N50 Kartdata, Kartverket, CC BY 4.0"
   }
  },
  {
   "type": "Feature",
   "geometry": {
    "type": "LineString",
    "coordinates": [
     [156673.16,6840580.04],
     [156605.17,6840505.37],
     [156583.59,6840421.94],
     [156543.87,6840346.13],
     [156512.33,6840318.66],
     [156475.05,6840266.95],
     [156474.03,6840255.09],
     [156490.64,6840242.55],
     [156490.12,6840232.05],
     [156449.32,6840185.36],
     [156416.35,6840117.75],
     [156367.99,6840099.39],
     [156317.55,6840057.04],
     [156284.48,6840042.86],
     [156273.21,6840029.85],
     [156277.13,6839998.56],
     [156262.44,6839981.18],
     [156187.81,6839965.45],
     [156106.0,6839895.72],
     [156047.99,6839871.01],
     [156017.37,6839867.94]
    ]
   },
   "properties": {
    "name": null,
    "kind": "stream",
    "source": "N50 Kartdata, Kartverket, CC BY 4.0"
   }
  },
  {
   "type": "Feature",
   "geometry": {
    "type": "LineString",
    "coordinates": [
     [167818.59,6830667.81],
     [167765.08,6830634.0],
     [167727.68,6830578.22],
     [167719.35,6830525.52],
     [167676.58,6830489.37],
     [167683.56,6830447.72],
     [167654.84,6830402.3],
     [167654.08,6830351.51],
     [167665.57,6830329.5],
     [167656.47,6830296.58],
     [167565.44,6830222.26],
     [167534.0,6830178.45],
     [167505.12,6830158.81],
     [167391.51,6830110.71],
     [167353.83,6830120.53],
     [167318.26,6830108.39],
     [167255.57,6830054.27],
     [167208.19,6830037.65],
     [167150.73,6830000.54]
    ]
   },
   "properties": {
    "name": null,
    "kind": "stream",
    "source": "N50 Kartdata, Kartverket, CC BY 4.0"
   }
  },
  {
   "type": "Feature",
   "geometry": {
    "type": "LineString",
    "coordinates": [
     [173863.49,6832733.88],
     [173930.5,6832833.48],
     [173934.92,6832865.93],
     [173920.15,6832902.95],
     [173932.0,6832953.57],
     [173927.68,6833025.46],
     [173898.13,6833049.81],
     [173884.64,6833092.4],
     [173885.76,6833137.84],
     [173899.96,6833200.07],
     [173892.25,6833218.05],
     [173909.16,6833261.19],
     [173892.09,6833288.03],
     [173899.32,6833309.64],
     [173889.82,6833326.55],
     [173905.41,6833363.84],
     [173900.41,6833398.01],
     [173911.33,6833433.03],
     [173885.97,6833474.23],
     [173814.35,6833501.45],
     [173803.76,6833540.83],
     [173750.76,6833560.51],
     [173706.5,6833614.88]
    ]
   },
   "properties": {
    "name": null,
    "kind": "stream",
    "source": "N50 Kartdata, Kartverket, CC BY 4.0"
   }
  },
  {
   "type": "Feature",
   "geometry": {
    "type": "LineString",
    "coordinates": [
     [173164.27,6831275.38],
     [173139.8,6831305.35],
     [173092.07,6831321.55],
     [173038.05,6831361.57],
     [173026.82,6831389.12],
     [173003.15,6831412.82],
     [172983.46,6831464.93],
     [172978.39,6831543.42],
     [172892.77,6831629.38],
     [172876.08,6831671.04],
     [172881.31,6831702.22],
     [172874.5,6831723.95],
     [172841.21,6831790.72],
     [172814.48,6831822.68],
     [172749.13,6831868.44],
     [172676.53,6831843.78],
     [172623.97,6831849.38],
     [172609.39,6831856.0],
     [172595.58,6831878.64],
     [172571.42,6831882.55],
     [172488.07,6831866.06]
    ]
   },
   "properties": {
    "name": null,
    "kind": "stream",
    "source": "N50 Kartdata, Kartverket, CC BY 4.0"
   }
  },
  {
   "type": "Feature",
   "geometry": {
    "type": "LineString",
    "coordinates": [
     [169964.26,6829051.41],
     [169964.44,6829034.32],
     [169985.89,6828986.93],
     [170004.82,6828970.01],
     [170073.74,6828943.54],
     [170109.51,6828938.13],
     [170205.85,6828893.41],
     [170236.79,6828871.19],
     [170306.18,6828883.08],
     [170360.86,6828875.85],
     [170432.92,6828832.54],
     [170485.71,6828820.02],
     [170558.15,6828767.86],
     [170601.2,6828751.71],
     [170624.21,6828733.53],
     [170667.4,6828722.39],
     [170742.41,6828659.06],
     [170754.43,6828618.42],
     [170790.44,6828554.2]
    ]
   },
   "properties": {
    "name": null,
    "kind": "stream",
    "source": "N50 Kartdata, Kartverket, CC BY 4.0"
   }
  },
  {
   "type": "Feature",
   "geometry": {
    "type": "LineString",
    "coordinates": [
     [171766.34,6834274.0],
     [171794.07,6834294.19],
     [171890.14,6834332.8],
     [171967.46,6834334.14],
     [172012.77,6834348.56],
     [172078.3,6834376.32],
     [172114.02,6834410.6],
     [172176.91,6834446.03],
     [172241.1,6834439.16],
     [172265.57,6834448.25],
     [172308.18,6834443.37],
     [172339.78,6834463.4],
     [172412.68,6834478.08],
     [172448.96,6834513.28],
     [172454.81,6834547.85],
     [172525.77,6834639.41],
     [172545.49,6834692.05],
     [172597.39,6834694.93]
    ]
   },
   "properties": {
    "name": null,
    "kind": "stream",
    "source": "N50 Kartdata, Kartverket, CC BY 4.0"
   }
  },
  {
   "type": "Feature",
   "geometry": {
    "type": "LineString",
    "coordinates": [
     [170075.85,6829920.55],
     [170126.95,6829873.57],
     [170129.27,6829852.95],
     [170146.95,6829827.97],
     [170145.45,6829776.55],
     [170164.74,6829719.84],
     [170212.37,6829718.72],
     [170258.59,6829699.5],
     [170304.53,6829649.03],
     [170362.81,6829606.92],
     [170387.75,6829576.14],
     [170513.04,6829524.95],
     [170630.39,6829457.88],
     [170724.2,6829385.91],
     [170786.64,6829356.36],
     [170825.25,6829347.38]
    ]
   },
   "properties": {
    "name": null,
    "kind": "stream",
    "source": "N50 Kartdata, Kartverket, CC BY 4.0"
   }
  },
  {
   "type": "Feature",
   "geometry": {
    "type": "LineString",
    "coordinates": [
     [171586.65,6831957.67],
     [171569.86,6831937.13],
     [171560.67,6831872.27],
     [171574.92,6831846.09],
     [171583.78,6831795.71],
     [171618.58,6831740.99],
     [171659.58,6831698.59],
     [171674.3,6831596.41],
     [171688.5,6831574.48],
     [171731.08,6831546.83],
     [171733.9,6831505.38],
     [171756.44,6831457.15],
     [171808.86,6831412.74],
     [171823.72,6831380.11],
     [171900.98,6831272.28],
     [171931.74,6831169.43],
     [171957.67,6831125.33],
     [171967.41,6831088.07]
    ]
   },
   "properties": {
    "name": "Brurskardbekken",
    "kind": "stream",
    "source": "N50 Kartdata, Kartverket, CC BY 4.0"
   }
  },
  {
   "type": "Feature",
   "geometry": {
    "type": "LineString",
    "coordinates": [
     [163678.58,6841544.8],
     [163787.63,6841466.09],
     [163838.54,6841386.59],
     [163925.45,6841304.42],
     [163957.68,6841232.15],
     [163982.82,6841223.48],
     [164013.22,6841198.36],
     [164039.21,6841153.98],
     [164075.16,6841129.65],
     [164126.45,6841077.48],
     [164189.82,6840994.89],
     [164196.96,6840967.12],
     [164260.94,6840875.94],
     [164272.12,6840845.7],
     [164322.52,6840801.8]
    ]
   },
   "properties": {
    "name": null,
    "kind": "stream",
    "source": "N50 Kartdata, Kartverket, CC BY 4.0"
   }
  },
  {
   "type": "Feature",
   "geometry": {
    "type": "LineString",
    "coordinates": [
     [173291.52,6838670.59],
     [173311.4,6838703.8],
     [173344.73,6838800.82],
     [173354.91,6838877.81],
     [173324.36,6838966.88],
     [173327.14,6839003.2],
     [173313.18,6839024.36],
     [173292.58,6839037.95],
     [173302.63,6839092.27],
     [173259.69,6839235.68],
     [173259.21,6839272.75],
     [173243.7,6839293.67],
     [173231.79,6839331.64],
     [173221.11,6839336.77],
     [173189.37,6839394.73],
     [173189.81,6839450.09],
     [173157.98,6839515.48],
     [173125.1,6839540.34],
     [173116.2,6839587.49]
    ]
   },
   "properties": {
    "name": null,
    "kind": "stream",
    "source": "N50 Kartdata, Kartverket, CC BY 4.0"
   }
  },
  {
   "type": "Feature",
   "geometry": {
    "type": "LineString",
    "coordinates": [
     [167651.37,6828992.34],
     [167630.45,6828980.67],
     [167501.15,6829003.29],
     [167438.12,6828989.95],
     [167404.46,6828992.42],
     [167362.44,6828975.35],
     [167245.54,6828985.95],
     [167058.63,6828936.61],
     [166927.84,6828939.71],
     [166672.01,6828909.56]
    ]
   },
   "properties": {
    "name": null,
    "kind": "stream",
    "source": "N50 Kartdata, Kartverket, CC BY 4.0"
   }
  },
  {
   "type": "Feature",
   "geometry": {
    "type": "LineString",
    "coordinates": [
     [160790.94,6837156.49],
     [160813.18,6837151.09],
     [160880.28,6837102.63],
     [160926.32,6837088.18],
     [160965.88,6837086.47],
     [161083.2,6837101.94],
     [161180.95,6837211.62],
     [161190.79,6837279.47],
     [161256.68,6837329.14],
     [161289.64,6837336.86],
     [161321.46,6837326.41],
     [161360.58,6837340.89],
     [161381.5,6837382.5],
     [161412.17,6837406.22],
     [161460.18,6837425.44],
     [161477.81,6837472.51],
     [161476.23,6837512.23],
     [161496.99,6837528.31]
    ]
   },
   "properties": {
    "name": null,
    "kind": "stream",
    "source": "N50 Kartdata, Kartverket, CC BY 4.0"
   }
  },
  {
   "type": "Feature",
   "geometry": {
    "type": "LineString",
    "coordinates": [
     [164370.36,6835928.94],
     [164397.58,6835764.47],
     [164396.45,6835662.88],
     [164381.96,6835616.28],
     [164332.08,6835502.24],
     [164227.29,6835411.76],
     [164128.21,6835284.98],
     [164115.47,6835196.45],
     [164091.45,6835138.7],
     [164078.3,6835063.83]
    ]
   },
   "properties": {
    "name": null,
    "kind": "stream",
    "source": "N50 Kartdata, Kartverket, CC BY 4.0"
   }
  },
  {
   "type": "Feature",
   "geometry": {
    "type": "LineString",
    "coordinates": [
     [176218.38,6836148.39],
     [176190.58,6836126.18],
     [176163.8,6836131.71],
     [176009.79,6836106.02],
     [175968.01,6836137.8],
     [175944.17,6836181.31],
     [175933.42,6836234.73],
     [175884.45,6836260.58],
     [175864.37,6836290.07],
     [175854.54,6836322.55],
     [175822.29,6836363.08],
     [175816.9,6836385.98],
     [175794.44,6836418.85],
     [175785.86,6836457.67],
     [175745.18,6836499.25],
     [175735.27,6836522.51],
     [175741.38,6836613.03],
     [175762.76,6836638.77],
     [175766.67,6836661.7],
     [175765.69,6836739.92]
    ]
   },
   "properties": {
    "name": null,
    "kind": "stream",
    "source": "N50 Kartdata, Kartverket, CC BY 4.0"
   }
  },
  {
   "type": "Feature",
   "geometry": {
    "type": "LineString",
    "coordinates": [
     [172119.18,6830609.05],
     [172098.53,6830541.19],
     [172086.27,6830449.88],
     [172093.79,6830417.24],
     [172086.23,6830353.58],
     [172094.41,6830322.4],
     [172086.28,6830223.44],
     [172100.54,6830193.97],
     [172106.17,6830147.31],
     [172100.19,6830056.86],
     [172133.27,6829928.35],
     [172124.64,6829872.04],
     [172138.95,6829853.29],
     [172141.82,6829795.22],
     [172151.29,6829778.68],
     [172146.86,6829742.41],
     [172174.95,6829707.27],
     [172177.24,6829680.73]
    ]
   },
   "properties": {
    "name": null,
    "kind": "stream",
    "source": "N50 Kartdata, Kartverket, CC BY 4.0"
   }
  },
  {
   "type": "Feature",
   "geometry": {
    "type": "LineString",
    "coordinates": [
     [162137.45,6839664.66],
     [162236.88,6839623.43],
     [162320.7,6839618.36],
     [162375.06,6839589.58],
     [162494.21,6839573.32],
     [162574.36,6839549.12],
     [162630.38,6839525.97],
     [162653.21,6839500.3],
     [162717.08,6839464.78],
     [162748.09,6839465.43],
     [162778.26,6839445.46],
     [162829.33,6839388.88],
     [162945.32,6839241.2]
    ]
   },
   "properties": {
    "name": null,
    "kind": "stream",
    "source": "N50 Kartdata, Kartverket, CC BY 4.0"
   }
  },
  {
   "type": "Feature",
   "geometry": {
    "type": "LineString",
    "coordinates": [
     [175825.29,6828085.3],
     [175851.42,6827987.69],
     [175921.15,6827888.26],
     [175936.13,6827845.36],
     [175969.32,6827812.57],
     [175999.86,6827750.72],
     [176036.49,6827718.57],
     [176046.96,6827690.93],
     [176101.97,6827624.73],
     [176185.64,6827531.01],
     [176207.4,6827518.91],
     [176230.83,6827477.07],
     [176236.08,6827450.41],
     [176284.55,6827385.33],
     [176317.7,6827294.08]
    ]
   },
   "properties": {
    "name": null,
    "kind": "stream",
    "source": "N50 Kartdata, Kartverket, CC BY 4.0"
   }
  },
  {
   "type": "Feature",
   "geometry": {
    "type": "LineString",
    "coordinates": [
     [163048.02,6836118.88],
     [162989.36,6836122.03],
     [162910.5,6836148.13],
     [162716.83,6836169.11],
     [162678.84,6836185.82],
     [162628.81,6836226.63],
     [162566.5,6836250.54],
     [162509.27,6836290.59],
     [162457.2,6836360.71],
     [162424.23,6836442.38],
     [162370.91,6836495.64],
     [162366.25,6836514.7],
     [162373.24,6836555.92],
     [162405.68,6836605.79]
    ]
   },
   "properties": {
    "name": null,
    "kind": "stream",
    "source": "N50 Kartdata, Kartverket, CC BY 4.0"
   }
  },
  {
   "type": "Feature",
   "geometry": {
    "type": "LineString",
    "coordinates": [
     [170478.69,6841516.32],
     [170452.56,6841462.57],
     [170421.45,6841433.26],
     [170404.16,6841390.91],
     [170315.48,6841268.97],
     [170191.62,6841168.85],
     [170161.75,6841067.34],
     [170162.78,6841044.7],
     [170143.79,6841009.63],
     [170135.67,6840971.35],
     [170126.73,6840961.07],
     [170088.02,6840961.66],
     [170047.68,6840903.45],
     [170056.19,6840863.47],
     [170040.71,6840832.87],
     [170040.23,6840782.53],
     [170021.83,6840752.35]
    ]
   },
   "properties": {
    "name": null,
    "kind": "stream",
    "source": "N50 Kartdata, Kartverket, CC BY 4.0"
   }
  },
  {
   "type": "Feature",
   "geometry": {
    "type": "LineString",
    "coordinates": [
     [174295.84,6832525.09],
     [174246.6,6832601.37],
     [174243.1,6832649.51],
     [174269.11,6832680.11],
     [174266.37,6832721.31],
     [174275.92,6832733.17],
     [174279.43,6832793.14],
     [174290.05,6832825.31],
     [174255.44,6832887.18],
     [174254.71,6832921.47],
     [174272.1,6833016.65],
     [174267.03,6833043.58],
     [174293.17,6833078.71],
     [174307.3,6833131.28],
     [174325.38,6833145.99],
     [174335.63,6833174.3],
     [174334.78,6833219.74],
     [174323.38,6833240.89],
     [174326.74,6833264.19],
     [174347.47,6833291.95],
     [174451.26,6833312.06]
    ]
   },
   "properties": {
    "name": null,
    "kind": "stream",
    "source": "N50 Kartdata, Kartverket, CC BY 4.0"
   }
  },
  {
   "type": "Feature",
   "geometry": {
    "type": "LineString",
    "coordinates": [
     [166947.45,6842424.5],
     [166963.82,6842394.43],
     [166982.81,6842378.61],
     [166992.0,6842346.48],
     [167038.81,6842288.99],
     [167050.95,6842261.15],
     [167033.94,6842087.23],
     [167006.9,6842062.24],
     [167013.68,6842044.14],
     [167006.42,6842021.9],
     [167012.44,6841990.95],
     [167000.49,6841876.71],
     [166957.54,6841816.11],
     [167007.57,6841748.93],
     [167023.06,6841708.22],
     [166999.16,6841677.74],
     [166988.14,6841630.96],
     [166950.0,6841599.56]
    ]
   },
   "properties": {
    "name": null,
    "kind": "stream",
    "source": "N50 Kartdata, Kartverket, CC BY 4.0"
   }
  },
  {
   "type": "Feature",
   "geometry": {
    "type": "LineString",
    "coordinates": [
     [161488.83,6838862.05],
     [161503.87,6838799.78],
     [161553.4,6838726.26],
     [161626.87,6838626.46],
     [161665.59,6838589.88],
     [161694.1,6838536.21],
     [161750.89,6838486.07],
     [161859.56,6838345.41],
     [162004.42,6838203.76],
     [162035.15,6838185.23],
     [162085.62,6838180.86]
    ]
   },
   "properties": {
    "name": null,
    "kind": "stream",
    "source": "N50 Kartdata, Kartverket, CC BY 4.0"
   }
  },
  {
   "type": "Feature",
   "geometry": {
    "type": "LineString",
    "coordinates": [
     [170256.45,6837958.12],
     [170280.05,6837953.2],
     [170295.44,6837908.16],
     [170347.27,6837880.61],
     [170370.85,6837852.69],
     [170420.42,6837821.95],
     [170475.62,6837769.62],
     [170499.91,6837724.73],
     [170522.0,6837702.51],
     [170542.45,6837562.06],
     [170565.3,6837508.46],
     [170562.01,6837489.71],
     [170538.15,6837462.52],
     [170515.85,6837415.92],
     [170518.87,6837380.65],
     [170546.4,6837360.09],
     [170559.49,6837309.46],
     [170573.61,6837289.96],
     [170574.87,6837237.24],
     [170590.47,6837200.6]
    ]
   },
   "properties": {
    "name": null,
    "kind": "stream",
    "source": "N50 Kartdata, Kartverket, CC BY 4.0"
   }
  },
  {
   "type": "Feature",
   "geometry": {
    "type": "LineString",
    "coordinates": [
     [171364.04,6842444.02],
     [171434.99,6842360.7],
     [171464.5,6842309.01],
     [171561.07,6842247.27],
     [171585.22,6842244.73],
     [171609.8,6842259.0],
     [171629.91,6842259.85],
     [171669.63,6842227.66],
     [171713.85,6842207.2],
     [171771.46,6842200.3],
     [171888.84,6842238.37],
     [171936.78,6842244.89],
     [171964.66,6842242.02],
     [172012.58,6842217.7],
     [172127.55,6842207.7],
     [172167.52,6842213.9]
    ]
   },
   "properties": {
    "name": null,
    "kind": "stream",
    "source": "N50 Kartdata, Kartverket, CC BY 4.0"
   }
  },
  {
   "type": "Feature",
   "geometry": {
    "type": "LineString",
    "coordinates": [
     [173392.69,6831856.89],
     [173317.58,6831917.52],
     [173280.06,6831933.04],
     [173242.88,6831967.6],
     [173212.73,6831983.03],
     [173182.26,6832022.8],
     [173156.31,6832028.28],
     [173100.02,6832082.62],
     [173052.1,6832095.96],
     [172976.95,6832134.01],
     [172952.02,6832131.38],
     [172913.67,6832170.47],
     [172883.07,6832230.0],
     [172854.93,6832236.39],
     [172824.87,6832261.19],
     [172790.05,6832275.34],
     [172713.57,6832333.98],
     [172678.05,6832375.91]
    ]
   },
   "properties": {
    "name": "Mola",
    "kind": "stream",
    "source": "N50 Kartdata, Kartverket, CC BY 4.0"
   }
  },
  {
   "type": "Feature",
   "geometry": {
    "type": "LineString",
    "coordinates": [
     [163535.28,6834325.67],
     [163469.49,6834372.4],
     [163380.69,6834476.21],
     [163307.91,6834534.98],
     [163232.37,6834564.12],
     [163155.83,6834551.68],
     [162996.05,6834579.32],
     [162958.2,6834652.24],
     [162945.56,6834724.44],
     [162948.33,6834801.5],
     [162937.47,6834846.73]
    ]
   },
   "properties": {
    "name": null,
    "kind": "stream",
    "source": "N50 Kartdata, Kartverket, CC BY 4.0"
   }
  },
  {
   "type": "Feature",
   "geometry": {
    "type": "LineString",
    "coordinates": [
     [174665.24,6829567.56],
     [174656.44,6829593.37],
     [174658.37,6829653.9],
     [174642.0,6829759.38],
     [174620.65,6829783.18],
     [174621.57,6829801.75],
     [174599.08,6829860.06],
     [174575.58,6829884.44],
     [174489.97,6830038.65],
     [174464.99,6830112.72],
     [174460.84,6830219.04],
     [174419.62,6830291.9],
     [174419.68,6830311.4],
     [174407.84,6830335.22],
     [174384.97,6830352.88],
     [174380.61,6830369.59],
     [174355.72,6830384.81]
    ]
   },
   "properties": {
    "name": null,
    "kind": "stream",
    "source": "N50 Kartdata, Kartverket, CC BY 4.0"
   }
  },
  {
   "type": "Feature",
   "geometry": {
    "type": "LineString",
    "coordinates": [
     [175057.9,6839674.19],
     [175086.82,6839736.88],
     [175126.05,6839780.52],
     [175176.49,6839869.38],
     [175208.36,6840010.2],
     [175289.33,6840263.18],
     [175287.22,6840316.68],
     [175310.4,6840480.44],
     [175291.06,6840524.33]
    ]
   },
   "properties": {
    "name": null,
    "kind": "stream",
    "source": "N50 Kartdata, Kartverket, CC BY 4.0"
   }
  },
  {
   "type": "Feature",
   "geometry": {
    "type": "LineString",
    "coordinates": [
     [173220.69,6832396.71],
     [173329.26,6832469.47],
     [173343.26,6832522.03],
     [173356.46,6832540.79],
     [173362.39,6832584.39],
     [173387.91,6832617.14],
     [173376.44,6832642.69],
     [173386.41,6832674.37],
     [173376.02,6832701.85],
     [173417.03,6832762.0],
     [173418.9,6832776.59],
     [173406.41,6832794.33],
     [173414.11,6832846.19],
     [173398.84,6832880.75],
     [173416.36,6832916.99],
     [173412.91,6832957.34],
     [173473.96,6833014.62],
     [173490.58,6833046.57],
     [173487.9,6833072.67],
     [173500.5,6833118.43],
     [173493.79,6833132.46],
     [173495.3,6833165.2]
    ]
   },
   "properties": {
    "name": null,
    "kind": "stream",
    "source": "N50 Kartdata, Kartverket, CC BY 4.0"
   }
  },
  {
   "type": "Feature",
   "geometry": {
    "type": "LineString",
    "coordinates": [
     [172135.27,6843019.55],
     [172145.13,6842990.04],
     [172189.35,6842955.17],
     [172207.57,6842930.71],
     [172248.19,6842839.35],
     [172243.48,6842804.81],
     [172227.3,6842773.49],
     [172238.17,6842717.02],
     [172235.93,6842679.8],
     [172250.3,6842633.76],
     [172258.97,6842557.74],
     [172297.21,6842487.88],
     [172316.98,6842252.57],
     [172336.53,6842172.39]
    ]
   },
   "properties": {
    "name": null,
    "kind": "stream",
    "source": "N50 Kartdata, Kartverket, CC BY 4.0"
   }
  },
  {
   "type": "Feature",
   "geometry": {
    "type": "LineString",
    "coordinates": [
     [169579.78,6841993.39],
     [169538.29,6841908.67],
     [169494.25,6841787.65],
     [169451.89,6841648.78],
     [169439.31,6841578.62],
     [169441.58,6841535.35],
     [169426.12,6841507.53],
     [169426.37,6841460.62],
     [169433.1,6841446.23],
     [169426.15,6841416.15],
     [169454.69,6841366.13],
     [169458.47,6841317.94],
     [169446.75,6841284.2],
     [169452.06,6841243.54],
     [169437.54,6841215.33],
     [169416.54,6841196.95],
     [169416.08,6841187.76],
     [169438.72,6841166.1],
     [169439.38,6841152.69]
    ]
   },
   "properties": {
    "name": null,
    "kind": "stream",
    "source": "N50 Kartdata, Kartverket, CC BY 4.0"
   }
  },
  {
   "type": "Feature",
   "geometry": {
    "type": "LineString",
    "coordinates": [
     [156734.67,6833659.17],
     [156770.22,6833654.92],
     [156862.96,6833676.06],
     [156892.55,6833676.09],
     [156927.76,6833654.74],
     [156956.22,6833656.65],
     [156979.02,6833675.96],
     [157040.39,6833696.53],
     [157139.05,6833706.43],
     [157278.51,6833743.31],
     [157336.23,6833738.5],
     [157452.1,6833756.24],
     [157476.57,6833752.88],
     [157504.71,6833732.24],
     [157569.18,6833726.55],
     [157603.27,6833737.96]
    ]
   },
   "properties": {
    "name": null,
    "kind": "stream",
    "source": "N50 Kartdata, Kartverket, CC BY 4.0"
   }
  },
  {
   "type": "Feature",
   "geometry": {
    "type": "LineString",
    "coordinates": [
     [172785.4,6836097.94],
     [172811.15,6836062.25],
     [172908.98,6835995.98],
     [172922.83,6835975.16],
     [172926.86,6835946.79],
     [172959.24,6835905.11],
     [172978.04,6835834.81],
     [172994.72,6835826.34],
     [173014.62,6835800.39],
     [173166.7,6835715.71],
     [173182.31,6835692.97],
     [173186.76,6835668.72],
     [173265.66,6835651.44],
     [173316.6,6835581.73],
     [173346.81,6835565.06],
     [173378.28,6835531.92],
     [173385.41,6835498.66]
    ]
   },
   "properties": {
    "name": null,
    "kind": "stream",
    "source": "N50 Kartdata, Kartverket, CC BY 4.0"
   }
  },
  {
   "type": "Feature",
   "geometry": {
    "type": "LineString",
    "coordinates": [
     [163890.64,6841531.56],
     [163929.17,6841500.83],
     [163932.48,6841437.24],
     [164034.95,6841313.58],
     [164059.17,6841244.75],
     [164120.64,6841158.38],
     [164142.99,6841152.91],
     [164186.24,6841096.94],
     [164242.75,6841046.27],
     [164269.33,6841000.91],
     [164311.93,6840991.72],
     [164343.49,6840968.98],
     [164394.88,6840955.28],
     [164448.39,6840895.74]
    ]
   },
   "properties": {
    "name": null,
    "kind": "stream",
    "source": "N50 Kartdata, Kartverket, CC BY 4.0"
   }
  },
  {
   "type": "Feature",
   "geometry": {
    "type": "LineString",
    "coordinates": [
     [169980.72,6829318.97],
     [169995.24,6829317.33],
     [170015.22,6829278.75],
     [170159.09,6829260.99],
     [170207.44,6829283.14],
     [170237.34,6829278.83],
     [170312.47,6829229.47],
     [170361.21,6829223.42],
     [170400.77,6829186.18],
     [170425.83,6829180.0],
     [170463.31,6829152.23],
     [170541.28,6829135.33],
     [170612.95,6829101.22],
     [170666.32,6829089.97],
     [170689.95,6829075.8],
     [170738.01,6829086.59],
     [170778.23,6829076.18]
    ]
   },
   "properties": {
    "name": null,
    "kind": "stream",
    "source": "N50 Kartdata, Kartverket, CC BY 4.0"
   }
  },
  {
   "type": "Feature",
   "geometry": {
    "type": "LineString",
    "coordinates": [
     [170206.0,6838818.42],
     [170259.72,6838911.68],
     [170294.4,6839007.2],
     [170327.52,6839034.36],
     [170348.33,6839041.01],
     [170523.99,6839254.47],
     [170648.08,6839299.44],
     [170719.51,6839348.67],
     [170725.21,6839372.98],
     [170746.9,6839406.2],
     [170790.98,6839419.13]
    ]
   },
   "properties": {
    "name": null,
    "kind": "stream",
    "source": "N50 Kartdata, Kartverket, CC BY 4.0"
   }
  },
  {
   "type": "Feature",
   "geometry": {
    "type": "LineString",
    "coordinates": [
     [174157.8,6836800.0],
     [174113.57,6836811.13],
     [173967.72,6836941.25],
     [173910.66,6836976.69],
     [173678.83,6837253.53],
     [173640.69,6837341.52],
     [173578.23,6837421.82]
    ]
   },
   "properties": {
    "name": null,
    "kind": "stream",
    "source": "N50 Kartdata, Kartverket, CC BY 4.0"
   }
  },
  {
   "type": "Feature",
   "geometry": {
    "type": "LineString",
    "coordinates": [
     [166660.48,6830101.74],
     [166620.54,6830118.77],
     [166506.38,6830119.74],
     [166494.64,6830128.6],
     [166462.17,6830131.79],
     [166427.8,6830144.75],
     [166380.27,6830177.59],
     [166354.83,6830181.89],
     [166316.34,6830207.6],
     [166291.8,6830210.64],
     [166254.06,6830199.65],
     [166186.04,6830195.83],
     [166008.69,6830304.52],
     [165862.83,6830353.79]
    ]
   },
   "properties": {
    "name": null,
    "kind": "stream",
    "source": "N50 Kartdata, Kartverket, CC BY 4.0"
   }
  },
  {
   "type": "Feature",
   "geometry": {
    "type": "LineString",
    "coordinates": [
     [167310.33,6843264.0],
     [167314.51,6843171.13],
     [167331.36,6843128.65],
     [167320.25,6843058.58],
     [167354.92,6843013.56],
     [167350.44,6842965.04],
     [167378.59,6842930.95],
     [167385.0,6842876.99],
     [167435.24,6842815.84],
     [167461.05,6842763.75],
     [167464.98,6842693.27],
     [167435.78,6842665.52],
     [167424.17,6842623.01],
     [167447.17,6842559.09],
     [167472.97,6842516.59],
     [167478.14,6842475.86]
    ]
   },
   "properties": {
    "name": "Tjønnholåe",
    "kind": "stream",
    "source": "N50 Kartdata, Kartverket, CC BY 4.0"
   }
  },
  {
   "type": "Feature",
   "geometry": {
    "type": "LineString",
    "coordinates": [
     [172153.42,6839046.57],
     [172163.54,6839136.05],
     [172144.22,6839197.61],
     [172165.56,6839267.35],
     [172200.6,6839324.26],
     [172197.51,6839349.06],
     [172206.87,6839381.24],
     [172211.04,6839457.81],
     [172228.39,6839581.15],
     [172235.97,6839593.06],
     [172227.66,6839660.44],
     [172201.83,6839731.27],
     [172218.17,6839761.14],
     [172191.49,6839787.69],
     [172196.95,6839859.16]
    ]
   },
   "properties": {
    "name": null,
    "kind": "stream",
    "source": "N50 Kartdata, Kartverket, CC BY 4.0"
   }
  },
  {
   "type": "Feature",
   "geometry": {
    "type": "LineString",
    "coordinates": [
     [170270.0,6839041.62],
     [170293.42,6839080.74],
     [170321.58,6839156.7],
     [170403.13,6839228.24],
     [170440.37,6839291.98],
     [170443.35,6839344.67],
     [170458.65,6839362.38],
     [170468.63,6839399.5],
     [170470.59,6839486.01],
     [170487.19,6839513.46],
     [170521.65,6839520.7],
     [170647.17,6839489.5],
     [170737.2,6839496.13],
     [170788.45,6839478.55]
    ]
   },
   "properties": {
    "name": null,
    "kind": "stream",
    "source": "N50 Kartdata, Kartverket, CC BY 4.0"
   }
  },
  {
   "type": "Feature",
   "geometry": {
    "type": "LineString",
    "coordinates": [
     [160579.66,6843047.92],
     [160628.32,6843054.86],
     [160796.83,6843106.74],
     [160903.44,6843162.34],
     [160965.79,6843166.54],
     [160997.2,6843160.33],
     [161039.19,6843138.68],
     [161116.09,6843124.94],
     [161183.94,6843056.37],
     [161211.1,6843014.69],
     [161305.8,6842955.17],
     [161331.11,6842950.55]
    ]
   },
   "properties": {
    "name": null,
    "kind": "stream",
    "source": "N50 Kartdata, Kartverket, CC BY 4.0"
   }
  },
  {
   "type": "Feature",
   "geometry": {
    "type": "LineString",
    "coordinates": [
     [157607.18,6837725.16],
     [157601.78,6837681.45],
     [157607.32,6837662.39],
     [157657.18,6837610.24],
     [157675.87,6837562.9],
     [157672.28,6837538.93],
     [157643.51,6837502.13],
     [157643.83,6837485.62],
     [157652.53,6837462.27],
     [157679.59,6837430.51],
     [157682.23,6837404.94],
     [157732.18,6837285.82],
     [157747.21,6837172.41],
     [157774.51,6837063.88],
     [157832.61,6837019.6],
     [157880.07,6836997.47]
    ]
   },
   "properties": {
    "name": null,
    "kind": "stream",
    "source": "N50 Kartdata, Kartverket, CC BY 4.0"
   }
  },
  {
   "type": "Feature",
   "geometry": {
    "type": "LineString",
    "coordinates": [
     [171680.88,6831953.88],
     [171680.6,6831925.05],
     [171732.11,6831910.36],
     [171746.92,6831897.99],
     [171802.45,6831892.26],
     [171842.58,6831916.16],
     [171872.89,6831911.32],
     [171897.02,6831890.12],
     [171898.41,6831707.61],
     [171916.5,6831674.51],
     [171966.64,6831627.17],
     [171980.24,6831600.96],
     [171974.65,6831546.8],
     [171985.57,6831415.56],
     [171971.31,6831342.16]
    ]
   },
   "properties": {
    "name": null,
    "kind": "stream",
    "source": "N50 Kartdata, Kartverket, CC BY 4.0"
   }
  },
  {
   "type": "Feature",
   "geometry": {
    "type": "LineString",
    "coordinates": [
     [165531.67,6836411.91],
     [165609.69,6836401.03],
     [165638.74,6836384.88],
     [165709.97,6836375.8],
     [165756.42,6836347.1],
     [165798.04,6836335.48],
     [165856.25,6836281.42],
     [165892.53,6836274.02],
     [165944.44,6836238.3],
     [166014.11,6836173.68],
     [166090.57,6836147.84],
     [166237.39,6835998.59]
    ]
   },
   "properties": {
    "name": null,
    "kind": "stream",
    "source": "N50 Kartdata, Kartverket, CC BY 4.0"
   }
  },
  {
   "type": "Feature",
   "geometry": {
    "type": "LineString",
    "coordinates": [
     [161640.62,6842801.84],
     [161658.07,6842886.4],
     [161688.5,6842925.34],
     [161868.87,6842974.47],
     [162064.34,6843094.98],
     [162104.77,6843088.36],
     [162135.15,6843047.35],
     [162151.47,6843039.93],
     [162199.31,6843045.92],
     [162248.41,6843079.55],
     [162265.64,6843131.02],
     [162279.46,6843143.83]
    ]
   },
   "properties": {
    "name": null,
    "kind": "stream",
    "source": "N50 Kartdata, Kartverket, CC BY 4.0"
   }
  },
  {
   "type": "Feature",
   "geometry": {
    "type": "LineString",
    "coordinates": [
     [174753.87,6839886.84],
     [174833.48,6840118.27],
     [174825.58,6840174.3],
     [174832.13,6840190.8],
     [174879.74,6840259.8],
     [174934.11,6840304.05],
     [174969.55,6840361.11],
     [174992.0,6840462.61],
     [175023.99,6840514.96],
     [175012.8,6840611.52],
     [174998.79,6840642.5]
    ]
   },
   "properties": {
    "name": null,
    "kind": "stream",
    "source": "N50 Kartdata, Kartverket, CC BY 4.0"
   }
  },
  {
   "type": "Feature",
   "geometry": {
    "type": "LineString",
    "coordinates": [
     [167308.99,6840282.51],
     [167322.93,6840354.24],
     [167320.1,6840411.02],
     [167336.87,6840456.29],
     [167338.59,6840505.58],
     [167325.06,6840527.82],
     [167319.47,6840561.29],
     [167339.17,6840695.39],
     [167329.03,6840798.4],
     [167378.57,6840860.61],
     [167423.88,6840887.96],
     [167461.97,6840927.95],
     [167527.75,6841029.53]
    ]
   },
   "properties": {
    "name": null,
    "kind": "stream",
    "source": "N50 Kartdata, Kartverket, CC BY 4.0"
   }
  },
  {
   "type": "Feature",
   "geometry": {
    "type": "LineString",
    "coordinates": [
     [165884.88,6839998.16],
     [165875.74,6840215.04],
     [165854.25,6840288.99],
     [165848.49,6840446.52],
     [165825.23,6840557.48],
     [165783.4,6840682.71],
     [165777.51,6840763.78],
     [165789.89,6840815.29]
    ]
   },
   "properties": {
    "name": null,
    "kind": "stream",
    "source": "N50 Kartdata, Kartverket, CC BY 4.0"
   }
  },
  {
   "type": "Feature",
   "geometry": {
    "type": "LineString",
    "coordinates": [
     [172678.05,6832375.91],
     [172677.65,6832398.2],
     [172691.76,6832439.17],
     [172667.7,6832491.55],
     [172640.13,6832518.07],
     [172652.19,6832552.77],
     [172662.09,6832652.41],
     [172620.53,6832739.31],
     [172579.59,6832769.68],
     [172575.69,6832811.72],
     [172559.43,6832856.7],
     [172564.46,6832942.05],
     [172588.55,6832976.86],
     [172601.47,6833034.78],
     [172617.2,6833067.31],
     [172645.59,6833093.15],
     [172657.39,6833123.29]
    ]
   },
   "properties": {
    "name": null,
    "kind": "stream",
    "source": "N50 Kartdata, Kartverket, CC BY 4.0"
   }
  },
  {
   "type": "Feature",
   "geometry": {
    "type": "LineString",
    "coordinates": [
     [173097.63,6828556.18],
     [173075.0,6828559.28],
     [173045.14,6828576.05],
     [172994.78,6828577.39],
     [172949.86,6828554.14],
     [172905.95,6828550.41],
     [172871.99,6828534.44],
     [172821.49,6828542.14],
     [172779.79,6828568.68],
     [172743.4,6828567.42],
     [172721.36,6828554.93],
     [172681.99,6828557.96],
     [172583.85,6828507.88],
     [172516.05,6828488.54],
     [172448.13,6828503.1],
     [172409.08,6828536.93],
     [172379.33,6828529.8],
     [172324.09,6828536.82]
    ]
   },
   "properties": {
    "name": null,
    "kind": "stream",
    "source": "N50 Kartdata, Kartverket, CC BY 4.0"
   }
  },
  {
   "type": "Feature",
   "geometry": {
    "type": "LineString",
    "coordinates": [
     [171141.92,6831188.54],
     [171167.17,6831184.51],
     [171200.35,6831156.96],
     [171310.52,6831007.77],
     [171355.96,6830939.21],
     [171397.67,6830817.83],
     [171443.63,6830739.71],
     [171469.36,6830704.46],
     [171524.25,6830673.14],
     [171568.43,6830635.28],
     [171593.74,6830600.59],
     [171617.17,6830539.07]
    ]
   },
   "properties": {
    "name": null,
    "kind": "stream",
    "source": "N50 Kartdata, Kartverket, CC BY 4.0"
   }
  },
  {
   "type": "Feature",
   "geometry": {
    "type": "LineString",
    "coordinates": [
     [159954.75,6836656.51],
     [159652.88,6836638.8],
     [159504.56,6836764.14],
     [159491.61,6836765.34],
     [159395.35,6836855.69],
     [159328.47,6836937.29],
     [159292.67,6837006.98]
    ]
   },
   "properties": {
    "name": "Glopåe",
    "kind": "stream",
    "source": "N50 Kartdata, Kartverket, CC BY 4.0"
   }
  },
  {
   "type": "Feature",
   "geometry": {
    "type": "LineString",
    "coordinates": [
     [163986.12,6837296.64],
     [163922.92,6837304.6],
     [163888.76,6837327.63],
     [163738.91,6837342.98],
     [163641.74,6837375.33],
     [163343.24,6837416.89],
     [163188.71,6837465.42]
    ]
   },
   "properties": {
    "name": null,
    "kind": "stream",
    "source": "N50 Kartdata, Kartverket, CC BY 4.0"
   }
  },
  {
   "type": "Feature",
   "geometry": {
    "type": "LineString",
    "coordinates": [
     [174063.46,6832687.81],
     [174093.91,6832783.34],
     [174109.9,6832799.14],
     [174123.82,6832849.53],
     [174137.57,6832870.41],
     [174139.29,6832888.63],
     [174127.3,6832912.6],
     [174167.79,6832978.69],
     [174201.04,6833010.09],
     [174212.52,6833037.36],
     [174226.76,6833110.72],
     [174214.28,6833129.71],
     [174211.69,6833164.67],
     [174230.66,6833175.81],
     [174239.03,6833195.34],
     [174221.58,6833240.31],
     [174224.87,6833262.9],
     [174253.9,6833292.97],
     [174278.95,6833288.58],
     [174320.21,6833323.65],
     [174368.4,6833335.13]
    ]
   },
   "properties": {
    "name": null,
    "kind": "stream",
    "source": "N50 Kartdata, Kartverket, CC BY 4.0"
   }
  },
  {
   "type": "Feature",
   "geometry": {
    "type": "LineString",
    "coordinates": [
     [175694.59,6840317.87],
     [175711.87,6840367.74],
     [175684.78,6840439.21],
     [175772.98,6840535.89],
     [175820.65,6840536.12],
     [175843.74,6840564.23],
     [175877.55,6840584.07],
     [175843.92,6840683.53],
     [175859.55,6840708.39],
     [175866.71,6840759.15],
     [175884.12,6840783.34],
     [175882.2,6840805.14],
     [175899.05,6840857.89],
     [175921.79,6840876.74],
     [175947.12,6840882.44],
     [175977.83,6840930.52],
     [175976.55,6840956.1]
    ]
   },
   "properties": {
    "name": null,
    "kind": "stream",
    "source": "N50 Kartdata, Kartverket, CC BY 4.0"
   }
  },
  {
   "type": "Feature",
   "geometry": {
    "type": "LineString",
    "coordinates": [
     [174194.33,6827997.72],
     [174162.69,6827961.85],
     [174136.61,6827900.82],
     [174100.2,6827853.69],
     [174011.96,6827773.67],
     [173931.65,6827715.81],
     [173907.13,6827714.93],
     [173838.01,6827692.43],
     [173781.68,6827664.3],
     [173757.03,6827665.02],
     [173685.35,6827645.04],
     [173655.79,6827647.27],
     [173615.83,6827625.06],
     [173531.97,6827611.07]
    ]
   },
   "properties": {
    "name": null,
    "kind": "stream",
    "source": "N50 Kartdata, Kartverket, CC BY 4.0"
   }
  },
  {
   "type": "Feature",
   "geometry": {
    "type": "LineString",
    "coordinates": [
     [166726.83,6837438.23],
     [166847.6,6837370.22],
     [166909.22,6837353.74],
     [166949.37,6837318.4],
     [166980.29,6837320.85],
     [167087.01,6837354.15],
     [167125.89,6837358.69],
     [167196.17,6837351.59],
     [167253.49,6837304.99],
     [167319.59,6837216.9],
     [167340.14,6837200.37],
     [167374.72,6837146.01],
     [167377.65,6837120.08]
    ]
   },
   "properties": {
    "name": "Grotåe",
    "kind": "stream",
    "source": "N50 Kartdata, Kartverket, CC BY 4.0"
   }
  },
  {
   "type": "Feature",
   "geometry": {
    "type": "LineString",
    "coordinates": [
     [173954.21,6831372.14],
     [173942.58,6831480.35],
     [173905.25,6831547.91],
     [173862.16,6831590.06],
     [173802.65,6831625.59],
     [173754.42,6831679.17],
     [173717.7,6831689.49],
     [173675.29,6831732.09],
     [173580.64,6831758.95],
     [173525.64,6831789.89],
     [173458.48,6831850.12],
     [173392.69,6831856.89]
    ]
   },
   "properties": {
    "name": null,
    "kind": "stream",
    "source": "N50 Kartdata, Kartverket, CC BY 4.0"
   }
  },
  {
   "type": "Feature",
   "geometry": {
    "type": "LineString",
    "coordinates": [
     [164865.8,6826880.0],
     [164838.31,6826979.9],
     [164742.42,6827090.51],
     [164654.88,6827140.19],
     [164451.54,6827300.24],
     [164405.01,6827327.47],
     [164367.8,6827338.44],
     [164269.52,6827351.48]
    ]
   },
   "properties": {
    "name": null,
    "kind": "stream",
    "source": "N50 Kartdata, Kartverket, CC BY 4.0"
   }
  },
  {
   "type": "Feature",
   "geometry": {
    "type": "LineString",
    "coordinates": [
     [173469.01,6842305.81],
     [173488.84,6842357.27],
     [173508.55,6842385.61],
     [173502.3,6842448.54],
     [173521.85,6842605.62],
     [173558.62,6842644.45],
     [173558.4,6842674.64],
     [173535.44,6842720.0],
     [173537.59,6842765.05],
     [173557.8,6842820.51],
     [173581.25,6842856.54],
     [173605.14,6842951.88],
     [173631.12,6842982.66],
     [173657.73,6843046.13]
    ]
   },
   "properties": {
    "name": null,
    "kind": "stream",
    "source": "N50 Kartdata, Kartverket, CC BY 4.0"
   }
  },
  {
   "type": "Feature",
   "geometry": {
    "type": "LineString",
    "coordinates": [
     [164488.72,6842067.8],
     [164555.03,6842023.74],
     [164599.76,6842016.14],
     [164651.55,6841968.57],
     [164708.9,6841933.77],
     [164743.33,6841922.55],
     [164785.34,6841881.83],
     [164812.33,6841836.01],
     [164821.62,6841783.71],
     [164853.17,6841758.47],
     [164878.49,6841677.07],
     [164943.93,6841606.31],
     [164940.8,6841569.29],
     [164949.41,6841535.97],
     [164928.43,6841499.02]
    ]
   },
   "properties": {
    "name": null,
    "kind": "stream",
    "source": "N50 Kartdata, Kartverket, CC BY 4.0"
   }
  },
  {
   "type": "Feature",
   "geometry": {
    "type": "LineString",
    "coordinates": [
     [162391.32,6835253.75],
     [162218.74,6835291.25],
     [162171.2,6835265.03],
     [162113.96,6835253.35],
     [161986.82,6835269.52],
     [161954.24,6835303.46],
     [161956.02,6835330.68],
     [161936.6,6835360.25],
     [161875.45,6835405.77],
     [161823.79,6835457.12],
     [161805.71,6835504.56],
     [161808.62,6835528.7],
     [161774.5,6835561.21]
    ]
   },
   "properties": {
    "name": null,
    "kind": "stream",
    "source": "N50 Kartdata, Kartverket, CC BY 4.0"
   }
  },
  {
   "type": "Feature",
   "geometry": {
    "type": "LineString",
    "coordinates": [
     [174826.29,6831943.53],
     [174751.41,6831977.53],
     [174715.41,6832007.04],
     [174667.6,6832022.65],
     [174622.04,6832119.06],
     [174600.07,6832143.85],
     [174577.9,6832187.99],
     [174532.35,6832201.23],
     [174513.67,6832223.93],
     [174453.36,6832225.47],
     [174426.48,6832211.68],
     [174399.46,6832208.69],
     [174352.38,6832236.31],
     [174304.01,6832244.54],
     [174290.03,6832267.24],
     [174290.24,6832298.46],
     [174235.19,6832346.36]
    ]
   },
   "properties": {
    "name": null,
    "kind": "stream",
    "source": "N50 Kartdata, Kartverket, CC BY 4.0"
   }
  },
  {
   "type": "Feature",
   "geometry": {
    "type": "LineString",
    "coordinates": [
     [160985.28,6834027.35],
     [160990.65,6834069.23],
     [160976.78,6834096.89],
     [160984.01,6834161.74],
     [160960.98,6834210.88],
     [160962.03,6834245.69],
     [160945.19,6834272.05],
     [160936.16,6834320.05],
     [160938.65,6834355.87],
     [160921.94,6834392.53],
     [160925.6,6834469.98],
     [160916.44,6834500.24],
     [160927.05,6834564.42],
     [160902.63,6834626.42],
     [160868.1,6834648.43],
     [160902.79,6834772.54]
    ]
   },
   "properties": {
    "name": null,
    "kind": "stream",
    "source": "N50 Kartdata, Kartverket, CC BY 4.0"
   }
  },
  {
   "type": "Feature",
   "geometry": {
    "type": "LineString",
    "coordinates": [
     [173478.3,6831276.66],
     [173550.57,6831129.97],
     [173577.61,6831051.13],
     [173598.16,6831021.71],
     [173599.57,6830988.49],
     [173627.65,6830946.37],
     [173654.32,6830868.07],
     [173677.77,6830826.28],
     [173679.98,6830788.32],
     [173710.19,6830739.42],
     [173741.36,6830542.07]
    ]
   },
   "properties": {
    "name": null,
    "kind": "stream",
    "source": "N50 Kartdata, Kartverket, CC BY 4.0"
   }
  },
  {
   "type": "Feature",
   "geometry": {
    "type": "LineString",
    "coordinates": [
     [168352.12,6840376.3],
     [168362.04,6840437.02],
     [168400.0,6840530.27],
     [168407.0,6840597.38],
     [168388.72,6840667.86],
     [168394.75,6840719.41],
     [168374.08,6840754.01],
     [168342.98,6840777.63],
     [168323.47,6840804.46],
     [168293.38,6840869.41],
     [168261.37,6840901.22],
     [168231.98,6840956.74],
     [168218.72,6841013.16],
     [168235.98,6841099.52]
    ]
   },
   "properties": {
    "name": null,
    "kind": "stream",
    "source": "N50 Kartdata, Kartverket, CC BY 4.0"
   }
  },
  {
   "type": "Feature",
   "geometry": {
    "type": "LineString",
    "coordinates": [
     [164855.02,6839440.33],
     [164810.75,6839481.97],
     [164770.75,6839564.52],
     [164752.51,6839585.16],
     [164733.73,6839638.2],
     [164643.02,6839727.33],
     [164576.62,6839806.34],
     [164417.45,6839947.13],
     [164398.33,6839972.11],
     [164371.13,6839988.21],
     [164322.31,6839996.9]
    ]
   },
   "properties": {
    "name": null,
    "kind": "stream",
    "source": "N50 Kartdata, Kartverket, CC BY 4.0"
   }
  },
  {
   "type": "Feature",
   "geometry": {
    "type": "LineString",
    "coordinates": [
     [167884.58,6840270.16],
     [167897.25,6840292.94],
     [167913.18,6840391.84],
     [167926.56,6840415.06],
     [167953.61,6840434.83],
     [167959.27,6840452.53],
     [168003.32,6840654.02],
     [168014.96,6840760.53],
     [168035.11,6840809.91],
     [168037.11,6840895.17],
     [168030.27,6840923.39],
     [168047.92,6840976.31],
     [168026.38,6841011.22]
    ]
   },
   "properties": {
    "name": null,
    "kind": "stream",
    "source": "N50 Kartdata, Kartverket, CC BY 4.0"
   }
  },
  {
   "type": "Feature",
   "geometry": {
    "type": "LineString",
    "coordinates": [
     [172741.05,6839280.79],
     [172767.06,6839404.48],
     [172813.54,6839479.59],
     [172816.67,6839578.29],
     [172812.67,6839606.72],
     [172787.19,6839617.38],
     [172770.6,6839644.37],
     [172769.3,6839694.73],
     [172757.57,6839747.21],
     [172737.35,6839788.98],
     [172755.24,6839861.66],
     [172780.56,6839889.06],
     [172789.65,6839914.05],
     [172806.11,6839929.16],
     [172808.62,6839950.68],
     [172833.96,6839982.17]
    ]
   },
   "properties": {
    "name": null,
    "kind": "stream",
    "source": "N50 Kartdata, Kartverket, CC BY 4.0"
   }
  },
  {
   "type": "Feature",
   "geometry": {
    "type": "LineString",
    "coordinates": [
     [176373.6,6835918.95],
     [176336.54,6835935.4],
     [176281.86,6835916.1],
     [176103.01,6835932.5],
     [176019.43,6835956.91],
     [175980.09,6835945.95],
     [175884.68,6835966.37],
     [175837.26,6835960.71],
     [175798.64,6836012.89],
     [175763.18,6836028.61],
     [175702.13,6835996.87],
     [175654.68,6836003.94]
    ]
   },
   "properties": {
    "name": null,
    "kind": "stream",
    "source": "N50 Kartdata, Kartverket, CC BY 4.0"
   }
  },
  {
   "type": "Feature",
   "geometry": {
    "type": "LineString",
    "coordinates": [
     [171322.87,6835610.91],
     [171543.45,6835596.31],
     [171668.58,6835566.05],
     [171705.57,6835546.32],
     [171764.61,6835476.31],
     [171807.51,6835461.29],
     [171873.04,6835418.73],
     [171892.38,6835414.0],
     [171934.26,6835367.58],
     [171951.59,6835325.24],
     [171977.68,6835318.27]
    ]
   },
   "properties": {
    "name": null,
    "kind": "stream",
    "source": "N50 Kartdata, Kartverket, CC BY 4.0"
   }
  },
  {
   "type": "Feature",
   "geometry": {
    "type": "LineString",
    "coordinates": [
     [172986.05,6837486.08],
     [172973.66,6837455.18],
     [172969.01,6837382.94],
     [172978.99,6837351.38],
     [172959.84,6837249.33],
     [173011.68,6837189.4],
     [173020.55,6837120.88],
     [173085.41,6837036.24],
     [173116.18,6836966.96],
     [173136.01,6836960.65],
     [173167.87,6836852.91],
     [173196.8,6836805.97]
    ]
   },
   "properties": {
    "name": null,
    "kind": "stream",
    "source": "N50 Kartdata, Kartverket, CC BY 4.0"
   }
  },
  {
   "type": "Feature",
   "geometry": {
    "type": "LineString",
    "coordinates": [
     [173577.41,6833825.1],
     [173552.31,6833847.64],
     [173516.57,6833842.29],
     [173504.09,6833870.31],
     [173476.52,6833892.76],
     [173487.7,6833961.0],
     [173507.86,6834000.32],
     [173511.29,6834094.36],
     [173492.04,6834149.86],
     [173463.07,6834174.68],
     [173520.83,6834277.08],
     [173521.67,6834346.87],
     [173514.24,6834376.42],
     [173481.71,6834417.81],
     [173455.72,6834425.86],
     [173453.63,6834445.47]
    ]
   },
   "properties": {
    "name": null,
    "kind": "stream",
    "source": "N50 Kartdata, Kartverket, CC BY 4.0"
   }
  },
  {
   "type": "Feature",
   "geometry": {
    "type": "LineString",
    "coordinates": [
     [162912.0,6835772.73],
     [162881.34,6835792.26],
     [162759.72,6835809.16],
     [162715.03,6835835.25],
     [162668.5,6835840.88],
     [162618.58,6835830.6],
     [162569.7,6835804.43],
     [162510.17,6835813.96],
     [162450.91,6835809.74],
     [162376.65,6835825.99],
     [162303.7,6835847.97],
     [162268.14,6835871.43],
     [162229.2,6835939.51]
    ]
   },
   "properties": {
    "name": null,
    "kind": "stream",
    "source": "N50 Kartdata, Kartverket, CC BY 4.0"
   }
  },
  {
   "type": "Feature",
   "geometry": {
    "type": "LineString",
    "coordinates": [
     [172882.84,6831281.69],
     [172877.29,6831294.38],
     [172861.59,6831302.97],
     [172837.31,6831354.07],
     [172775.1,6831398.77],
     [172740.79,6831448.51],
     [172725.7,6831519.25],
     [172665.06,6831533.47],
     [172614.49,6831586.68],
     [172591.75,6831599.77],
     [172576.06,6831635.55],
     [172578.1,6831665.92],
     [172567.95,6831687.6],
     [172577.23,6831720.55],
     [172570.93,6831743.59],
     [172580.41,6831756.21],
     [172565.72,6831778.83],
     [172565.8,6831792.7],
     [172552.24,6831812.65],
     [172489.88,6831820.65]
    ]
   },
   "properties": {
    "name": null,
    "kind": "stream",
    "source": "N50 Kartdata, Kartverket, CC BY 4.0"
   }
  },
  {
   "type": "Feature",
   "geometry": {
    "type": "LineString",
    "coordinates": [
     [159664.51,6835542.7],
     [159730.25,6835502.76],
     [159753.75,6835466.63],
     [159822.93,6835398.85],
     [159885.1,6835397.6],
     [159935.17,6835406.4],
     [159978.98,6835393.79],
     [160057.22,6835348.97],
     [160082.1,6835300.39],
     [160142.38,6835253.78],
     [160282.81,6835197.8]
    ]
   },
   "properties": {
    "name": null,
    "kind": "stream",
    "source": "N50 Kartdata, Kartverket, CC BY 4.0"
   }
  },
  {
   "type": "Feature",
   "geometry": {
    "type": "LineString",
    "coordinates": [
     [165544.75,6836232.71],
     [165616.29,6836224.96],
     [165811.49,6836174.2],
     [165880.97,6836166.45],
     [165930.11,6836154.51],
     [165950.26,6836140.14],
     [166015.75,6836128.8],
     [166159.6,6836001.47],
     [166197.55,6835973.32],
     [166216.16,6835970.85]
    ]
   },
   "properties": {
    "name": null,
    "kind": "stream",
    "source": "N50 Kartdata, Kartverket, CC BY 4.0"
   }
  },
  {
   "type": "Feature",
   "geometry": {
    "type": "LineString",
    "coordinates": [
     [160793.54,6834127.45],
     [160799.67,6834176.84],
     [160788.32,6834215.61],
     [160814.23,6834239.56],
     [160817.11,6834256.57],
     [160817.27,6834310.23],
     [160803.17,6834346.56],
     [160812.07,6834406.82],
     [160792.01,6834458.8],
     [160795.5,6834501.69],
     [160744.42,6834599.41],
     [160734.18,6834663.09],
     [160704.0,6834692.99],
     [160662.69,6834708.73],
     [160648.02,6834741.48],
     [160618.76,6834743.93],
     [160602.67,6834757.25]
    ]
   },
   "properties": {
    "name": null,
    "kind": "stream",
    "source": "N50 Kartdata, Kartverket, CC BY 4.0"
   }
  },
  {
   "type": "Feature",
   "geometry": {
    "type": "LineString",
    "coordinates": [
     [167525.52,6842403.43],
     [167509.52,6842253.4],
     [167494.85,6842227.04],
     [167477.56,6842118.91],
     [167436.21,6842078.69],
     [167426.76,6842026.11],
     [167367.79,6841930.49],
     [167361.5,6841827.61],
     [167350.16,6841792.29],
     [167377.85,6841753.57],
     [167376.39,6841735.25],
     [167365.15,6841724.47]
    ]
   },
   "properties": {
    "name": null,
    "kind": "stream",
    "source": "N50 Kartdata, Kartverket, CC BY 4.0"
   }
  },
  {
   "type": "Feature",
   "geometry": {
    "type": "LineString",
    "coordinates": [
     [174457.86,6837962.24],
     [174501.44,6837911.34],
     [174547.76,6837881.7],
     [174561.82,6837843.28],
     [174577.1,6837831.72],
     [174640.99,6837809.77],
     [174821.85,6837769.31],
     [175022.54,6837743.45],
     [175109.81,6837700.48]
    ]
   },
   "properties": {
    "name": null,
    "kind": "stream",
    "source": "N50 Kartdata, Kartverket, CC BY 4.0"
   }
  },
  {
   "type": "Feature",
   "geometry": {
    "type": "LineString",
    "coordinates": [
     [173414.9,6839567.1],
     [173331.41,6839734.61],
     [173335.93,6839764.21],
     [173315.29,6839847.69],
     [173330.17,6839895.92],
     [173307.65,6839920.38],
     [173295.86,6840020.33],
     [173279.4,6840041.28],
     [173268.47,6840094.51],
     [173240.72,6840120.58],
     [173242.76,6840168.8],
     [173264.49,6840223.93],
     [173248.67,6840231.72]
    ]
   },
   "properties": {
    "name": null,
    "kind": "stream",
    "source": "N50 Kartdata, Kartverket, CC BY 4.0"
   }
  },
  {
   "type": "Feature",
   "geometry": {
    "type": "LineString",
    "coordinates": [
     [168657.99,6840574.43],
     [168718.53,6840519.76],
     [168776.37,6840482.68],
     [168836.33,6840492.49],
     [168865.26,6840470.4],
     [168901.64,6840459.61],
     [168960.58,6840467.44],
     [168988.78,6840449.07],
     [169089.47,6840454.0],
     [169112.8,6840450.61],
     [169129.64,6840438.9],
     [169205.18,6840465.63],
     [169227.09,6840506.84],
     [169227.36,6840551.44],
     [169217.88,6840565.27],
     [169222.47,6840584.72]
    ]
   },
   "properties": {
    "name": null,
    "kind": "stream",
    "source": "N50 Kartdata, Kartverket, CC BY 4.0"
   }
  },
  {
   "type": "Feature",
   "geometry": {
    "type": "LineString",
    "coordinates": [
     [173768.34,6837033.78],
     [173837.68,6836959.63],
     [173890.08,6836825.83],
     [173941.8,6836749.33],
     [173979.88,6836713.52],
     [174116.94,6836505.68],
     [174182.23,6836440.83]
    ]
   },
   "properties": {
    "name": null,
    "kind": "stream",
    "source": "N50 Kartdata, Kartverket, CC BY 4.0"
   }
  },
  {
   "type": "Feature",
   "geometry": {
    "type": "LineString",
    "coordinates": [
     [156444.32,6832665.17],
     [156440.57,6832682.21],
     [156455.13,6832726.22],
     [156453.18,6832755.6],
     [156407.43,6832796.66],
     [156425.26,6832835.09],
     [156412.97,6832860.1],
     [156420.05,6832919.01],
     [156391.55,6832939.68],
     [156387.13,6832953.94],
     [156410.35,6833064.03],
     [156421.98,6833083.32],
     [156419.54,6833127.86],
     [156444.6,6833207.14],
     [156447.32,6833268.29],
     [156457.15,6833285.25],
     [156458.02,6833323.33],
     [156464.63,6833332.79]
    ]
   },
   "properties": {
    "name": null,
    "kind": "stream",
    "source": "N50 Kartdata, Kartverket, CC BY 4.0"
   }
  },
  {
   "type": "Feature",
   "geometry": {
    "type": "LineString",
    "coordinates": [
     [169964.26,6829051.41],
     [169981.07,6829044.44],
     [170004.06,6829018.13],
     [170036.81,6829006.25],
     [170065.61,6828972.49],
     [170161.69,6828956.42],
     [170192.62,6828961.21],
     [170251.16,6828940.63],
     [170356.0,6828934.29],
     [170377.43,6828922.68],
     [170430.73,6828915.13],
     [170621.37,6828804.93]
    ]
   },
   "properties": {
    "name": null,
    "kind": "stream",
    "source": "N50 Kartdata, Kartverket, CC BY 4.0"
   }
  },
  {
   "type": "Feature",
   "geometry": {
    "type": "LineString",
    "coordinates": [
     [155946.73,6840962.88],
     [155982.11,6840900.43],
     [155992.87,6840850.75],
     [156016.61,6840799.89],
     [156005.42,6840668.81],
     [156025.42,6840604.47],
     [156022.67,6840555.66],
     [155992.41,6840475.85],
     [155984.41,6840423.54],
     [155933.25,6840370.94],
     [155919.29,6840309.49],
     [155904.0,6840290.32]
    ]
   },
   "properties": {
    "name": null,
    "kind": "stream",
    "source": "N50 Kartdata, Kartverket, CC BY 4.0"
   }
  },
  {
   "type": "Feature",
   "geometry": {
    "type": "LineString",
    "coordinates": [
     [160289.26,6837772.34],
     [160297.27,6837716.6],
     [160398.4,6837561.01],
     [160448.71,6837502.5],
     [160496.7,6837468.3],
     [160606.66,6837363.98],
     [160627.94,6837322.98],
     [160696.63,6837257.74],
     [160723.84,6837213.62]
    ]
   },
   "properties": {
    "name": null,
    "kind": "stream",
    "source": "N50 Kartdata, Kartverket, CC BY 4.0"
   }
  },
  {
   "type": "Feature",
   "geometry": {
    "type": "LineString",
    "coordinates": [
     [172008.38,6842784.07],
     [172007.45,6842744.34],
     [172014.49,6842725.08],
     [172040.98,6842695.44],
     [172082.32,6842610.59],
     [172153.87,6842506.39],
     [172185.51,6842442.82],
     [172187.77,6842372.33],
     [172204.92,6842325.73],
     [172228.13,6842297.72],
     [172267.61,6842212.75],
     [172336.53,6842172.39]
    ]
   },
   "properties": {
    "name": null,
    "kind": "stream",
    "source": "N50 Kartdata, Kartverket, CC BY 4.0"
   }
  },
  {
   "type": "Feature",
   "geometry": {
    "type": "LineString",
    "coordinates": [
     [173430.49,6828963.04],
     [173321.16,6828944.08],
     [173248.05,6828916.2],
     [173225.08,6828917.04],
     [173094.26,6828841.16],
     [173019.13,6828843.47],
     [172997.39,6828867.61],
     [172964.44,6828872.19],
     [172867.42,6828863.36],
     [172793.19,6828827.12],
     [172772.93,6828796.58]
    ]
   },
   "properties": {
    "name": null,
    "kind": "stream",
    "source": "N50 Kartdata, Kartverket, CC BY 4.0"
   }
  },
  {
   "type": "Feature",
   "geometry": {
    "type": "LineString",
    "coordinates": [
     [156500.8,6834472.85],
     [156482.77,6834444.9],
     [156478.6,6834409.31],
     [156504.23,6834354.27],
     [156536.91,6834309.49],
     [156541.33,6834278.78],
     [156510.35,6834137.31],
     [156512.47,6834053.42],
     [156526.55,6833998.89],
     [156543.34,6833856.34],
     [156530.49,6833784.26]
    ]
   },
   "properties": {
    "name": null,
    "kind": "stream",
    "source": "N50 Kartdata, Kartverket, CC BY 4.0"
   }
  },
  {
   "type": "Feature",
   "geometry": {
    "type": "LineString",
    "coordinates": [
     [176384.0,6836729.59],
     [176368.24,6836729.82],
     [176328.15,6836716.87],
     [176277.74,6836732.91],
     [176228.59,6836758.0],
     [176220.43,6836783.2],
     [176177.97,6836809.0],
     [176108.02,6836820.83],
     [176097.76,6836838.95],
     [176072.03,6836840.44],
     [176031.67,6836868.98],
     [176024.88,6836890.55],
     [176048.12,6836921.66],
     [176043.95,6836951.9],
     [176017.93,6836998.83],
     [176048.24,6837054.4],
     [176055.51,6837090.65],
     [176010.6,6837132.11]
    ]
   },
   "properties": {
    "name": null,
    "kind": "stream",
    "source": "N50 Kartdata, Kartverket, CC BY 4.0"
   }
  },
  {
   "type": "Feature",
   "geometry": {
    "type": "LineString",
    "coordinates": [
     [174308.19,6840570.02],
     [174230.46,6840591.79],
     [174104.28,6840570.22],
     [174004.29,6840591.24],
     [173970.53,6840619.1],
     [173960.38,6840649.54],
     [173929.88,6840676.72],
     [173880.65,6840677.42],
     [173833.44,6840712.67],
     [173792.86,6840758.71],
     [173778.41,6840790.5],
     [173740.92,6840814.72],
     [173729.41,6840840.26]
    ]
   },
   "properties": {
    "name": null,
    "kind": "stream",
    "source": "N50 Kartdata, Kartverket, CC BY 4.0"
   }
  },
  {
   "type": "Feature",
   "geometry": {
    "type": "LineString",
    "coordinates": [
     [167144.64,6829085.82],
     [167125.78,6829103.14],
     [167037.82,6829135.15],
     [166956.18,6829195.19],
     [166826.54,6829236.34],
     [166605.27,6829254.43],
     [166483.52,6829240.77]
    ]
   },
   "properties": {
    "name": null,
    "kind": "stream",
    "source": "N50 Kartdata, Kartverket, CC BY 4.0"
   }
  },
  {
   "type": "Feature",
   "geometry": {
    "type": "LineString",
    "coordinates": [
     [164052.9,6835864.79],
     [163990.73,6835758.18],
     [163924.11,6835528.54],
     [163861.81,6835457.79],
     [163842.89,6835423.59],
     [163813.52,6835311.5],
     [163789.15,6835288.63],
     [163744.92,6835271.64]
    ]
   },
   "properties": {
    "name": null,
    "kind": "stream",
    "source": "N50 Kartdata, Kartverket, CC BY 4.0"
   }
  },
  {
   "type": "Feature",
   "geometry": {
    "type": "LineString",
    "coordinates": [
     [172336.53,6842172.39],
     [172394.47,6842100.75],
     [172439.85,6842086.54],
     [172493.71,6842036.15],
     [172541.28,6841960.95],
     [172562.45,6841886.9],
     [172677.21,6841749.17],
     [172713.46,6841669.63],
     [172742.81,6841635.91]
    ]
   },
   "properties": {
    "name": "Nørdre Tverråe",
    "kind": "stream",
    "source": "N50 Kartdata, Kartverket, CC BY 4.0"
   }
  },
  {
   "type": "Feature",
   "geometry": {
    "type": "LineString",
    "coordinates": [
     [170622.61,6839757.86],
     [170650.64,6839785.95],
     [170684.58,6839769.56],
     [170724.89,6839802.29],
     [170782.86,6839808.8],
     [170833.76,6839862.82],
     [170851.67,6839902.25],
     [170940.4,6839924.44],
     [170945.78,6839938.01],
     [170941.79,6839989.7],
     [170964.98,6840020.31],
     [171006.17,6840042.46],
     [171038.06,6840073.54],
     [171081.03,6840156.51]
    ]
   },
   "properties": {
    "name": "Russa",
    "kind": "stream",
    "source": "N50 Kartdata, Kartverket, CC BY 4.0"
   }
  },
  {
   "type": "Feature",
   "geometry": {
    "type": "LineString",
    "coordinates": [
     [171836.2,6836683.64],
     [171839.88,6836625.01],
     [171851.6,6836588.75],
     [171848.52,6836533.71],
     [171859.54,6836500.53],
     [171881.88,6836470.29],
     [171933.44,6836331.79],
     [172003.83,6836233.78],
     [172027.47,6836217.5],
     [172089.0,6836065.06]
    ]
   },
   "properties": {
    "name": "Bessa",
    "kind": "stream",
    "source": "N50 Kartdata, Kartverket, CC BY 4.0"
   }
  },
  {
   "type": "Feature",
   "geometry": {
    "type": "LineString",
    "coordinates": [
     [173345.02,6842489.46],
     [173336.59,6842479.21],
     [173336.12,6842435.31],
     [173316.97,6842402.79],
     [173309.04,6842366.87],
     [173338.67,6842313.28],
     [173321.78,6842209.25],
     [173311.03,6842184.97],
     [173283.44,6842159.75],
     [173227.03,6842052.08],
     [173226.93,6841979.75],
     [173201.42,6841936.83],
     [173194.26,6841873.03],
     [173204.34,6841868.59]
    ]
   },
   "properties": {
    "name": null,
    "kind": "stream",
    "source": "N50 Kartdata, Kartverket, CC BY 4.0"
   }
  },
  {
   "type": "Feature",
   "geometry": {
    "type": "LineString",
    "coordinates": [
     [168693.04,6828473.27],
     [168674.77,6828479.99],
     [168640.79,6828465.45],
     [168593.05,6828477.74],
     [168571.64,6828497.28],
     [168544.14,6828543.15],
     [168514.08,6828551.92],
     [168487.59,6828554.94],
     [168457.28,6828544.48],
     [168367.8,6828547.19],
     [168340.82,6828581.25],
     [168272.18,6828592.55],
     [168254.05,6828616.44],
     [168194.07,6828602.32],
     [168115.25,6828622.88],
     [168098.76,6828609.92]
    ]
   },
   "properties": {
    "name": null,
    "kind": "stream",
    "source": "N50 Kartdata, Kartverket, CC BY 4.0"
   }
  },
  {
   "type": "Feature",
   "geometry": {
    "type": "LineString",
    "coordinates": [
     [166695.91,6827108.69],
     [166598.51,6827167.75],
     [166549.29,6827176.05],
     [166533.72,6827188.01],
     [166403.82,6827449.36],
     [166280.37,6827605.83]
    ]
   },
   "properties": {
    "name": null,
    "kind": "stream",
    "source": "N50 Kartdata, Kartverket, CC BY 4.0"
   }
  },
  {
   "type": "Feature",
   "geometry": {
    "type": "LineString",
    "coordinates": [
     [170988.19,6832625.08],
     [170979.58,6832640.1],
     [170980.22,6832693.58],
     [170960.82,6832741.14],
     [170958.8,6832778.6],
     [170912.16,6832829.23],
     [170879.82,6832850.49],
     [170836.49,6832855.07],
     [170774.98,6832906.18],
     [170726.75,6832918.4],
     [170679.11,6832992.27],
     [170613.03,6833000.86],
     [170581.61,6833018.07],
     [170538.3,6833012.8]
    ]
   },
   "properties": {
    "name": null,
    "kind": "stream",
    "source": "N50 Kartdata, Kartverket, CC BY 4.0"
   }
  },
  {
   "type": "Feature",
   "geometry": {
    "type": "LineString",
    "coordinates": [
     [172991.31,6841155.74],
     [172992.08,6841132.22],
     [172979.86,6841106.51],
     [172974.22,6841023.66],
     [172986.56,6840958.36],
     [172981.47,6840878.82],
     [172991.96,6840823.46],
     [172984.73,6840752.33],
     [173022.46,6840703.04],
     [173006.4,6840638.54],
     [173038.58,6840603.91],
     [173041.16,6840588.04],
     [173085.64,6840576.01],
     [173097.96,6840558.43]
    ]
   },
   "properties": {
    "name": null,
    "kind": "stream",
    "source": "N50 Kartdata, Kartverket, CC BY 4.0"
   }
  },
  {
   "type": "Feature",
   "geometry": {
    "type": "LineString",
    "coordinates": [
     [162865.09,6842746.72],
     [162862.81,6842762.55],
     [162878.35,6842782.01],
     [162918.34,6842792.14],
     [162927.82,6842811.24],
     [162946.52,6842818.9],
     [162954.49,6842833.56],
     [162924.19,6842872.51],
     [162876.5,6842977.05],
     [162896.86,6843034.76],
     [162982.76,6843103.2],
     [163014.0,6843104.62],
     [163028.54,6843114.34],
     [163059.11,6843109.01],
     [163121.51,6843081.4],
     [163163.76,6843095.24]
    ]
   },
   "properties": {
    "name": null,
    "kind": "stream",
    "source": "N50 Kartdata, Kartverket, CC BY 4.0"
   }
  },
  {
   "type": "Feature",
   "geometry": {
    "type": "LineString",
    "coordinates": [
     [165251.9,6841654.47],
     [165337.8,6841640.96],
     [165421.14,6841594.31],
     [165459.35,6841584.77],
     [165482.29,6841562.51],
     [165566.02,6841528.35],
     [165603.19,6841490.18],
     [165704.75,6841427.69],
     [165740.2,6841419.08],
     [165745.7,6841400.4],
     [165727.51,6841379.81],
     [165722.09,6841359.59],
     [165730.2,6841348.76],
     [165763.17,6841345.04]
    ]
   },
   "properties": {
    "name": null,
    "kind": "stream",
    "source": "N50 Kartdata, Kartverket, CC BY 4.0"
   }
  },
  {
   "type": "Feature",
   "geometry": {
    "type": "LineString",
    "coordinates": [
     [156929.98,6834577.72],
     [156914.83,6834594.58],
     [156854.54,6834597.59],
     [156837.14,6834611.2],
     [156783.78,6834610.26],
     [156698.79,6834624.68],
     [156647.55,6834605.18],
     [156575.12,6834613.26],
     [156528.23,6834596.94],
     [156475.55,6834561.37],
     [156434.96,6834556.84],
     [156296.45,6834582.91]
    ]
   },
   "properties": {
    "name": null,
    "kind": "stream",
    "source": "N50 Kartdata, Kartverket, CC BY 4.0"
   }
  },
  {
   "type": "Feature",
   "geometry": {
    "type": "LineString",
    "coordinates": [
     [172835.64,6828241.63],
     [172793.85,6828260.61],
     [172750.52,6828268.1],
     [172708.17,6828293.56],
     [172665.88,6828349.76],
     [172629.5,6828345.76],
     [172608.23,6828335.24],
     [172582.92,6828342.3],
     [172567.36,6828332.13],
     [172510.03,6828344.13],
     [172446.3,6828387.42],
     [172439.21,6828414.81],
     [172375.8,6828446.06],
     [172335.87,6828489.7],
     [172340.12,6828508.77],
     [172324.09,6828536.82]
    ]
   },
   "properties": {
    "name": null,
    "kind": "stream",
    "source": "N50 Kartdata, Kartverket, CC BY 4.0"
   }
  },
  {
   "type": "Feature",
   "geometry": {
    "type": "LineString",
    "coordinates": [
     [163300.45,6826880.0],
     [163227.02,6827008.58],
     [163172.17,6827056.39],
     [163162.72,6827099.22],
     [163164.03,6827140.54],
     [163141.67,6827178.33],
     [163086.04,6827228.01],
     [163056.03,6827244.14],
     [163016.98,6827291.01],
     [162950.84,6827314.74],
     [162917.84,6827318.35],
     [162886.69,6827333.9]
    ]
   },
   "properties": {
    "name": null,
    "kind": "stream",
    "source": "N50 Kartdata, Kartverket, CC BY 4.0"
   }
  },
  {
   "type": "Feature",
   "geometry": {
    "type": "LineString",
    "coordinates": [
     [164690.74,6839419.36],
     [164674.53,6839470.18],
     [164607.71,6839571.2],
     [164484.3,6839724.6],
     [164320.8,6839857.79],
     [164253.88,6839888.32]
    ]
   },
   "properties": {
    "name": null,
    "kind": "stream",
    "source": "N50 Kartdata, Kartverket, CC BY 4.0"
   }
  },
  {
   "type": "Feature",
   "geometry": {
    "type": "LineString",
    "coordinates": [
     [160246.56,6835764.52],
     [160241.21,6835745.76],
     [160253.92,6835716.5],
     [160312.38,6835671.3],
     [160319.11,6835643.06],
     [160318.27,6835591.08],
     [160287.79,6835557.07],
     [160289.31,6835523.85],
     [160254.96,6835453.49],
     [160324.62,6835370.2],
     [160328.0,6835356.8],
     [160326.64,6835329.59],
     [160306.13,6835286.0],
     [160282.81,6835197.8]
    ]
   },
   "properties": {
    "name": null,
    "kind": "stream",
    "source": "N50 Kartdata, Kartverket, CC BY 4.0"
   }
  },
  {
   "type": "Feature",
   "geometry": {
    "type": "LineString",
    "coordinates": [
     [168423.76,6841858.36],
     [168396.93,6841828.83],
     [168334.87,6841795.37],
     [168319.62,6841759.91],
     [168293.12,6841755.93],
     [168261.65,6841732.83],
     [168264.17,6841688.86],
     [168246.4,6841668.38],
     [168251.56,6841649.3],
     [168238.73,6841589.37],
     [168169.15,6841421.89],
     [168179.91,6841381.41],
     [168179.9,6841319.5]
    ]
   },
   "properties": {
    "name": null,
    "kind": "stream",
    "source": "N50 Kartdata, Kartverket, CC BY 4.0"
   }
  },
  {
   "type": "Feature",
   "geometry": {
    "type": "LineString",
    "coordinates": [
     [163300.18,6841118.86],
     [163357.41,6841104.13],
     [163416.01,6841060.67],
     [163466.24,6841050.52],
     [163549.88,6840983.48],
     [163610.23,6840972.24],
     [163647.01,6840953.55],
     [163786.4,6840837.98],
     [163861.95,6840819.33]
    ]
   },
   "properties": {
    "name": null,
    "kind": "stream",
    "source": "N50 Kartdata, Kartverket, CC BY 4.0"
   }
  },
  {
   "type": "Feature",
   "geometry": {
    "type": "LineString",
    "coordinates": [
     [168959.52,6841643.38],
     [168966.31,6841626.15],
     [168964.34,6841578.15],
     [168992.15,6841511.8],
     [168988.85,6841446.95],
     [168977.69,6841392.31],
     [168940.25,6841345.79],
     [168955.73,6841288.37],
     [168953.18,6841243.16],
     [168988.31,6841230.61],
     [169015.15,6841208.96],
     [169025.24,6841120.7],
     [169033.29,6841104.29],
     [169023.64,6841058.49]
    ]
   },
   "properties": {
    "name": null,
    "kind": "stream",
    "source": "N50 Kartdata, Kartverket, CC BY 4.0"
   }
  },
  {
   "type": "Feature",
   "geometry": {
    "type": "LineString",
    "coordinates": [
     [172772.93,6828796.58],
     [172670.21,6828763.22],
     [172602.72,6828759.73],
     [172589.63,6828766.86],
     [172550.01,6828756.02],
     [172519.1,6828762.15],
     [172448.85,6828734.05],
     [172393.44,6828724.46],
     [172371.14,6828699.95],
     [172349.67,6828707.02],
     [172291.4,6828697.97],
     [172215.11,6828705.77],
     [172185.06,6828682.97],
     [172160.67,6828684.31]
    ]
   },
   "properties": {
    "name": null,
    "kind": "stream",
    "source": "N50 Kartdata, Kartverket, CC BY 4.0"
   }
  },
  {
   "type": "Feature",
   "geometry": {
    "type": "LineString",
    "coordinates": [
     [168261.04,6830483.54],
     [168254.18,6830444.81],
     [168268.2,6830422.0],
     [168288.82,6830264.32],
     [168303.29,6830246.61],
     [168321.68,6830193.42],
     [168356.08,6830154.91],
     [168393.02,6830132.21],
     [168426.07,6830076.27],
     [168427.37,6830015.86],
     [168456.75,6829972.55],
     [168479.88,6829907.96]
    ]
   },
   "properties": {
    "name": null,
    "kind": "stream",
    "source": "N50 Kartdata, Kartverket, CC BY 4.0"
   }
  },
  {
   "type": "Feature",
   "geometry": {
    "type": "LineString",
    "coordinates": [
     [161331.11,6842950.55],
     [161475.84,6843011.14],
     [161524.72,6843005.32],
     [161585.04,6843030.42],
     [161680.66,6843095.7],
     [161800.93,6843218.33],
     [161873.2,6843264.0]
    ]
   },
   "properties": {
    "name": null,
    "kind": "stream",
    "source": "N50 Kartdata, Kartverket, CC BY 4.0"
   }
  },
  {
   "type": "Feature",
   "geometry": {
    "type": "LineString",
    "coordinates": [
     [155904.0,6837835.9],
     [155923.7,6837835.22],
     [156041.77,6837861.51],
     [156130.93,6837944.79],
     [156228.43,6837965.95],
     [156318.08,6837956.66],
     [156381.98,6837940.7],
     [156430.21,6837940.26],
     [156506.08,6837923.2]
    ]
   },
   "properties": {
    "name": null,
    "kind": "stream",
    "source": "N50 Kartdata, Kartverket, CC BY 4.0"
   }
  },
  {
   "type": "Feature",
   "geometry": {
    "type": "LineString",
    "coordinates": [
     [168423.76,6841858.36],
     [168405.59,6841741.09],
     [168371.77,6841695.39],
     [168364.73,6841643.29],
     [168385.75,6841619.02],
     [168387.85,6841594.67],
     [168399.34,6841588.47],
     [168422.99,6841549.81],
     [168436.3,6841511.62],
     [168441.15,6841447.98],
     [168430.19,6841438.09],
     [168424.17,6841405.74],
     [168380.69,6841327.42],
     [168381.48,6841270.84]
    ]
   },
   "properties": {
    "name": null,
    "kind": "stream",
    "source": "N50 Kartdata, Kartverket, CC BY 4.0"
   }
  },
  {
   "type": "Feature",
   "geometry": {
    "type": "LineString",
    "coordinates": [
     [171396.45,6839462.54],
     [171418.23,6839448.86],
     [171428.52,6839468.77],
     [171441.06,6839473.73],
     [171484.36,6839469.26],
     [171507.23,6839453.73],
     [171531.27,6839461.53],
     [171558.84,6839457.32],
     [171587.9,6839441.87],
     [171588.97,6839428.87],
     [171617.73,6839404.68],
     [171716.29,6839450.83],
     [171733.73,6839496.03],
     [171769.2,6839505.19],
     [171798.66,6839497.92],
     [171804.16,6839511.71],
     [171856.2,6839554.98],
     [171881.69,6839544.09],
     [171900.36,6839517.14]
    ]
   },
   "properties": {
    "name": null,
    "kind": "stream",
    "source": "N50 Kartdata, Kartverket, CC BY 4.0"
   }
  },
  {
   "type": "Feature",
   "geometry": {
    "type": "LineString",
    "coordinates": [
     [167618.61,6842282.45],
     [167682.33,6842173.82],
     [167680.28,6842091.25],
     [167712.74,6842004.43],
     [167746.88,6841953.56],
     [167749.93,6841908.65],
     [167781.41,6841841.35],
     [167779.98,6841802.21],
     [167845.95,6841707.43]
    ]
   },
   "properties": {
    "name": null,
    "kind": "stream",
    "source": "N50 Kartdata, Kartverket, CC BY 4.0"
   }
  },
  {
   "type": "Feature",
   "geometry": {
    "type": "LineString",
    "coordinates": [
     [170035.26,6835712.39],
     [169964.71,6835775.4],
     [169962.43,6835793.38],
     [170000.83,6835856.62],
     [170009.25,6835966.55],
     [170030.52,6836025.04],
     [170033.48,6836068.36],
     [170070.54,6836149.9],
     [170073.31,6836208.65],
     [170089.6,6836290.52]
    ]
   },
   "properties": {
    "name": null,
    "kind": "stream",
    "source": "N50 Kartdata, Kartverket, CC BY 4.0"
   }
  },
  {
   "type": "Feature",
   "geometry": {
    "type": "LineString",
    "coordinates": [
     [172856.09,6830764.17],
     [172827.29,6830795.7],
     [172814.14,6830856.08],
     [172710.95,6830998.51],
     [172649.07,6831066.72],
     [172575.06,6831183.38],
     [172548.95,6831212.55],
     [172541.39,6831250.36],
     [172521.29,6831288.35]
    ]
   },
   "properties": {
    "name": null,
    "kind": "stream",
    "source": "N50 Kartdata, Kartverket, CC BY 4.0"
   }
  },
  {
   "type": "Feature",
   "geometry": {
    "type": "LineString",
    "coordinates": [
     [160007.77,6836648.8],
     [160079.37,6836647.92],
     [160196.1,6836667.67],
     [160271.6,6836650.72],
     [160291.0,6836667.9],
     [160346.9,6836686.0],
     [160363.66,6836702.8],
     [160412.4,6836715.37],
     [160429.09,6836712.43],
     [160443.19,6836692.98],
     [160466.72,6836689.57],
     [160517.57,6836704.34],
     [160514.38,6836667.13],
     [160563.34,6836669.28]
    ]
   },
   "properties": {
    "name": null,
    "kind": "stream",
    "source": "N50 Kartdata, Kartverket, CC BY 4.0"
   }
  },
  {
   "type": "Feature",
   "geometry": {
    "type": "LineString",
    "coordinates": [
     [169180.63,6839286.02],
     [169264.87,6839296.89],
     [169307.13,6839284.78],
     [169446.8,6839273.08],
     [169537.27,6839295.42],
     [169630.78,6839295.06],
     [169800.41,6839335.17]
    ]
   },
   "properties": {
    "name": null,
    "kind": "stream",
    "source": "N50 Kartdata, Kartverket, CC BY 4.0"
   }
  },
  {
   "type": "Feature",
   "geometry": {
    "type": "LineString",
    "coordinates": [
     [172682.93,6829368.46],
     [172663.27,6829387.7],
     [172479.3,6829434.33],
     [172442.23,6829473.24],
     [172401.15,6829489.58],
     [172331.09,6829556.65],
     [172297.6,6829556.14],
     [172274.89,6829579.84],
     [172212.61,6829614.05],
     [172183.55,6829655.41],
     [172177.24,6829680.73]
    ]
   },
   "properties": {
    "name": null,
    "kind": "stream",
    "source": "N50 Kartdata, Kartverket, CC BY 4.0"
   }
  },
  {
   "type": "Feature",
   "geometry": {
    "type": "LineString",
    "coordinates": [
     [175326.02,6835457.9],
     [175299.11,6835492.34],
     [175253.33,6835497.87],
     [175240.35,6835521.56],
     [175210.19,6835522.24],
     [175187.54,6835638.72],
     [175170.82,6835651.73],
     [175157.1,6835678.95],
     [175124.31,6835699.43],
     [175120.3,6835736.82],
     [175096.64,6835749.76],
     [175084.12,6835795.5],
     [175066.93,6835815.77],
     [175079.54,6835908.95],
     [175071.69,6835944.59]
    ]
   },
   "properties": {
    "name": null,
    "kind": "stream",
    "source": "N50 Kartdata, Kartverket, CC BY 4.0"
   }
  },
  {
   "type": "Feature",
   "geometry": {
    "type": "LineString",
    "coordinates": [
     [173191.87,6833280.93],
     [173174.8,6833287.3],
     [173175.95,6833316.07],
     [173159.62,6833352.74],
     [173117.18,6833368.51],
     [173091.62,6833454.02],
     [173101.06,6833494.49],
     [173087.32,6833533.79],
     [173097.29,6833601.22],
     [173069.61,6833781.51],
     [173075.13,6833850.82]
    ]
   },
   "properties": {
    "name": null,
    "kind": "stream",
    "source": "N50 Kartdata, Kartverket, CC BY 4.0"
   }
  },
  {
   "type": "Feature",
   "geometry": {
    "type": "LineString",
    "coordinates": [
     [168423.03,6840442.05],
     [168462.04,6840708.19],
     [168491.22,6840744.01],
     [168499.17,6840789.9],
     [168553.14,6840897.67],
     [168568.82,6841039.19]
    ]
   },
   "properties": {
    "name": null,
    "kind": "stream",
    "source": "N50 Kartdata, Kartverket, CC BY 4.0"
   }
  },
  {
   "type": "Feature",
   "geometry": {
    "type": "LineString",
    "coordinates": [
     [157735.38,6834749.04],
     [157706.76,6834785.53],
     [157680.33,6834802.89],
     [157681.37,6834822.86],
     [157670.27,6834845.69],
     [157679.17,6834968.17],
     [157667.2,6835001.95],
     [157679.86,6835134.62],
     [157669.77,6835159.44],
     [157674.63,6835193.03],
     [157657.84,6835234.26],
     [157666.18,6835336.41]
    ]
   },
   "properties": {
    "name": null,
    "kind": "stream",
    "source": "N50 Kartdata, Kartverket, CC BY 4.0"
   }
  },
  {
   "type": "Feature",
   "geometry": {
    "type": "LineString",
    "coordinates": [
     [162812.52,6842038.24],
     [162863.7,6842077.94],
     [162930.34,6842150.77],
     [162938.59,6842298.29],
     [162932.28,6842315.61],
     [162934.65,6842328.98],
     [162958.0,6842354.71],
     [162953.22,6842403.63],
     [162959.15,6842446.96],
     [163068.14,6842551.87]
    ]
   },
   "properties": {
    "name": null,
    "kind": "stream",
    "source": "N50 Kartdata, Kartverket, CC BY 4.0"
   }
  },
  {
   "type": "Feature",
   "geometry": {
    "type": "LineString",
    "coordinates": [
     [163048.2,6840236.2],
     [163098.31,6840214.18],
     [163253.3,6840075.16],
     [163355.82,6840017.1],
     [163385.13,6840003.51],
     [163444.74,6839995.59],
     [163521.66,6839969.83],
     [163588.78,6839963.34]
    ]
   },
   "properties": {
    "name": null,
    "kind": "stream",
    "source": "N50 Kartdata, Kartverket, CC BY 4.0"
   }
  },
  {
   "type": "Feature",
   "geometry": {
    "type": "LineString",
    "coordinates": [
     [172388.15,6830067.88],
     [172366.89,6830089.28],
     [172348.51,6830136.39],
     [172324.06,6830170.04],
     [172322.13,6830220.05],
     [172271.41,6830308.93],
     [172245.75,6830334.23],
     [172208.96,6830408.86],
     [172204.13,6830443.59],
     [172187.92,6830461.15],
     [172154.4,6830540.99],
     [172146.26,6830578.69],
     [172119.18,6830609.05]
    ]
   },
   "properties": {
    "name": null,
    "kind": "stream",
    "source": "N50 Kartdata, Kartverket, CC BY 4.0"
   }
  },
  {
   "type": "Feature",
   "geometry": {
    "type": "LineString",
    "coordinates": [
     [166690.49,6842302.39],
     [166680.99,6842261.18],
     [166668.3,6842242.74],
     [166663.31,6842118.43],
     [166698.69,6842080.78],
     [166701.67,6842043.57],
     [166732.61,6842008.71],
     [166747.1,6841972.17],
     [166724.72,6841914.61],
     [166720.8,6841851.41],
     [166733.93,6841818.8],
     [166766.99,6841784.1],
     [166788.96,6841776.81],
     [166793.7,6841757.2]
    ]
   },
   "properties": {
    "name": null,
    "kind": "stream",
    "source": "N50 Kartdata, Kartverket, CC BY 4.0"
   }
  },
  {
   "type": "Feature",
   "geometry": {
    "type": "LineString",
    "coordinates": [
     [169832.06,6841402.25],
     [169870.79,6841379.3],
     [169869.33,6841342.29],
     [169877.99,6841305.16],
     [169868.97,6841286.8],
     [169859.72,6841205.64],
     [169775.79,6841034.83],
     [169774.41,6841016.36],
     [169797.39,6840981.97],
     [169804.38,6840954.51],
     [169788.06,6840887.45],
     [169790.9,6840843.02]
    ]
   },
   "properties": {
    "name": null,
    "kind": "stream",
    "source": "N50 Kartdata, Kartverket, CC BY 4.0"
   }
  },
  {
   "type": "Feature",
   "geometry": {
    "type": "LineString",
    "coordinates": [
     [174586.24,6830552.32],
     [174556.28,6830594.36],
     [174509.99,6830614.93],
     [174468.87,6830622.42],
     [174440.05,6830644.13],
     [174423.97,6830674.5],
     [174400.94,6830683.04],
     [174388.32,6830697.95],
     [174348.74,6830716.25],
     [174334.21,6830733.19],
     [174277.3,6830766.7],
     [174251.47,6830807.16],
     [174153.67,6830857.82],
     [174133.31,6830891.13],
     [174108.06,6830894.7]
    ]
   },
   "properties": {
    "name": null,
    "kind": "stream",
    "source": "N50 Kartdata, Kartverket, CC BY 4.0"
   }
  },
  {
   "type": "Feature",
   "geometry": {
    "type": "LineString",
    "coordinates": [
     [170263.16,6843264.0],
     [170272.68,6843245.67],
     [170294.5,6843218.31],
     [170391.51,6843136.38],
     [170429.59,6843047.93],
     [170490.27,6843033.31],
     [170511.61,6843014.86],
     [170567.64,6842997.78],
     [170615.56,6842964.78],
     [170645.07,6842974.19],
     [170739.73,6842968.62]
    ]
   },
   "properties": {
    "name": null,
    "kind": "stream",
    "source": "N50 Kartdata, Kartverket, CC BY 4.0"
   }
  },
  {
   "type": "Feature",
   "geometry": {
    "type": "LineString",
    "coordinates": [
     [173801.13,6831230.22],
     [173814.75,6831261.83],
     [173817.55,6831296.8],
     [173808.48,6831356.12],
     [173784.37,6831373.4],
     [173769.88,6831398.75],
     [173711.51,6831442.59],
     [173686.97,6831500.77],
     [173625.64,6831511.54],
     [173608.62,6831524.35],
     [173568.93,6831534.44],
     [173518.8,6831606.84],
     [173516.24,6831624.71],
     [173485.46,6831645.59],
     [173477.89,6831662.7]
    ]
   },
   "properties": {
    "name": null,
    "kind": "stream",
    "source": "N50 Kartdata, Kartverket, CC BY 4.0"
   }
  },
  {
   "type": "Feature",
   "geometry": {
    "type": "LineString",
    "coordinates": [
     [174478.96,6827645.4],
     [174377.98,6827594.45],
     [174350.17,6827558.97],
     [174322.38,6827541.66],
     [174272.02,6827529.24],
     [174227.7,6827493.54],
     [174148.18,6827369.8],
     [174145.02,6827333.41],
     [174172.39,6827288.32],
     [174171.84,6827243.82],
     [174158.53,6827217.88]
    ]
   },
   "properties": {
    "name": null,
    "kind": "stream",
    "source": "N50 Kartdata, Kartverket, CC BY 4.0"
   }
  },
  {
   "type": "Feature",
   "geometry": {
    "type": "LineString",
    "coordinates": [
     [175654.68,6836003.94],
     [175640.76,6836031.64],
     [175629.21,6836086.48],
     [175566.64,6836150.12],
     [175536.25,6836242.82],
     [175514.32,6836270.19],
     [175482.33,6836288.93],
     [175464.03,6836310.02],
     [175467.11,6836367.93],
     [175478.06,6836393.99],
     [175456.5,6836399.2],
     [175452.69,6836428.72],
     [175434.21,6836438.3],
     [175383.54,6836438.33],
     [175375.36,6836461.06]
    ]
   },
   "properties": {
    "name": null,
    "kind": "stream",
    "source": "N50 Kartdata, Kartverket, CC BY 4.0"
   }
  },
  {
   "type": "Feature",
   "geometry": {
    "type": "LineString",
    "coordinates": [
     [175616.5,6839734.18],
     [175667.29,6839870.27],
     [175696.64,6839915.82],
     [175713.98,6839994.66],
     [175720.73,6840089.56],
     [175693.71,6840199.68],
     [175694.59,6840317.87]
    ]
   },
   "properties": {
    "name": null,
    "kind": "stream",
    "source": "N50 Kartdata, Kartverket, CC BY 4.0"
   }
  },
  {
   "type": "Feature",
   "geometry": {
    "type": "LineString",
    "coordinates": [
     [158389.74,6831655.47],
     [158435.51,6831593.3],
     [158441.47,6831529.57],
     [158426.92,6831508.01],
     [158429.89,6831464.09],
     [158417.3,6831440.74],
     [158414.27,6831404.38],
     [158372.65,6831298.86],
     [158365.09,6831238.15],
     [158346.98,6831206.5],
     [158348.74,6831163.35],
     [158333.56,6831121.34],
     [158339.7,6831089.88]
    ]
   },
   "properties": {
    "name": null,
    "kind": "stream",
    "source": "N50 Kartdata, Kartverket, CC BY 4.0"
   }
  },
  {
   "type": "Feature",
   "geometry": {
    "type": "LineString",
    "coordinates": [
     [165582.73,6832796.15],
     [165555.84,6832766.32],
     [165558.52,6832737.92],
     [165592.07,6832694.54],
     [165599.46,6832666.3],
     [165626.44,6832654.67],
     [165639.31,6832629.13],
     [165636.73,6832616.66],
     [165616.95,6832598.37],
     [165615.87,6832583.23],
     [165627.53,6832559.43],
     [165618.95,6832516.25],
     [165596.98,6832485.18],
     [165591.16,6832452.19],
     [165548.98,6832405.92],
     [165525.21,6832396.96],
     [165440.18,6832399.16],
     [165420.31,6832392.84]
    ]
   },
   "properties": {
    "name": null,
    "kind": "stream",
    "source": "N50 Kartdata, Kartverket, CC BY 4.0"
   }
  },
  {
   "type": "Feature",
   "geometry": {
    "type": "LineString",
    "coordinates": [
     [158127.67,6836280.42],
     [158186.97,6836227.96],
     [158251.21,6836148.22],
     [158325.78,6836091.0],
     [158429.93,6836075.88],
     [158526.08,6836076.57],
     [158631.84,6836012.02]
    ]
   },
   "properties": {
    "name": null,
    "kind": "stream",
    "source": "N50 Kartdata, Kartverket, CC BY 4.0"
   }
  },
  {
   "type": "Feature",
   "geometry": {
    "type": "LineString",
    "coordinates": [
     [157850.61,6835880.62],
     [157827.62,6835821.45],
     [157817.55,6835758.6],
     [157791.19,6835722.06],
     [157782.18,6835686.94],
     [157770.03,6835679.1],
     [157716.63,6835680.17],
     [157677.38,6835661.38],
     [157618.54,6835666.97],
     [157553.52,6835695.79],
     [157500.16,6835750.34],
     [157429.23,6835772.08]
    ]
   },
   "properties": {
    "name": null,
    "kind": "stream",
    "source": "N50 Kartdata, Kartverket, CC BY 4.0"
   }
  },
  {
   "type": "Feature",
   "geometry": {
    "type": "LineString",
    "coordinates": [
     [173954.21,6831372.14],
     [173931.53,6831404.91],
     [173920.3,6831453.08],
     [173873.8,6831506.64],
     [173808.98,6831528.8],
     [173777.29,6831528.43],
     [173711.9,6831556.28],
     [173676.07,6831597.51],
     [173597.11,6831615.66],
     [173560.83,6831634.27],
     [173529.32,6831635.59],
     [173508.53,6831656.26],
     [173477.89,6831662.7]
    ]
   },
   "properties": {
    "name": null,
    "kind": "stream",
    "source": "N50 Kartdata, Kartverket, CC BY 4.0"
   }
  },
  {
   "type": "Feature",
   "geometry": {
    "type": "LineString",
    "coordinates": [
     [160273.33,6832461.31],
     [160282.1,6832437.08],
     [160307.85,6832414.12],
     [160314.63,6832377.7],
     [160310.93,6832346.56],
     [160294.12,6832318.05],
     [160277.49,6832213.86],
     [160286.44,6832123.51],
     [160272.62,6832065.33],
     [160242.39,6832001.18],
     [160208.62,6831964.87],
     [160198.06,6831904.32]
    ]
   },
   "properties": {
    "name": null,
    "kind": "stream",
    "source": "N50 Kartdata, Kartverket, CC BY 4.0"
   }
  },
  {
   "type": "Feature",
   "geometry": {
    "type": "LineString",
    "coordinates": [
     [171705.58,6843264.0],
     [171735.43,6843213.41],
     [171759.28,6843144.41],
     [171797.66,6843086.56],
     [171806.13,6843007.98],
     [171785.54,6842978.65],
     [171783.42,6842958.65],
     [171801.38,6842934.2],
     [171800.08,6842917.81],
     [171818.55,6842902.04],
     [171851.02,6842900.45],
     [171863.96,6842890.85],
     [171905.46,6842892.67],
     [171994.83,6842846.01]
    ]
   },
   "properties": {
    "name": null,
    "kind": "stream",
    "source": "N50 Kartdata, Kartverket, CC BY 4.0"
   }
  },
  {
   "type": "Feature",
   "geometry": {
    "type": "LineString",
    "coordinates": [
     [160927.21,6837038.85],
     [160980.91,6837053.19],
     [161002.46,6837050.88],
     [161042.73,6837026.34],
     [161090.52,6837019.77],
     [161119.87,6837027.29],
     [161153.51,6837060.16],
     [161180.06,6837129.65],
     [161219.93,6837187.11],
     [161289.89,6837240.2],
     [161320.28,6837253.28],
     [161359.41,6837258.21],
     [161397.0,6837279.84]
    ]
   },
   "properties": {
    "name": null,
    "kind": "stream",
    "source": "N50 Kartdata, Kartverket, CC BY 4.0"
   }
  },
  {
   "type": "Feature",
   "geometry": {
    "type": "LineString",
    "coordinates": [
     [173748.04,6837511.23],
     [173771.16,6837500.72],
     [173786.13,6837482.75],
     [173805.89,6837384.95],
     [173848.29,6837354.46],
     [173910.03,6837326.06],
     [173940.66,6837280.49],
     [173971.93,6837250.12],
     [174020.56,6837219.03],
     [174038.22,6837191.52],
     [174085.57,6837064.28]
    ]
   },
   "properties": {
    "name": null,
    "kind": "stream",
    "source": "N50 Kartdata, Kartverket, CC BY 4.0"
   }
  },
  {
   "type": "Feature",
   "geometry": {
    "type": "LineString",
    "coordinates": [
     [165420.31,6832392.84],
     [165356.15,6832310.45],
     [165349.73,6832206.36],
     [165331.35,6832134.51],
     [165266.3,6832058.43],
     [165241.88,6832012.21],
     [165206.91,6831968.62],
     [165198.84,6831909.54],
     [165184.75,6831871.66]
    ]
   },
   "properties": {
    "name": null,
    "kind": "stream",
    "source": "N50 Kartdata, Kartverket, CC BY 4.0"
   }
  },
  {
   "type": "Feature",
   "geometry": {
    "type": "LineString",
    "coordinates": [
     [170893.33,6842904.36],
     [170977.07,6842924.44],
     [170998.74,6842899.67],
     [171106.37,6842869.16],
     [171176.6,6842837.9],
     [171251.98,6842786.83],
     [171307.51,6842774.11],
     [171370.46,6842735.53],
     [171376.12,6842719.69],
     [171360.15,6842682.21]
    ]
   },
   "properties": {
    "name": null,
    "kind": "stream",
    "source": "N50 Kartdata, Kartverket, CC BY 4.0"
   }
  },
  {
   "type": "Feature",
   "geometry": {
    "type": "LineString",
    "coordinates": [
     [168155.11,6827341.92],
     [168119.87,6827367.42],
     [168082.54,6827375.88],
     [168055.64,6827401.13],
     [167990.5,6827407.02],
     [167957.58,6827428.86],
     [167881.32,6827433.08],
     [167845.3,6827451.24],
     [167770.37,6827452.82],
     [167740.89,6827482.59],
     [167713.98,6827496.19],
     [167617.28,6827516.23]
    ]
   },
   "properties": {
    "name": null,
    "kind": "stream",
    "source": "N50 Kartdata, Kartverket, CC BY 4.0"
   }
  },
  {
   "type": "Feature",
   "geometry": {
    "type": "LineString",
    "coordinates": [
     [168905.02,6835774.0],
     [168920.51,6835791.99],
     [168927.57,6835833.3],
     [168995.56,6835967.93],
     [169003.44,6836000.79],
     [168996.11,6836241.74],
     [168999.6,6836282.61],
     [169017.13,6836332.85]
    ]
   },
   "properties": {
    "name": null,
    "kind": "stream",
    "source": "N50 Kartdata, Kartverket, CC BY 4.0"
   }
  },
  {
   "type": "Feature",
   "geometry": {
    "type": "LineString",
    "coordinates": [
     [176384.0,6842215.92],
     [176382.56,6842216.47],
     [176332.07,6842209.1],
     [176303.98,6842187.82],
     [176289.68,6842192.75],
     [176286.83,6842207.65],
     [176270.1,6842222.56],
     [176250.14,6842228.53],
     [176183.43,6842156.5],
     [176124.56,6842172.52],
     [176065.53,6842222.1],
     [176030.39,6842231.86],
     [176015.28,6842251.72],
     [175991.17,6842252.62],
     [175977.86,6842265.68],
     [175934.26,6842259.08],
     [175903.21,6842281.18]
    ]
   },
   "properties": {
    "name": null,
    "kind": "stream",
    "source": "N50 Kartdata, Kartverket, CC BY 4.0"
   }
  },
  {
   "type": "Feature",
   "geometry": {
    "type": "LineString",
    "coordinates": [
     [162290.06,6839097.83],
     [162448.19,6839091.74],
     [162475.92,6839080.01],
     [162518.18,6839039.59],
     [162598.33,6839030.07],
     [162647.96,6838988.4],
     [162725.7,6838879.22],
     [162772.3,6838846.41]
    ]
   },
   "properties": {
    "name": null,
    "kind": "stream",
    "source": "N50 Kartdata, Kartverket, CC BY 4.0"
   }
  },
  {
   "type": "Feature",
   "geometry": {
    "type": "LineString",
    "coordinates": [
     [162839.36,6840698.32],
     [162950.71,6840592.86],
     [162990.66,6840532.82],
     [163064.0,6840461.11],
     [163101.83,6840412.07],
     [163246.59,6840287.62]
    ]
   },
   "properties": {
    "name": null,
    "kind": "stream",
    "source": "N50 Kartdata, Kartverket, CC BY 4.0"
   }
  },
  {
   "type": "Feature",
   "geometry": {
    "type": "LineString",
    "coordinates": [
     [156444.32,6832665.17],
     [156418.33,6832671.39],
     [156369.63,6832709.81],
     [156333.45,6832716.06],
     [156287.93,6832737.92],
     [156256.44,6832741.18],
     [156167.24,6832743.25],
     [155968.03,6832682.64],
     [155904.0,6832642.81]
    ]
   },
   "properties": {
    "name": null,
    "kind": "stream",
    "source": "N50 Kartdata, Kartverket, CC BY 4.0"
   }
  },
  {
   "type": "Feature",
   "geometry": {
    "type": "LineString",
    "coordinates": [
     [169720.98,6841352.43],
     [169705.78,6841332.02],
     [169701.28,6841301.08],
     [169688.45,6841281.59],
     [169645.18,6841248.15],
     [169620.16,6841238.17],
     [169613.2,6841220.39],
     [169645.31,6841174.39],
     [169615.65,6841121.63],
     [169611.42,6841095.16],
     [169655.8,6841002.77],
     [169645.83,6840917.52],
     [169668.94,6840883.34],
     [169690.28,6840867.86]
    ]
   },
   "properties": {
    "name": null,
    "kind": "stream",
    "source": "N50 Kartdata, Kartverket, CC BY 4.0"
   }
  },
  {
   "type": "Feature",
   "geometry": {
    "type": "LineString",
    "coordinates": [
     [164211.69,6842361.42],
     [164252.99,6842382.54],
     [164276.5,6842385.78],
     [164302.97,6842362.54],
     [164346.43,6842342.65],
     [164402.33,6842345.7],
     [164475.8,6842320.12],
     [164518.88,6842296.3],
     [164526.4,6842277.21],
     [164573.84,6842232.3],
     [164597.33,6842227.59],
     [164619.78,6842211.49],
     [164670.55,6842206.44],
     [164713.17,6842170.91]
    ]
   },
   "properties": {
    "name": "Blåtjønnåe",
    "kind": "stream",
    "source": "N50 Kartdata, Kartverket, CC BY 4.0"
   }
  },
  {
   "type": "Feature",
   "geometry": {
    "type": "LineString",
    "coordinates": [
     [157057.04,6840977.36],
     [157053.33,6840965.88],
     [157010.84,6840936.29],
     [156929.16,6840897.61],
     [156862.06,6840830.97],
     [156827.01,6840777.15],
     [156803.76,6840760.84],
     [156794.93,6840705.77],
     [156752.58,6840639.98],
     [156725.27,6840633.67],
     [156673.16,6840580.04]
    ]
   },
   "properties": {
    "name": null,
    "kind": "stream",
    "source": "N50 Kartdata, Kartverket, CC BY 4.0"
   }
  },
  {
   "type": "Feature",
   "geometry": {
    "type": "LineString",
    "coordinates": [
     [162405.68,6836605.79],
     [162445.13,6836671.8],
     [162530.07,6836717.03],
     [162553.37,6836712.17],
     [162590.19,6836674.39],
     [162619.74,6836678.46],
     [162633.41,6836748.7],
     [162694.92,6836837.88],
     [162710.45,6836890.39],
     [162755.93,6836931.28]
    ]
   },
   "properties": {
    "name": null,
    "kind": "stream",
    "source": "N50 Kartdata, Kartverket, CC BY 4.0"
   }
  },
  {
   "type": "Feature",
   "geometry": {
    "type": "LineString",
    "coordinates": [
     [162619.54,6839698.36],
     [162696.56,6839685.78],
     [162743.86,6839665.03],
     [162811.75,6839599.15],
     [162879.98,6839558.43],
     [162988.19,6839543.29],
     [163048.68,6839553.55],
     [163065.09,6839547.89],
     [163079.5,6839531.06],
     [163135.86,6839506.82]
    ]
   },
   "properties": {
    "name": null,
    "kind": "stream",
    "source": "N50 Kartdata, Kartverket, CC BY 4.0"
   }
  },
  {
   "type": "Feature",
   "geometry": {
    "type": "LineString",
    "coordinates": [
     [171015.86,6838991.09],
     [171051.27,6839087.32],
     [171108.33,6839151.25],
     [171118.97,6839197.55],
     [171166.98,6839266.09],
     [171193.3,6839329.47],
     [171239.7,6839351.26],
     [171285.76,6839402.46],
     [171306.59,6839402.79],
     [171327.59,6839425.18],
     [171328.28,6839440.27]
    ]
   },
   "properties": {
    "name": null,
    "kind": "stream",
    "source": "N50 Kartdata, Kartverket, CC BY 4.0"
   }
  },
  {
   "type": "Feature",
   "geometry": {
    "type": "LineString",
    "coordinates": [
     [175875.45,6841653.98],
     [175948.0,6841597.78],
     [175963.32,6841595.67],
     [175999.93,6841609.93],
     [176044.39,6841607.28],
     [176136.37,6841535.83],
     [176205.06,6841503.04],
     [176251.12,6841501.16],
     [176343.5,6841454.71],
     [176384.0,6841445.75]
    ]
   },
   "properties": {
    "name": null,
    "kind": "stream",
    "source": "N50 Kartdata, Kartverket, CC BY 4.0"
   }
  },
  {
   "type": "Feature",
   "geometry": {
    "type": "LineString",
    "coordinates": [
     [175291.06,6840524.33],
     [175285.4,6840547.14],
     [175300.85,6840562.64],
     [175362.53,6840578.63],
     [175394.53,6840601.86],
     [175399.99,6840632.86],
     [175380.35,6840649.23],
     [175385.9,6840676.56],
     [175525.84,6840730.14],
     [175531.23,6840786.59],
     [175549.2,6840811.73],
     [175588.01,6840835.15],
     [175607.19,6840889.63]
    ]
   },
   "properties": {
    "name": null,
    "kind": "stream",
    "source": "N50 Kartdata, Kartverket, CC BY 4.0"
   }
  },
  {
   "type": "Feature",
   "geometry": {
    "type": "LineString",
    "coordinates": [
     [158018.95,6834694.32],
     [158092.34,6834840.6],
     [158097.68,6834967.52],
     [158119.93,6835036.15],
     [158143.48,6835169.05],
     [158167.77,6835240.36]
    ]
   },
   "properties": {
    "name": null,
    "kind": "stream",
    "source": "N50 Kartdata, Kartverket, CC BY 4.0"
   }
  },
  {
   "type": "Feature",
   "geometry": {
    "type": "LineString",
    "coordinates": [
     [171676.66,6827754.7],
     [171705.97,6827749.04],
     [171714.23,6827756.81],
     [171718.57,6827843.23],
     [171739.29,6827857.73],
     [171752.22,6827925.49],
     [171796.45,6827955.01],
     [171831.3,6827939.24],
     [171925.56,6827928.01],
     [171961.92,6827931.96],
     [171987.56,6827947.74],
     [171990.79,6828045.1]
    ]
   },
   "properties": {
    "name": null,
    "kind": "stream",
    "source": "N50 Kartdata, Kartverket, CC BY 4.0"
   }
  },
  {
   "type": "Feature",
   "geometry": {
    "type": "LineString",
    "coordinates": [
     [174706.37,6841524.26],
     [174750.57,6841476.55],
     [174765.58,6841445.36],
     [174804.77,6841445.65],
     [174839.31,6841426.17],
     [174887.27,6841416.67],
     [174902.19,6841398.88],
     [174966.7,6841365.77],
     [174964.5,6841319.02],
     [175002.29,6841285.16],
     [174999.73,6841262.78],
     [175029.29,6841189.21],
     [175046.86,6841168.43],
     [175045.95,6841148.85]
    ]
   },
   "properties": {
    "name": null,
    "kind": "stream",
    "source": "N50 Kartdata, Kartverket, CC BY 4.0"
   }
  },
  {
   "type": "Feature",
   "geometry": {
    "type": "LineString",
    "coordinates": [
     [157054.85,6835813.43],
     [157002.15,6835818.11],
     [156952.43,6835760.07],
     [156868.5,6835756.05],
     [156853.07,6835745.72],
     [156804.83,6835621.53],
     [156757.73,6835572.94],
     [156734.78,6835522.75],
     [156680.63,6835463.71]
    ]
   },
   "properties": {
    "name": null,
    "kind": "stream",
    "source": "N50 Kartdata, Kartverket, CC BY 4.0"
   }
  },
  {
   "type": "Feature",
   "geometry": {
    "type": "LineString",
    "coordinates": [
     [174763.45,6827161.79],
     [174756.71,6827141.07],
     [174707.62,6827123.46],
     [174655.26,6827087.68],
     [174603.12,6827032.24],
     [174522.85,6827001.81],
     [174466.93,6826967.2],
     [174446.33,6826943.39],
     [174376.12,6826926.54],
     [174340.2,6826895.03],
     [174292.8,6826880.26]
    ]
   },
   "properties": {
    "name": null,
    "kind": "stream",
    "source": "N50 Kartdata, Kartverket, CC BY 4.0"
   }
  },
  {
   "type": "Feature",
   "geometry": {
    "type": "LineString",
    "coordinates": [
     [171349.11,6839050.49],
     [171357.03,6839055.34],
     [171362.22,6839088.77],
     [171373.74,6839104.37],
     [171401.02,6839112.02],
     [171424.08,6839167.41],
     [171499.96,6839204.93],
     [171543.92,6839241.91],
     [171592.46,6839248.72],
     [171658.0,6839284.54],
     [171687.53,6839312.98],
     [171741.07,6839333.73],
     [171769.86,6839375.06]
    ]
   },
   "properties": {
    "name": null,
    "kind": "stream",
    "source": "N50 Kartdata, Kartverket, CC BY 4.0"
   }
  },
  {
   "type": "Feature",
   "geometry": {
    "type": "LineString",
    "coordinates": [
     [167988.75,6830624.98],
     [167988.24,6830581.38],
     [167972.2,6830546.89],
     [167942.33,6830520.39],
     [167936.4,6830494.58],
     [167947.23,6830442.15],
     [167932.02,6830259.57],
     [167877.58,6830179.04],
     [167866.13,6830096.96]
    ]
   },
   "properties": {
    "name": null,
    "kind": "stream",
    "source": "N50 Kartdata, Kartverket, CC BY 4.0"
   }
  },
  {
   "type": "Feature",
   "geometry": {
    "type": "LineString",
    "coordinates": [
     [161496.99,6837528.31],
     [161511.09,6837590.34],
     [161548.07,6837621.76],
     [161640.8,6837743.49],
     [161706.79,6837785.72],
     [161768.42,6837804.18],
     [161818.37,6837888.15],
     [161865.92,6837920.81]
    ]
   },
   "properties": {
    "name": null,
    "kind": "stream",
    "source": "N50 Kartdata, Kartverket, CC BY 4.0"
   }
  },
  {
   "type": "Feature",
   "geometry": {
    "type": "LineString",
    "coordinates": [
     [157984.88,6836893.47],
     [157994.54,6836862.26],
     [157985.75,6836822.03],
     [157989.58,6836763.84],
     [158000.98,6836739.47],
     [157975.16,6836667.91],
     [158049.32,6836557.43],
     [158094.87,6836503.3],
     [158129.84,6836432.93],
     [158123.52,6836404.08],
     [158110.1,6836398.0]
    ]
   },
   "properties": {
    "name": null,
    "kind": "stream",
    "source": "N50 Kartdata, Kartverket, CC BY 4.0"
   }
  },
  {
   "type": "Feature",
   "geometry": {
    "type": "LineString",
    "coordinates": [
     [165444.61,6835843.62],
     [165528.65,6835753.85],
     [165567.37,6835658.19],
     [165622.84,6835581.97],
     [165640.99,6835524.49],
     [165748.81,6835379.12]
    ]
   },
   "properties": {
    "name": null,
    "kind": "stream",
    "source": "N50 Kartdata, Kartverket, CC BY 4.0"
   }
  },
  {
   "type": "Feature",
   "geometry": {
    "type": "LineString",
    "coordinates": [
     [174528.9,6833349.41],
     [174559.1,6833359.24],
     [174546.97,6833373.06],
     [174560.73,6833407.25],
     [174624.63,6833384.39],
     [174628.48,6833414.16],
     [174614.91,6833423.94],
     [174616.16,6833430.74],
     [174648.22,6833447.87],
     [174664.73,6833470.34],
     [174745.12,6833509.93],
     [174766.34,6833534.34],
     [174764.82,6833558.77],
     [174825.69,6833600.47],
     [174863.31,6833656.66]
    ]
   },
   "properties": {
    "name": null,
    "kind": "stream",
    "source": "N50 Kartdata, Kartverket, CC BY 4.0"
   }
  },
  {
   "type": "Feature",
   "geometry": {
    "type": "LineString",
    "coordinates": [
     [169506.61,6841648.69],
     [169499.56,6841578.47],
     [169470.28,6841530.1],
     [169483.96,6841473.79],
     [169522.4,6841440.89],
     [169527.85,6841420.87],
     [169529.63,6841365.4],
     [169514.56,6841342.84],
     [169511.06,6841316.98],
     [169523.63,6841275.74],
     [169482.63,6841232.27],
     [169465.87,6841185.93],
     [169439.38,6841152.69]
    ]
   },
   "properties": {
    "name": null,
    "kind": "stream",
    "source": "N50 Kartdata, Kartverket, CC BY 4.0"
   }
  },
  {
   "type": "Feature",
   "geometry": {
    "type": "LineString",
    "coordinates": [
     [175903.21,6842281.18],
     [175854.09,6842335.27],
     [175834.06,6842400.02],
     [175835.45,6842421.69],
     [175818.54,6842462.26],
     [175794.6,6842474.28],
     [175759.34,6842512.64],
     [175710.1,6842581.97],
     [175662.49,6842614.51],
     [175636.7,6842643.2],
     [175610.45,6842654.43],
     [175568.19,6842702.34]
    ]
   },
   "properties": {
    "name": null,
    "kind": "stream",
    "source": "N50 Kartdata, Kartverket, CC BY 4.0"
   }
  },
  {
   "type": "Feature",
   "geometry": {
    "type": "LineString",
    "coordinates": [
     [162570.76,6833091.46],
     [162538.24,6833056.38],
     [162530.41,6832997.77],
     [162476.0,6832937.82],
     [162463.03,6832893.26],
     [162431.14,6832852.6],
     [162246.34,6832716.73],
     [162217.92,6832683.92]
    ]
   },
   "properties": {
    "name": null,
    "kind": "stream",
    "source": "N50 Kartdata, Kartverket, CC BY 4.0"
   }
  },
  {
   "type": "Feature",
   "geometry": {
    "type": "LineString",
    "coordinates": [
     [174563.74,6841482.88],
     [174589.36,6841448.07],
     [174606.45,6841361.02],
     [174596.44,6841339.82],
     [174594.7,6841266.58],
     [174610.34,6841239.99],
     [174647.92,6841211.38],
     [174714.01,6841034.32],
     [174718.1,6840972.08]
    ]
   },
   "properties": {
    "name": null,
    "kind": "stream",
    "source": "N50 Kartdata, Kartverket, CC BY 4.0"
   }
  },
  {
   "type": "Feature",
   "geometry": {
    "type": "LineString",
    "coordinates": [
     [167558.85,6841772.45],
     [167566.13,6841739.85],
     [167598.01,6841696.94],
     [167649.98,6841662.46],
     [167677.63,6841625.51],
     [167673.93,6841553.2],
     [167693.84,6841526.56],
     [167691.38,6841478.07],
     [167711.72,6841394.65],
     [167708.07,6841357.42],
     [167684.3,6841327.37],
     [167680.39,6841284.22]
    ]
   },
   "properties": {
    "name": null,
    "kind": "stream",
    "source": "N50 Kartdata, Kartverket, CC BY 4.0"
   }
  },
  {
   "type": "Feature",
   "geometry": {
    "type": "LineString",
    "coordinates": [
     [162170.03,6838770.37],
     [162205.61,6838751.15],
     [162292.87,6838745.78],
     [162390.71,6838715.65],
     [162519.37,6838694.12],
     [162634.0,6838656.69],
     [162705.11,6838668.14]
    ]
   },
   "properties": {
    "name": null,
    "kind": "stream",
    "source": "N50 Kartdata, Kartverket, CC BY 4.0"
   }
  },
  {
   "type": "Feature",
   "geometry": {
    "type": "LineString",
    "coordinates": [
     [166273.0,6826904.46],
     [166214.01,6826913.75],
     [166173.87,6826942.66],
     [166161.64,6826971.14],
     [166112.78,6827025.91],
     [166097.52,6827067.63],
     [166061.89,6827113.09],
     [166044.04,6827157.21],
     [166006.27,6827214.09],
     [165923.7,6827299.78]
    ]
   },
   "properties": {
    "name": null,
    "kind": "stream",
    "source": "N50 Kartdata, Kartverket, CC BY 4.0"
   }
  },
  {
   "type": "Feature",
   "geometry": {
    "type": "LineString",
    "coordinates": [
     [169802.58,6839336.54],
     [169931.28,6839397.78],
     [169969.09,6839429.48],
     [170021.22,6839497.83],
     [170045.46,6839562.85],
     [170046.47,6839611.42],
     [170036.08,6839633.91],
     [170037.75,6839709.55],
     [170008.96,6839753.71]
    ]
   },
   "properties": {
    "name": null,
    "kind": "stream",
    "source": "N50 Kartdata, Kartverket, CC BY 4.0"
   }
  },
  {
   "type": "Feature",
   "geometry": {
    "type": "LineString",
    "coordinates": [
     [168766.19,6828853.59],
     [168699.96,6828879.96],
     [168672.4,6828875.02],
     [168606.45,6828880.96],
     [168572.68,6828873.36],
     [168545.23,6828880.6],
     [168487.38,6828870.0],
     [168421.31,6828886.67],
     [168339.15,6828870.05],
     [168305.35,6828841.33],
     [168272.52,6828845.23],
     [168244.76,6828859.15]
    ]
   },
   "properties": {
    "name": null,
    "kind": "stream",
    "source": "N50 Kartdata, Kartverket, CC BY 4.0"
   }
  },
  {
   "type": "Feature",
   "geometry": {
    "type": "LineString",
    "coordinates": [
     [161907.55,6835100.65],
     [161910.13,6835113.4],
     [161935.32,6835132.62],
     [161949.3,6835157.95],
     [161952.56,6835198.61],
     [161911.04,6835243.29],
     [161842.35,6835295.51],
     [161825.51,6835351.83],
     [161824.32,6835399.92],
     [161812.05,6835443.5],
     [161795.83,6835479.03],
     [161772.77,6835501.21],
     [161779.03,6835516.22],
     [161774.5,6835561.21]
    ]
   },
   "properties": {
    "name": null,
    "kind": "stream",
    "source": "N50 Kartdata, Kartverket, CC BY 4.0"
   }
  },
  {
   "type": "Feature",
   "geometry": {
    "type": "LineString",
    "coordinates": [
     [170008.96,6839753.71],
     [170014.3,6839824.84],
     [170036.84,6839880.78],
     [170028.94,6839913.95],
     [170035.61,6839969.43],
     [170007.66,6840015.24],
     [170002.46,6840051.13],
     [169991.16,6840071.25],
     [169922.94,6840137.16],
     [169887.82,6840156.96],
     [169879.25,6840195.07],
     [169853.49,6840222.34]
    ]
   },
   "properties": {
    "name": null,
    "kind": "stream",
    "source": "N50 Kartdata, Kartverket, CC BY 4.0"
   }
  },
  {
   "type": "Feature",
   "geometry": {
    "type": "LineString",
    "coordinates": [
     [167588.82,6840474.19],
     [167618.28,6840517.55],
     [167633.21,6840573.31],
     [167656.73,6840751.16],
     [167666.29,6840852.8],
     [167646.71,6840892.31],
     [167639.98,6840945.76],
     [167649.52,6840999.28]
    ]
   },
   "properties": {
    "name": null,
    "kind": "stream",
    "source": "N50 Kartdata, Kartverket, CC BY 4.0"
   }
  },
  {
   "type": "Feature",
   "geometry": {
    "type": "LineString",
    "coordinates": [
     [172744.63,6835668.37],
     [172781.06,6835639.43],
     [172805.46,6835595.58],
     [172828.71,6835525.54],
     [172899.9,6835470.84],
     [172915.89,6835424.79],
     [172967.7,6835383.18],
     [172970.43,6835357.5],
     [172982.52,6835338.85],
     [173055.69,6835307.12],
     [173095.59,6835303.5]
    ]
   },
   "properties": {
    "name": null,
    "kind": "stream",
    "source": "N50 Kartdata, Kartverket, CC BY 4.0"
   }
  },
  {
   "type": "Feature",
   "geometry": {
    "type": "LineString",
    "coordinates": [
     [174284.59,6827683.52],
     [174269.21,6827659.76],
     [174255.41,6827657.87],
     [174248.38,6827640.95],
     [174204.88,6827611.37],
     [174173.52,6827541.77],
     [174134.32,6827505.71],
     [174118.44,6827451.27],
     [174129.54,6827424.07],
     [174131.81,6827326.47],
     [174159.01,6827256.06],
     [174158.53,6827217.88]
    ]
   },
   "properties": {
    "name": null,
    "kind": "stream",
    "source": "N50 Kartdata, Kartverket, CC BY 4.0"
   }
  },
  {
   "type": "Feature",
   "geometry": {
    "type": "LineString",
    "coordinates": [
     [171815.84,6840108.33],
     [171874.64,6840138.22],
     [171922.27,6840151.68],
     [171955.04,6840147.88],
     [172059.53,6840113.36],
     [172229.31,6840094.4],
     [172297.14,6840098.07],
     [172322.97,6840132.02]
    ]
   },
   "properties": {
    "name": null,
    "kind": "stream",
    "source": "N50 Kartdata, Kartverket, CC BY 4.0"
   }
  },
  {
   "type": "Feature",
   "geometry": {
    "type": "LineString",
    "coordinates": [
     [173116.2,6839587.49],
     [173094.06,6839605.32],
     [173083.52,6839641.49],
     [173079.2,6839737.04],
     [173023.45,6839825.61],
     [173018.75,6839912.84],
     [172996.09,6839950.41],
     [172984.58,6840006.42],
     [172954.8,6840047.9],
     [172955.27,6840081.27]
    ]
   },
   "properties": {
    "name": null,
    "kind": "stream",
    "source": "N50 Kartdata, Kartverket, CC BY 4.0"
   }
  },
  {
   "type": "Feature",
   "geometry": {
    "type": "LineString",
    "coordinates": [
     [161748.42,6834038.6],
     [161745.17,6834061.7],
     [161763.07,6834159.23],
     [161788.1,6834210.52],
     [161790.25,6834259.78],
     [161821.42,6834282.61],
     [161886.54,6834435.4],
     [161949.11,6834520.49]
    ]
   },
   "properties": {
    "name": null,
    "kind": "stream",
    "source": "N50 Kartdata, Kartverket, CC BY 4.0"
   }
  },
  {
   "type": "Feature",
   "geometry": {
    "type": "LineString",
    "coordinates": [
     [175627.42,6835485.15],
     [175644.9,6835518.56],
     [175652.43,6835559.78],
     [175645.5,6835656.21],
     [175656.93,6835758.99],
     [175650.33,6835797.47],
     [175651.97,6835808.44],
     [175673.88,6835829.91],
     [175677.76,6835865.14],
     [175654.68,6836003.94]
    ]
   },
   "properties": {
    "name": null,
    "kind": "stream",
    "source": "N50 Kartdata, Kartverket, CC BY 4.0"
   }
  },
  {
   "type": "Feature",
   "geometry": {
    "type": "LineString",
    "coordinates": [
     [165251.9,6841654.47],
     [165298.03,6841619.05],
     [165326.16,6841570.49],
     [165383.06,6841530.09],
     [165395.11,6841496.07],
     [165488.68,6841455.59],
     [165529.39,6841374.51],
     [165571.08,6841340.98],
     [165584.9,6841308.5],
     [165577.1,6841275.21]
    ]
   },
   "properties": {
    "name": null,
    "kind": "stream",
    "source": "N50 Kartdata, Kartverket, CC BY 4.0"
   }
  },
  {
   "type": "Feature",
   "geometry": {
    "type": "LineString",
    "coordinates": [
     [158695.98,6834457.68],
     [158719.31,6834574.91],
     [158814.38,6834706.19],
     [158825.96,6834803.52],
     [158893.54,6834942.51]
    ]
   },
   "properties": {
    "name": null,
    "kind": "stream",
    "source": "N50 Kartdata, Kartverket, CC BY 4.0"
   }
  },
  {
   "type": "Feature",
   "geometry": {
    "type": "LineString",
    "coordinates": [
     [167651.37,6828992.34],
     [167597.11,6829024.52],
     [167523.34,6829031.15],
     [167487.39,6829065.11],
     [167390.28,6829061.66],
     [167322.96,6829077.81],
     [167238.1,6829069.7],
     [167144.64,6829085.82]
    ]
   },
   "properties": {
    "name": null,
    "kind": "stream",
    "source": "N50 Kartdata, Kartverket, CC BY 4.0"
   }
  },
  {
   "type": "Feature",
   "geometry": {
    "type": "LineString",
    "coordinates": [
     [168244.76,6828859.15],
     [168230.91,6828840.04],
     [168208.71,6828834.98],
     [168203.29,6828821.08],
     [168168.11,6828818.07],
     [168126.3,6828802.42],
     [168098.41,6828814.37],
     [168058.13,6828799.55],
     [167999.83,6828791.74],
     [167980.85,6828771.6],
     [167908.69,6828733.54],
     [167861.63,6828695.89],
     [167822.13,6828680.21],
     [167776.56,6828682.43]
    ]
   },
   "properties": {
    "name": null,
    "kind": "stream",
    "source": "N50 Kartdata, Kartverket, CC BY 4.0"
   }
  },
  {
   "type": "Feature",
   "geometry": {
    "type": "LineString",
    "coordinates": [
     [169382.49,6828780.08],
     [169436.35,6828720.83],
     [169495.71,6828591.78],
     [169602.67,6828505.53],
     [169688.89,6828496.69],
     [169729.05,6828423.41]
    ]
   },
   "properties": {
    "name": null,
    "kind": "stream",
    "source": "N50 Kartdata, Kartverket, CC BY 4.0"
   }
  },
  {
   "type": "Feature",
   "geometry": {
    "type": "LineString",
    "coordinates": [
     [161075.88,6833990.54],
     [161075.48,6834027.67],
     [161093.76,6834062.28],
     [161095.75,6834082.08],
     [161093.99,6834129.7],
     [161077.96,6834181.75],
     [161082.64,6834211.41],
     [161034.79,6834255.22],
     [161024.29,6834298.47],
     [161040.34,6834445.21],
     [161053.52,6834483.16]
    ]
   },
   "properties": {
    "name": null,
    "kind": "stream",
    "source": "N50 Kartdata, Kartverket, CC BY 4.0"
   }
  },
  {
   "type": "Feature",
   "geometry": {
    "type": "LineString",
    "coordinates": [
     [162265.64,6838981.15],
     [162324.94,6838973.43],
     [162419.99,6838929.11],
     [162485.31,6838916.51],
     [162529.19,6838891.99],
     [162578.77,6838885.89],
     [162603.34,6838871.83],
     [162720.48,6838847.43],
     [162762.66,6838830.94]
    ]
   },
   "properties": {
    "name": null,
    "kind": "stream",
    "source": "N50 Kartdata, Kartverket, CC BY 4.0"
   }
  },
  {
   "type": "Feature",
   "geometry": {
    "type": "LineString",
    "coordinates": [
     [170075.85,6829920.55],
     [170058.19,6829889.33],
     [170030.5,6829869.61],
     [170009.88,6829756.55],
     [170077.81,6829658.95],
     [170069.79,6829574.84],
     [170086.05,6829544.72],
     [170117.87,6829542.77],
     [170181.78,6829571.67]
    ]
   },
   "properties": {
    "name": null,
    "kind": "stream",
    "source": "N50 Kartdata, Kartverket, CC BY 4.0"
   }
  },
  {
   "type": "Feature",
   "geometry": {
    "type": "LineString",
    "coordinates": [
     [165166.71,6841523.55],
     [165190.28,6841488.67],
     [165234.57,6841458.21],
     [165234.51,6841419.22],
     [165254.21,6841385.66],
     [165258.47,6841336.96],
     [165272.31,6841313.19],
     [165272.05,6841279.37],
     [165282.41,6841263.39],
     [165309.52,6841246.24],
     [165320.74,6841224.37],
     [165371.24,6841202.58],
     [165404.73,6841163.59],
     [165450.55,6841127.52]
    ]
   },
   "properties": {
    "name": null,
    "kind": "stream",
    "source": "N50 Kartdata, Kartverket, CC BY 4.0"
   }
  },
  {
   "type": "Feature",
   "geometry": {
    "type": "LineString",
    "coordinates": [
     [175865.53,6842265.28],
     [175740.74,6842405.54],
     [175652.7,6842453.89],
     [175617.57,6842487.3],
     [175576.95,6842537.31],
     [175538.43,6842653.5]
    ]
   },
   "properties": {
    "name": null,
    "kind": "stream",
    "source": "N50 Kartdata, Kartverket, CC BY 4.0"
   }
  },
  {
   "type": "Feature",
   "geometry": {
    "type": "LineString",
    "coordinates": [
     [167618.61,6842282.45],
     [167610.16,6842194.36],
     [167619.26,6842117.84],
     [167615.4,6842075.49],
     [167590.85,6841990.22],
     [167570.18,6841957.05],
     [167571.55,6841806.32],
     [167558.85,6841772.45]
    ]
   },
   "properties": {
    "name": null,
    "kind": "stream",
    "source": "N50 Kartdata, Kartverket, CC BY 4.0"
   }
  },
  {
   "type": "Feature",
   "geometry": {
    "type": "LineString",
    "coordinates": [
     [174643.58,6827283.64],
     [174601.99,6827263.2],
     [174592.72,6827241.01],
     [174483.52,6827140.96],
     [174420.62,6827057.05],
     [174364.62,6827003.68],
     [174339.57,6826965.64],
     [174282.96,6826914.75]
    ]
   },
   "properties": {
    "name": null,
    "kind": "stream",
    "source": "N50 Kartdata, Kartverket, CC BY 4.0"
   }
  },
  {
   "type": "Feature",
   "geometry": {
    "type": "LineString",
    "coordinates": [
     [171971.31,6831342.16],
     [172015.73,6831285.31],
     [172018.45,6831247.29],
     [172062.85,6831166.34],
     [172064.01,6831122.23],
     [172114.46,6830984.53],
     [172163.08,6830904.3],
     [172173.85,6830871.54]
    ]
   },
   "properties": {
    "name": null,
    "kind": "stream",
    "source": "N50 Kartdata, Kartverket, CC BY 4.0"
   }
  },
  {
   "type": "Feature",
   "geometry": {
    "type": "LineString",
    "coordinates": [
     [160672.77,6836731.89],
     [160775.19,6836803.05],
     [160870.0,6836825.77],
     [161030.17,6836882.3],
     [161069.54,6836907.51],
     [161104.44,6836943.24],
     [161132.61,6836957.53]
    ]
   },
   "properties": {
    "name": null,
    "kind": "stream",
    "source": "N50 Kartdata, Kartverket, CC BY 4.0"
   }
  },
  {
   "type": "Feature",
   "geometry": {
    "type": "LineString",
    "coordinates": [
     [175524.73,6834641.68],
     [175514.41,6834661.15],
     [175466.12,6834703.29],
     [175420.71,6834712.12],
     [175402.16,6834729.51],
     [175380.14,6834737.13],
     [175362.99,6834764.96],
     [175348.74,6834814.8],
     [175318.97,6834837.18],
     [175295.02,6834848.74],
     [175224.02,6834857.65],
     [175205.66,6834896.37],
     [175131.32,6834904.71]
    ]
   },
   "properties": {
    "name": null,
    "kind": "stream",
    "source": "N50 Kartdata, Kartverket, CC BY 4.0"
   }
  },
  {
   "type": "Feature",
   "geometry": {
    "type": "LineString",
    "coordinates": [
     [174145.76,6834604.66],
     [174133.62,6834617.44],
     [174131.83,6834635.65],
     [174150.84,6834668.91],
     [174167.12,6834893.03],
     [174187.02,6834950.66],
     [174203.23,6834972.16],
     [174217.79,6835044.16],
     [174219.52,6835072.0],
     [174206.21,6835098.67]
    ]
   },
   "properties": {
    "name": null,
    "kind": "stream",
    "source": "N50 Kartdata, Kartverket, CC BY 4.0"
   }
  },
  {
   "type": "Feature",
   "geometry": {
    "type": "LineString",
    "coordinates": [
     [171967.41,6831088.07],
     [171986.04,6831033.3],
     [171982.33,6830992.76],
     [172003.99,6830932.64],
     [172050.66,6830876.5],
     [172072.48,6830784.11],
     [172113.48,6830700.51],
     [172108.83,6830645.24],
     [172119.18,6830609.05]
    ]
   },
   "properties": {
    "name": null,
    "kind": "stream",
    "source": "N50 Kartdata, Kartverket, CC BY 4.0"
   }
  },
  {
   "type": "Feature",
   "geometry": {
    "type": "LineString",
    "coordinates": [
     [167150.73,6830000.54],
     [166876.94,6830027.12],
     [166814.23,6830054.63],
     [166774.24,6830052.57],
     [166749.38,6830066.03],
     [166736.92,6830087.7],
     [166694.73,6830104.4],
     [166660.48,6830101.74]
    ]
   },
   "properties": {
    "name": null,
    "kind": "stream",
    "source": "N50 Kartdata, Kartverket, CC BY 4.0"
   }
  },
  {
   "type": "Feature",
   "geometry": {
    "type": "LineString",
    "coordinates": [
     [170253.92,6831879.93],
     [170120.04,6831936.12],
     [170118.45,6831999.22],
     [170146.39,6832036.17],
     [170146.78,6832059.06],
     [170085.71,6832192.72],
     [170036.15,6832270.12]
    ]
   },
   "properties": {
    "name": null,
    "kind": "stream",
    "source": "N50 Kartdata, Kartverket, CC BY 4.0"
   }
  },
  {
   "type": "Feature",
   "geometry": {
    "type": "LineString",
    "coordinates": [
     [165332.12,6832381.13],
     [165273.21,6832310.25],
     [165193.86,6832268.59],
     [165109.85,6832186.98],
     [165051.89,6832143.71],
     [165025.65,6832072.21],
     [164992.32,6832016.67]
    ]
   },
   "properties": {
    "name": null,
    "kind": "stream",
    "source": "N50 Kartdata, Kartverket, CC BY 4.0"
   }
  },
  {
   "type": "Feature",
   "geometry": {
    "type": "LineString",
    "coordinates": [
     [164283.49,6839269.49],
     [164214.36,6839319.89],
     [164174.77,6839371.52],
     [164115.72,6839409.07],
     [163976.47,6839545.92],
     [163937.31,6839560.01],
     [163895.61,6839594.15]
    ]
   },
   "properties": {
    "name": null,
    "kind": "stream",
    "source": "N50 Kartdata, Kartverket, CC BY 4.0"
   }
  },
  {
   "type": "Feature",
   "geometry": {
    "type": "LineString",
    "coordinates": [
     [170810.27,6831531.89],
     [170822.44,6831522.32],
     [170845.02,6831520.51],
     [170854.74,6831496.55],
     [170866.98,6831488.0],
     [170910.17,6831485.59],
     [170936.28,6831471.34],
     [170971.81,6831409.71],
     [171026.35,6831373.83],
     [171056.49,6831340.65],
     [171090.58,6831262.84],
     [171120.97,6831235.36],
     [171141.92,6831188.54]
    ]
   },
   "properties": {
    "name": null,
    "kind": "stream",
    "source": "N50 Kartdata, Kartverket, CC BY 4.0"
   }
  },
  {
   "type": "Feature",
   "geometry": {
    "type": "LineString",
    "coordinates": [
     [172382.71,6835333.96],
     [172409.0,6835256.34],
     [172468.25,6835207.03],
     [172478.58,6835164.32],
     [172567.85,6835092.85],
     [172600.75,6835046.26],
     [172600.59,6835010.57],
     [172617.59,6834987.47],
     [172658.39,6834977.11],
     [172676.79,6834983.96],
     [172680.62,6834993.09]
    ]
   },
   "properties": {
    "name": null,
    "kind": "stream",
    "source": "N50 Kartdata, Kartverket, CC BY 4.0"
   }
  },
  {
   "type": "Feature",
   "geometry": {
    "type": "LineString",
    "coordinates": [
     [156138.75,6837129.18],
     [156091.69,6837100.07],
     [156004.96,6836980.86],
     [155989.55,6836896.4],
     [155955.32,6836794.55],
     [155908.3,6836696.37],
     [155904.0,6836693.14]
    ]
   },
   "properties": {
    "name": null,
    "kind": "stream",
    "source": "N50 Kartdata, Kartverket, CC BY 4.0"
   }
  },
  {
   "type": "Feature",
   "geometry": {
    "type": "LineString",
    "coordinates": [
     [170008.96,6839753.71],
     [169989.88,6839781.47],
     [169960.49,6839854.55],
     [169949.57,6839913.81],
     [169950.87,6839957.53],
     [169921.64,6840052.21],
     [169871.35,6840093.3],
     [169792.47,6840196.01]
    ]
   },
   "properties": {
    "name": null,
    "kind": "stream",
    "source": "N50 Kartdata, Kartverket, CC BY 4.0"
   }
  },
  {
   "type": "Feature",
   "geometry": {
    "type": "LineString",
    "coordinates": [
     [161774.92,6838582.67],
     [161803.94,6838546.4],
     [161829.63,6838495.62],
     [161895.32,6838427.54],
     [161916.4,6838421.88],
     [161928.15,6838404.49],
     [161983.99,6838369.9],
     [162015.9,6838337.54],
     [162156.6,6838266.77]
    ]
   },
   "properties": {
    "name": null,
    "kind": "stream",
    "source": "N50 Kartdata, Kartverket, CC BY 4.0"
   }
  },
  {
   "type": "Feature",
   "geometry": {
    "type": "LineString",
    "coordinates": [
     [157281.85,6832127.33],
     [157282.2,6832167.33],
     [157254.92,6832223.35],
     [157245.84,6832254.97],
     [157247.86,6832282.54],
     [157219.12,6832358.35],
     [157221.33,6832379.16],
     [157254.15,6832418.39],
     [157266.34,6832457.86],
     [157230.51,6832509.55],
     [157212.46,6832521.09],
     [157183.9,6832521.42],
     [157180.14,6832558.98]
    ]
   },
   "properties": {
    "name": null,
    "kind": "stream",
    "source": "N50 Kartdata, Kartverket, CC BY 4.0"
   }
  },
  {
   "type": "Feature",
   "geometry": {
    "type": "LineString",
    "coordinates": [
     [156929.98,6834577.72],
     [156893.02,6834564.39],
     [156871.41,6834540.95],
     [156841.91,6834533.84],
     [156751.34,6834541.86],
     [156731.47,6834530.47],
     [156724.1,6834493.19],
     [156707.66,6834495.62],
     [156674.73,6834522.56],
     [156634.84,6834533.58],
     [156608.39,6834510.56],
     [156543.56,6834505.05],
     [156500.8,6834472.85]
    ]
   },
   "properties": {
    "name": null,
    "kind": "stream",
    "source": "N50 Kartdata, Kartverket, CC BY 4.0"
   }
  },
  {
   "type": "Feature",
   "geometry": {
    "type": "LineString",
    "coordinates": [
     [175131.32,6834904.71],
     [175111.32,6834941.46],
     [175084.48,6834943.78],
     [175077.53,6834923.63],
     [175052.03,6834912.17],
     [175047.79,6834936.5],
     [175027.3,6834943.87],
     [175023.06,6834968.98],
     [174958.87,6834970.87],
     [174939.35,6834954.4],
     [174908.65,6834906.14],
     [174850.51,6834860.41],
     [174816.19,6834855.51],
     [174778.38,6834868.13],
     [174758.33,6834862.13]
    ]
   },
   "properties": {
    "name": null,
    "kind": "stream",
    "source": "N50 Kartdata, Kartverket, CC BY 4.0"
   }
  },
  {
   "type": "Feature",
   "geometry": {
    "type": "LineString",
    "coordinates": [
     [173531.97,6827611.07],
     [173509.62,6827611.54],
     [173467.62,6827592.39],
     [173443.66,6827590.35],
     [173397.54,6827551.26],
     [173374.99,6827546.42],
     [173306.25,6827503.82],
     [173259.13,6827497.64],
     [173237.3,6827476.53],
     [173187.15,6827449.06],
     [173169.03,6827420.19],
     [173138.32,6827400.39],
     [173118.16,6827364.73]
    ]
   },
   "properties": {
    "name": null,
    "kind": "stream",
    "source": "N50 Kartdata, Kartverket, CC BY 4.0"
   }
  },
  {
   "type": "Feature",
   "geometry": {
    "type": "LineString",
    "coordinates": [
     [161349.36,6833891.63],
     [161310.68,6833897.7],
     [161273.78,6833930.74],
     [161225.7,6833930.48],
     [161214.25,6833939.47],
     [161203.35,6833981.65],
     [161211.11,6834087.26],
     [161181.05,6834133.24],
     [161177.66,6834166.07],
     [161156.82,6834225.41],
     [161163.6,6834274.86]
    ]
   },
   "properties": {
    "name": null,
    "kind": "stream",
    "source": "N50 Kartdata, Kartverket, CC BY 4.0"
   }
  },
  {
   "type": "Feature",
   "geometry": {
    "type": "LineString",
    "coordinates": [
     [162504.81,6839439.42],
     [162611.05,6839377.12],
     [162687.18,6839352.65],
     [162755.09,6839313.31],
     [162796.74,6839308.22],
     [162822.1,6839294.34],
     [162871.37,6839291.04],
     [162882.72,6839284.34],
     [162887.63,6839259.68],
     [162945.32,6839241.2]
    ]
   },
   "properties": {
    "name": null,
    "kind": "stream",
    "source": "N50 Kartdata, Kartverket, CC BY 4.0"
   }
  },
  {
   "type": "Feature",
   "geometry": {
    "type": "LineString",
    "coordinates": [
     [161482.64,6838194.51],
     [161531.56,6838171.57],
     [161578.23,6838137.46],
     [161616.52,6838098.72],
     [161622.19,6838071.16],
     [161646.52,6838045.2],
     [161675.92,6838024.12],
     [161700.85,6838019.91],
     [161744.21,6837969.45],
     [161759.14,6837965.16],
     [161763.14,6837949.45],
     [161865.92,6837920.81]
    ]
   },
   "properties": {
    "name": null,
    "kind": "stream",
    "source": "N50 Kartdata, Kartverket, CC BY 4.0"
   }
  },
  {
   "type": "Feature",
   "geometry": {
    "type": "LineString",
    "coordinates": [
     [164928.43,6841499.02],
     [164965.82,6841470.24],
     [165002.32,6841404.9],
     [165031.44,6841369.74],
     [165032.75,6841324.57],
     [165024.63,6841295.22],
     [164997.24,6841259.71],
     [164993.98,6841238.81],
     [164971.41,6841205.16],
     [164968.16,6841181.08],
     [164954.57,6841159.12],
     [164956.75,6841063.89]
    ]
   },
   "properties": {
    "name": null,
    "kind": "stream",
    "source": "N50 Kartdata, Kartverket, CC BY 4.0"
   }
  },
  {
   "type": "Feature",
   "geometry": {
    "type": "LineString",
    "coordinates": [
     [166439.47,6826955.01],
     [166417.15,6826994.58],
     [166346.5,6827044.65],
     [166288.15,6827114.02],
     [166251.39,6827201.11],
     [166158.75,6827319.46],
     [166148.27,6827344.1]
    ]
   },
   "properties": {
    "name": null,
    "kind": "stream",
    "source": "N50 Kartdata, Kartverket, CC BY 4.0"
   }
  },
  {
   "type": "Feature",
   "geometry": {
    "type": "LineString",
    "coordinates": [
     [175057.78,6831321.95],
     [175079.57,6831338.73],
     [175098.6,6831417.93],
     [175153.45,6831525.28],
     [175115.28,6831605.25],
     [175120.96,6831698.71],
     [175129.29,6831716.3],
     [175098.2,6831750.52],
     [175100.94,6831766.76]
    ]
   },
   "properties": {
    "name": null,
    "kind": "stream",
    "source": "N50 Kartdata, Kartverket, CC BY 4.0"
   }
  },
  {
   "type": "Feature",
   "geometry": {
    "type": "LineString",
    "coordinates": [
     [165165.01,6841468.54],
     [165176.78,6841452.89],
     [165179.72,6841373.83],
     [165217.64,6841322.0],
     [165216.2,6841271.17],
     [165231.24,6841228.66],
     [165226.75,6841187.72],
     [165200.5,6841154.49],
     [165192.56,6841054.86],
     [165172.99,6841007.83]
    ]
   },
   "properties": {
    "name": null,
    "kind": "stream",
    "source": "N50 Kartdata, Kartverket, CC BY 4.0"
   }
  },
  {
   "type": "Feature",
   "geometry": {
    "type": "LineString",
    "coordinates": [
     [168381.35,6834776.72],
     [168391.25,6834659.93],
     [168386.4,6834608.01],
     [168398.31,6834592.41],
     [168392.2,6834546.52],
     [168406.29,6834483.28],
     [168405.34,6834445.43],
     [168429.22,6834416.34],
     [168479.76,6834310.64]
    ]
   },
   "properties": {
    "name": null,
    "kind": "stream",
    "source": "N50 Kartdata, Kartverket, CC BY 4.0"
   }
  },
  {
   "type": "Feature",
   "geometry": {
    "type": "LineString",
    "coordinates": [
     [175955.43,6834465.16],
     [175758.71,6834493.27],
     [175701.84,6834555.97],
     [175629.85,6834558.78],
     [175551.1,6834606.75],
     [175524.73,6834641.68]
    ]
   },
   "properties": {
    "name": "Storskridubekken",
    "kind": "stream",
    "source": "N50 Kartdata, Kartverket, CC BY 4.0"
   }
  },
  {
   "type": "Feature",
   "geometry": {
    "type": "LineString",
    "coordinates": [
     [171525.35,6835393.47],
     [171643.69,6835377.47],
     [171742.52,6835352.93],
     [171782.68,6835339.14],
     [171825.43,6835302.91],
     [171859.71,6835291.98],
     [171925.36,6835298.0],
     [171944.82,6835285.7],
     [171977.68,6835318.27]
    ]
   },
   "properties": {
    "name": null,
    "kind": "stream",
    "source": "N50 Kartdata, Kartverket, CC BY 4.0"
   }
  },
  {
   "type": "Feature",
   "geometry": {
    "type": "LineString",
    "coordinates": [
     [169880.08,6828644.53],
     [169860.51,6828624.17],
     [169856.53,6828607.1],
     [169863.84,6828534.4],
     [169858.59,6828463.44],
     [169873.0,6828435.96],
     [169894.46,6828413.97],
     [169929.18,6828404.47],
     [169952.88,6828387.71],
     [170010.21,6828376.85],
     [170093.69,6828297.36]
    ]
   },
   "properties": {
    "name": null,
    "kind": "stream",
    "source": "N50 Kartdata, Kartverket, CC BY 4.0"
   }
  },
  {
   "type": "Feature",
   "geometry": {
    "type": "LineString",
    "coordinates": [
     [160127.87,6841817.96],
     [160174.98,6841839.8],
     [160244.02,6841832.89],
     [160325.97,6841900.2],
     [160361.06,6841949.62],
     [160434.59,6842011.96],
     [160458.42,6842066.5],
     [160465.16,6842112.03]
    ]
   },
   "properties": {
    "name": null,
    "kind": "stream",
    "source": "N50 Kartdata, Kartverket, CC BY 4.0"
   }
  },
  {
   "type": "Feature",
   "geometry": {
    "type": "LineString",
    "coordinates": [
     [156296.45,6834582.91],
     [156286.13,6834562.2],
     [156227.86,6834517.31],
     [156195.12,6834513.19],
     [156176.64,6834479.72],
     [156132.41,6834464.64],
     [156118.86,6834439.69],
     [156067.33,6834434.87],
     [156031.55,6834413.79],
     [156010.2,6834381.22],
     [155971.15,6834359.3],
     [155906.98,6834351.21],
     [155904.0,6834350.31]
    ]
   },
   "properties": {
    "name": null,
    "kind": "stream",
    "source": "N50 Kartdata, Kartverket, CC BY 4.0"
   }
  },
  {
   "type": "Feature",
   "geometry": {
    "type": "LineString",
    "coordinates": [
     [156399.71,6841524.9],
     [156396.93,6841462.24],
     [156412.79,6841411.4],
     [156409.92,6841344.85],
     [156439.98,6841295.45],
     [156446.41,6841265.02],
     [156471.64,6841216.67],
     [156531.06,6841168.7],
     [156535.58,6841105.56],
     [156520.54,6841094.93]
    ]
   },
   "properties": {
    "name": null,
    "kind": "stream",
    "source": "N50 Kartdata, Kartverket, CC BY 4.0"
   }
  },
  {
   "type": "Feature",
   "geometry": {
    "type": "LineString",
    "coordinates": [
     [160602.67,6834757.25],
     [160572.19,6834772.41],
     [160537.5,6834832.17],
     [160500.34,6834855.16],
     [160442.46,6834919.66],
     [160380.19,6834955.75],
     [160345.91,6835017.54],
     [160302.16,6835066.08],
     [160295.21,6835106.16]
    ]
   },
   "properties": {
    "name": "Hestbekken",
    "kind": "stream",
    "source": "N50 Kartdata, Kartverket, CC BY 4.0"
   }
  },
  {
   "type": "Feature",
   "geometry": {
    "type": "LineString",
    "coordinates": [
     [174915.19,6843085.82],
     [174949.38,6843081.03],
     [174975.36,6843096.33],
     [175021.13,6843093.1],
     [175057.68,6843066.13],
     [175075.55,6843070.38],
     [175102.04,6843003.87],
     [175140.2,6842995.67],
     [175182.76,6843004.94],
     [175209.13,6842972.44],
     [175244.73,6842985.73],
     [175312.24,6842961.92]
    ]
   },
   "properties": {
    "name": null,
    "kind": "stream",
    "source": "N50 Kartdata, Kartverket, CC BY 4.0"
   }
  },
  {
   "type": "Feature",
   "geometry": {
    "type": "LineString",
    "coordinates": [
     [170285.51,6841134.31],
     [170275.85,6841081.48],
     [170286.15,6841059.41],
     [170283.92,6841023.81],
     [170253.07,6840940.87],
     [170224.53,6840905.63],
     [170164.89,6840887.89],
     [170154.12,6840866.31],
     [170143.34,6840769.22],
     [170148.58,6840721.16]
    ]
   },
   "properties": {
    "name": null,
    "kind": "stream",
    "source": "N50 Kartdata, Kartverket, CC BY 4.0"
   }
  },
  {
   "type": "Feature",
   "geometry": {
    "type": "LineString",
    "coordinates": [
     [169927.5,6829177.89],
     [169890.44,6829021.48],
     [169899.58,6828973.37],
     [169898.04,6828914.02],
     [169914.6,6828907.18],
     [169922.68,6828866.76],
     [169902.71,6828797.79],
     [169908.69,6828722.52]
    ]
   },
   "properties": {
    "name": null,
    "kind": "stream",
    "source": "N50 Kartdata, Kartverket, CC BY 4.0"
   }
  },
  {
   "type": "Feature",
   "geometry": {
    "type": "LineString",
    "coordinates": [
     [175027.72,6830474.17],
     [174979.18,6830475.05],
     [174964.17,6830465.98],
     [174927.9,6830477.21],
     [174868.2,6830472.66],
     [174765.61,6830516.11],
     [174743.33,6830499.87],
     [174718.55,6830512.29],
     [174696.93,6830506.06],
     [174659.83,6830512.58],
     [174614.93,6830543.09],
     [174586.24,6830552.32]
    ]
   },
   "properties": {
    "name": null,
    "kind": "stream",
    "source": "N50 Kartdata, Kartverket, CC BY 4.0"
   }
  },
  {
   "type": "Feature",
   "geometry": {
    "type": "LineString",
    "coordinates": [
     [172463.33,6836017.92],
     [172513.11,6835939.94],
     [172598.81,6835876.9],
     [172635.72,6835827.0],
     [172643.04,6835785.37],
     [172670.75,6835747.75],
     [172691.95,6835733.76],
     [172691.66,6835714.65],
     [172728.74,6835669.27],
     [172744.63,6835668.37]
    ]
   },
   "properties": {
    "name": null,
    "kind": "stream",
    "source": "N50 Kartdata, Kartverket, CC BY 4.0"
   }
  },
  {
   "type": "Feature",
   "geometry": {
    "type": "LineString",
    "coordinates": [
     [166610.1,6827010.71],
     [166593.87,6827025.05],
     [166594.01,6827051.79],
     [166577.84,6827068.41],
     [166530.82,6827086.69],
     [166437.75,6827152.86],
     [166404.6,6827214.67],
     [166398.94,6827258.64],
     [166334.61,6827352.17]
    ]
   },
   "properties": {
    "name": null,
    "kind": "stream",
    "source": "N50 Kartdata, Kartverket, CC BY 4.0"
   }
  },
  {
   "type": "Feature",
   "geometry": {
    "type": "LineString",
    "coordinates": [
     [171488.16,6832087.94],
     [171439.36,6832139.1],
     [171439.6,6832166.1],
     [171417.26,6832171.54],
     [171388.75,6832206.13],
     [171393.91,6832266.11],
     [171358.11,6832360.48],
     [171322.01,6832362.82],
     [171267.79,6832343.82],
     [171230.57,6832363.79]
    ]
   },
   "properties": {
    "name": null,
    "kind": "stream",
    "source": "N50 Kartdata, Kartverket, CC BY 4.0"
   }
  },
  {
   "type": "Feature",
   "geometry": {
    "type": "LineString",
    "coordinates": [
     [165143.53,6841488.64],
     [165109.48,6841355.17],
     [165090.09,6841322.56],
     [165068.03,6841186.33],
     [165041.39,6841154.7],
     [165033.95,6841125.96],
     [164994.88,6841059.79]
    ]
   },
   "properties": {
    "name": null,
    "kind": "stream",
    "source": "N50 Kartdata, Kartverket, CC BY 4.0"
   }
  },
  {
   "type": "Feature",
   "geometry": {
    "type": "LineString",
    "coordinates": [
     [175215.82,6840750.53],
     [175199.57,6840804.42],
     [175049.69,6840967.11],
     [175042.49,6840997.93],
     [175050.32,6841082.68],
     [175045.95,6841148.85]
    ]
   },
   "properties": {
    "name": null,
    "kind": "stream",
    "source": "N50 Kartdata, Kartverket, CC BY 4.0"
   }
  },
  {
   "type": "Feature",
   "geometry": {
    "type": "LineString",
    "coordinates": [
     [159062.42,6832796.49],
     [159012.69,6832866.72],
     [158979.64,6832892.72],
     [158960.13,6832890.67],
     [158903.53,6832855.0],
     [158874.27,6832857.79],
     [158852.87,6832872.09],
     [158846.04,6832900.31],
     [158817.66,6832944.8],
     [158830.8,6833002.24],
     [158866.08,6833037.23]
    ]
   },
   "properties": {
    "name": null,
    "kind": "stream",
    "source": "N50 Kartdata, Kartverket, CC BY 4.0"
   }
  },
  {
   "type": "Feature",
   "geometry": {
    "type": "LineString",
    "coordinates": [
     [172458.42,6839787.65],
     [172485.5,6839809.72],
     [172529.11,6839817.98],
     [172558.74,6839837.03],
     [172575.43,6839833.63],
     [172589.56,6839848.75],
     [172611.91,6839852.78],
     [172625.75,6839866.47],
     [172639.02,6839900.71],
     [172679.65,6839919.33],
     [172686.81,6839947.08],
     [172699.55,6839959.03],
     [172767.25,6839965.34],
     [172795.09,6839978.02],
     [172833.96,6839982.17]
    ]
   },
   "properties": {
    "name": null,
    "kind": "stream",
    "source": "N50 Kartdata, Kartverket, CC BY 4.0"
   }
  },
  {
   "type": "Feature",
   "geometry": {
    "type": "LineString",
    "coordinates": [
     [163218.4,6835305.88],
     [163109.77,6835205.37],
     [163081.26,6835150.21],
     [162925.33,6835018.28],
     [162910.1,6834976.52]
    ]
   },
   "properties": {
    "name": null,
    "kind": "stream",
    "source": "N50 Kartdata, Kartverket, CC BY 4.0"
   }
  },
  {
   "type": "Feature",
   "geometry": {
    "type": "LineString",
    "coordinates": [
     [163401.31,6832625.13],
     [163393.6,6832559.5],
     [163365.88,6832512.35],
     [163332.63,6832489.54],
     [163320.96,6832421.5],
     [163289.38,6832402.24],
     [163269.17,6832371.53],
     [163271.65,6832346.35],
     [163255.53,6832298.36],
     [163259.52,6832259.05],
     [163268.2,6832248.36],
     [163256.64,6832227.01]
    ]
   },
   "properties": {
    "name": null,
    "kind": "stream",
    "source": "N50 Kartdata, Kartverket, CC BY 4.0"
   }
  },
  {
   "type": "Feature",
   "geometry": {
    "type": "LineString",
    "coordinates": [
     [172899.16,6833140.56],
     [172905.28,6833153.23],
     [172921.24,6833158.56],
     [172915.67,6833180.69],
     [172965.69,6833208.51],
     [172989.62,6833314.2],
     [172970.97,6833354.48],
     [172973.43,6833369.51],
     [172948.57,6833461.95],
     [172937.66,6833478.78],
     [172946.34,6833494.5],
     [172941.44,6833538.34]
    ]
   },
   "properties": {
    "name": null,
    "kind": "stream",
    "source": "N50 Kartdata, Kartverket, CC BY 4.0"
   }
  },
  {
   "type": "Feature",
   "geometry": {
    "type": "LineString",
    "coordinates": [
     [167992.74,6834785.12],
     [168007.87,6834750.72],
     [168022.5,6834610.63],
     [168037.47,6834594.09],
     [168041.62,6834566.6],
     [168077.93,6834500.85],
     [168070.41,6834384.33],
     [168058.73,6834350.9]
    ]
   },
   "properties": {
    "name": null,
    "kind": "stream",
    "source": "N50 Kartdata, Kartverket, CC BY 4.0"
   }
  },
  {
   "type": "Feature",
   "geometry": {
    "type": "LineString",
    "coordinates": [
     [166698.98,6840635.13],
     [166694.12,6840699.92],
     [166660.69,6840857.03],
     [166638.42,6840894.8],
     [166621.74,6840980.12],
     [166640.97,6841076.42]
    ]
   },
   "properties": {
    "name": null,
    "kind": "stream",
    "source": "N50 Kartdata, Kartverket, CC BY 4.0"
   }
  },
  {
   "type": "Feature",
   "geometry": {
    "type": "LineString",
    "coordinates": [
     [161132.61,6836957.53],
     [161182.84,6837000.15],
     [161215.81,6837043.0],
     [161248.34,6837055.02],
     [161278.72,6837083.44],
     [161358.59,6837114.51],
     [161365.58,6837154.67],
     [161386.73,6837202.54],
     [161397.0,6837279.84]
    ]
   },
   "properties": {
    "name": null,
    "kind": "stream",
    "source": "N50 Kartdata, Kartverket, CC BY 4.0"
   }
  },
  {
   "type": "Feature",
   "geometry": {
    "type": "LineString",
    "coordinates": [
     [172006.14,6842619.98],
     [172016.98,6842582.83],
     [172014.07,6842553.85],
     [172031.15,6842528.08],
     [172029.31,6842497.45],
     [172046.53,6842456.66],
     [172079.5,6842408.35],
     [172086.12,6842379.81],
     [172112.8,6842349.55],
     [172114.2,6842307.97],
     [172167.52,6842213.9]
    ]
   },
   "properties": {
    "name": null,
    "kind": "stream",
    "source": "N50 Kartdata, Kartverket, CC BY 4.0"
   }
  },
  {
   "type": "Feature",
   "geometry": {
    "type": "LineString",
    "coordinates": [
     [176384.0,6834567.26],
     [176359.47,6834555.75],
     [176324.64,6834558.7],
     [176281.02,6834548.04],
     [176264.07,6834534.99],
     [176173.61,6834518.65],
     [176080.1,6834512.61],
     [176006.58,6834496.94],
     [175969.08,6834482.62],
     [175955.43,6834465.16]
    ]
   },
   "properties": {
    "name": null,
    "kind": "stream",
    "source": "N50 Kartdata, Kartverket, CC BY 4.0"
   }
  },
  {
   "type": "Feature",
   "geometry": {
    "type": "LineString",
    "coordinates": [
     [176384.0,6834394.56],
     [176330.88,6834378.17],
     [176307.92,6834393.77],
     [176227.16,6834384.94],
     [176105.17,6834402.7],
     [176042.63,6834420.12],
     [175955.43,6834465.16]
    ]
   },
   "properties": {
    "name": null,
    "kind": "stream",
    "source": "N50 Kartdata, Kartverket, CC BY 4.0"
   }
  },
  {
   "type": "Feature",
   "geometry": {
    "type": "LineString",
    "coordinates": [
     [163246.59,6840287.62],
     [163314.34,6840276.34],
     [163381.84,6840244.17],
     [163420.65,6840205.34],
     [163473.24,6840188.54],
     [163485.71,6840187.06],
     [163519.12,6840203.59],
     [163553.86,6840192.24],
     [163618.6,6840211.72],
     [163660.47,6840201.26]
    ]
   },
   "properties": {
    "name": null,
    "kind": "stream",
    "source": "N50 Kartdata, Kartverket, CC BY 4.0"
   }
  },
  {
   "type": "Feature",
   "geometry": {
    "type": "LineString",
    "coordinates": [
     [163576.31,6841150.98],
     [163706.03,6841066.15],
     [163720.74,6841021.52],
     [163825.41,6840894.2],
     [163861.95,6840819.33]
    ]
   },
   "properties": {
    "name": null,
    "kind": "stream",
    "source": "N50 Kartdata, Kartverket, CC BY 4.0"
   }
  },
  {
   "type": "Feature",
   "geometry": {
    "type": "LineString",
    "coordinates": [
     [165295.25,6828857.73],
     [165283.79,6828816.61],
     [165257.28,6828779.42],
     [165253.67,6828731.96],
     [165270.71,6828703.08],
     [165263.0,6828662.79],
     [165197.27,6828610.2],
     [165155.01,6828589.16],
     [165047.62,6828585.45]
    ]
   },
   "properties": {
    "name": null,
    "kind": "stream",
    "source": "N50 Kartdata, Kartverket, CC BY 4.0"
   }
  },
  {
   "type": "Feature",
   "geometry": {
    "type": "LineString",
    "coordinates": [
     [164078.3,6835063.83],
     [164127.46,6835021.35],
     [164164.61,6834926.39],
     [164188.89,6834894.76],
     [164213.5,6834878.25],
     [164237.04,6834873.25],
     [164288.53,6834813.75],
     [164289.93,6834797.65],
     [164274.87,6834779.12],
     [164270.38,6834753.82],
     [164282.6,6834734.88],
     [164283.34,6834716.06]
    ]
   },
   "properties": {
    "name": null,
    "kind": "stream",
    "source": "N50 Kartdata, Kartverket, CC BY 4.0"
   }
  },
  {
   "type": "Feature",
   "geometry": {
    "type": "LineString",
    "coordinates": [
     [156262.89,6830747.91],
     [156272.86,6830691.88],
     [156268.34,6830629.57],
     [156330.95,6830447.79],
     [156341.74,6830313.72]
    ]
   },
   "properties": {
    "name": null,
    "kind": "stream",
    "source": "N50 Kartdata, Kartverket, CC BY 4.0"
   }
  },
  {
   "type": "Feature",
   "geometry": {
    "type": "LineString",
    "coordinates": [
     [159392.57,6834118.14],
     [159382.48,6834188.39],
     [159369.94,6834206.86],
     [159404.32,6834285.54],
     [159408.22,6834358.74],
     [159382.12,6834422.04],
     [159387.97,6834462.13],
     [159421.63,6834538.2]
    ]
   },
   "properties": {
    "name": null,
    "kind": "stream",
    "source": "N50 Kartdata, Kartverket, CC BY 4.0"
   }
  },
  {
   "type": "Feature",
   "geometry": {
    "type": "LineString",
    "coordinates": [
     [171422.48,6831919.27],
     [171387.9,6831873.57],
     [171319.47,6831827.29],
     [171274.55,6831776.04],
     [171245.13,6831756.35],
     [171151.79,6831753.01],
     [171096.2,6831767.4],
     [171069.35,6831755.67],
     [171048.63,6831755.93]
    ]
   },
   "properties": {
    "name": null,
    "kind": "stream",
    "source": "N50 Kartdata, Kartverket, CC BY 4.0"
   }
  },
  {
   "type": "Feature",
   "geometry": {
    "type": "LineString",
    "coordinates": [
     [163304.91,6833047.88],
     [163312.86,6832923.7],
     [163328.88,6832909.14],
     [163325.02,6832882.06],
     [163352.74,6832841.92],
     [163352.81,6832816.19],
     [163388.79,6832775.34],
     [163386.16,6832742.62],
     [163399.76,6832708.99],
     [163394.4,6832689.32],
     [163403.44,6832637.95]
    ]
   },
   "properties": {
    "name": null,
    "kind": "stream",
    "source": "N50 Kartdata, Kartverket, CC BY 4.0"
   }
  },
  {
   "type": "Feature",
   "geometry": {
    "type": "LineString",
    "coordinates": [
     [162679.93,6839566.04],
     [162703.5,6839553.73],
     [162758.79,6839545.56],
     [162801.99,6839518.95],
     [162852.67,6839510.2],
     [162879.54,6839490.44],
     [162940.22,6839483.29],
     [162994.01,6839423.76],
     [163033.66,6839429.29],
     [163076.46,6839417.2]
    ]
   },
   "properties": {
    "name": null,
    "kind": "stream",
    "source": "N50 Kartdata, Kartverket, CC BY 4.0"
   }
  },
  {
   "type": "Feature",
   "geometry": {
    "type": "LineString",
    "coordinates": [
     [173161.93,6838739.34],
     [173187.87,6838807.26],
     [173194.55,6838846.86],
     [173180.1,6838886.41],
     [173182.72,6838936.44],
     [173168.53,6838967.92],
     [173144.23,6839085.82],
     [173101.21,6839156.17]
    ]
   },
   "properties": {
    "name": null,
    "kind": "stream",
    "source": "N50 Kartdata, Kartverket, CC BY 4.0"
   }
  },
  {
   "type": "Feature",
   "geometry": {
    "type": "LineString",
    "coordinates": [
     [168154.53,6836038.33],
     [168163.36,6836089.61],
     [168156.12,6836142.36],
     [168093.33,6836169.71],
     [168020.04,6836235.62],
     [167984.4,6836320.01],
     [167938.65,6836383.18]
    ]
   },
   "properties": {
    "name": null,
    "kind": "stream",
    "source": "N50 Kartdata, Kartverket, CC BY 4.0"
   }
  },
  {
   "type": "Feature",
   "geometry": {
    "type": "LineString",
    "coordinates": [
     [166205.65,6828633.35],
     [166117.03,6828606.11],
     [166019.82,6828553.68],
     [165993.56,6828552.52],
     [165968.26,6828558.27],
     [165915.04,6828597.03],
     [165849.91,6828661.08],
     [165821.94,6828665.85]
    ]
   },
   "properties": {
    "name": null,
    "kind": "stream",
    "source": "N50 Kartdata, Kartverket, CC BY 4.0"
   }
  },
  {
   "type": "Feature",
   "geometry": {
    "type": "LineString",
    "coordinates": [
     [163246.59,6840287.62],
     [163355.12,6840220.72],
     [163440.25,6840126.17],
     [163479.73,6840126.82],
     [163511.55,6840142.31],
     [163540.48,6840130.41],
     [163585.49,6840064.19]
    ]
   },
   "properties": {
    "name": null,
    "kind": "stream",
    "source": "N50 Kartdata, Kartverket, CC BY 4.0"
   }
  },
  {
   "type": "Feature",
   "geometry": {
    "type": "LineString",
    "coordinates": [
     [162289.97,6841702.4],
     [162542.14,6841782.52],
     [162592.26,6841783.69],
     [162657.16,6841813.66],
     [162699.07,6841844.97]
    ]
   },
   "properties": {
    "name": null,
    "kind": "stream",
    "source": "N50 Kartdata, Kartverket, CC BY 4.0"
   }
  },
  {
   "type": "Feature",
   "geometry": {
    "type": "LineString",
    "coordinates": [
     [160204.37,6834058.7],
     [160199.21,6834085.29],
     [160206.82,6834107.72],
     [160184.02,6834210.65],
     [160186.62,6834285.03],
     [160157.07,6834347.67],
     [160132.57,6834479.63]
    ]
   },
   "properties": {
    "name": null,
    "kind": "stream",
    "source": "N50 Kartdata, Kartverket, CC BY 4.0"
   }
  },
  {
   "type": "Feature",
   "geometry": {
    "type": "LineString",
    "coordinates": [
     [171203.07,6839096.81],
     [171218.27,6839156.81],
     [171255.63,6839181.36],
     [171276.83,6839205.86],
     [171306.69,6839250.86],
     [171310.82,6839272.74],
     [171334.15,6839301.6],
     [171332.09,6839323.32],
     [171347.45,6839341.87],
     [171351.33,6839397.07],
     [171396.45,6839462.54]
    ]
   },
   "properties": {
    "name": null,
    "kind": "stream",
    "source": "N50 Kartdata, Kartverket, CC BY 4.0"
   }
  },
  {
   "type": "Feature",
   "geometry": {
    "type": "LineString",
    "coordinates": [
     [170165.81,6840015.77],
     [170189.82,6840042.62],
     [170240.07,6840129.36],
     [170300.44,6840309.83],
     [170366.76,6840341.37],
     [170385.3,6840368.07]
    ]
   },
   "properties": {
    "name": null,
    "kind": "stream",
    "source": "N50 Kartdata, Kartverket, CC BY 4.0"
   }
  },
  {
   "type": "Feature",
   "geometry": {
    "type": "LineString",
    "coordinates": [
     [173245.2,6828031.02],
     [173183.05,6828012.21],
     [173092.05,6827915.17],
     [173085.2,6827879.87],
     [173106.02,6827840.1],
     [173100.56,6827801.32],
     [173116.48,6827775.6],
     [173111.16,6827746.2],
     [173078.37,6827703.49]
    ]
   },
   "properties": {
    "name": null,
    "kind": "stream",
    "source": "N50 Kartdata, Kartverket, CC BY 4.0"
   }
  },
  {
   "type": "Feature",
   "geometry": {
    "type": "LineString",
    "coordinates": [
     [174586.24,6830552.32],
     [174518.01,6830574.55],
     [174479.2,6830579.07],
     [174451.21,6830615.6],
     [174360.0,6830632.11],
     [174334.09,6830680.61],
     [174215.04,6830717.5]
    ]
   },
   "properties": {
    "name": null,
    "kind": "stream",
    "source": "N50 Kartdata, Kartverket, CC BY 4.0"
   }
  },
  {
   "type": "Feature",
   "geometry": {
    "type": "LineString",
    "coordinates": [
     [175940.96,6838705.5],
     [175940.21,6838688.93],
     [175923.51,6838672.92],
     [175918.37,6838655.33],
     [175923.66,6838633.19],
     [175911.21,6838420.19],
     [175923.08,6838385.37],
     [175939.48,6838364.92],
     [175940.77,6838334.92],
     [175958.58,6838298.69]
    ]
   },
   "properties": {
    "name": null,
    "kind": "stream",
    "source": "N50 Kartdata, Kartverket, CC BY 4.0"
   }
  },
  {
   "type": "Feature",
   "geometry": {
    "type": "LineString",
    "coordinates": [
     [158662.47,6832516.64],
     [158653.49,6832541.42],
     [158635.03,6832559.66],
     [158622.17,6832600.51],
     [158601.98,6832611.0],
     [158584.51,6832675.87],
     [158556.09,6832717.48],
     [158558.63,6832815.36],
     [158515.48,6832838.01],
     [158522.52,6832880.85]
    ]
   },
   "properties": {
    "name": null,
    "kind": "stream",
    "source": "N50 Kartdata, Kartverket, CC BY 4.0"
   }
  },
  {
   "type": "Feature",
   "geometry": {
    "type": "LineString",
    "coordinates": [
     [170467.33,6840998.9],
     [170467.81,6840952.56],
     [170437.55,6840889.01],
     [170432.33,6840854.71],
     [170399.55,6840810.68],
     [170400.08,6840791.01],
     [170357.72,6840758.59],
     [170325.77,6840763.51],
     [170304.54,6840729.79],
     [170265.12,6840703.24],
     [170251.53,6840682.08]
    ]
   },
   "properties": {
    "name": null,
    "kind": "stream",
    "source": "N50 Kartdata, Kartverket, CC BY 4.0"
   }
  },
  {
   "type": "Feature",
   "geometry": {
    "type": "LineString",
    "coordinates": [
     [168125.67,6833055.08],
     [168041.16,6833055.51],
     [168011.01,6833034.37],
     [167990.01,6833000.93],
     [167941.19,6832996.08],
     [167933.69,6832967.99],
     [167938.33,6832941.0],
     [167930.43,6832933.33],
     [167890.4,6832951.08],
     [167850.0,6832956.16],
     [167799.93,6832920.92]
    ]
   },
   "properties": {
    "name": null,
    "kind": "stream",
    "source": "N50 Kartdata, Kartverket, CC BY 4.0"
   }
  },
  {
   "type": "Feature",
   "geometry": {
    "type": "LineString",
    "coordinates": [
     [167903.82,6841654.5],
     [167903.02,6841601.68],
     [167940.69,6841514.02],
     [167937.23,6841441.89],
     [167947.37,6841424.14],
     [167983.7,6841416.82],
     [168018.85,6841372.83],
     [168059.6,6841353.51],
     [168042.12,6841313.96]
    ]
   },
   "properties": {
    "name": null,
    "kind": "stream",
    "source": "N50 Kartdata, Kartverket, CC BY 4.0"
   }
  },
  {
   "type": "Feature",
   "geometry": {
    "type": "LineString",
    "coordinates": [
     [169158.98,6841455.67],
     [169194.31,6841399.89],
     [169208.21,6841341.28],
     [169263.5,6841271.12],
     [169249.16,6841201.27],
     [169251.41,6841127.01],
     [169230.04,6841071.94]
    ]
   },
   "properties": {
    "name": null,
    "kind": "stream",
    "source": "N50 Kartdata, Kartverket, CC BY 4.0"
   }
  },
  {
   "type": "Feature",
   "geometry": {
    "type": "LineString",
    "coordinates": [
     [156219.38,6836091.61],
     [156189.88,6836083.94],
     [156149.9,6836044.72],
     [156084.72,6836007.29],
     [156048.79,6835995.42],
     [156038.79,6835977.11],
     [155976.42,6835932.58],
     [155957.84,6835929.41],
     [155933.4,6835943.52],
     [155906.69,6835939.33],
     [155913.9,6835891.76]
    ]
   },
   "properties": {
    "name": null,
    "kind": "stream",
    "source": "N50 Kartdata, Kartverket, CC BY 4.0"
   }
  },
  {
   "type": "Feature",
   "geometry": {
    "type": "LineString",
    "coordinates": [
     [174870.36,6840892.37],
     [174871.78,6841054.94],
     [174850.35,6841149.43],
     [174779.19,6841290.44]
    ]
   },
   "properties": {
    "name": null,
    "kind": "stream",
    "source": "N50 Kartdata, Kartverket, CC BY 4.0"
   }
  },
  {
   "type": "Feature",
   "geometry": {
    "type": "LineString",
    "coordinates": [
     [174472.19,6827339.46],
     [174432.27,6827311.66],
     [174379.73,6827256.77],
     [174373.71,6827206.14],
     [174356.6,6827181.49],
     [174349.14,6827145.4],
     [174334.9,6827137.5],
     [174311.61,6827104.1],
     [174244.87,6827054.54],
     [174225.72,6827025.94]
    ]
   },
   "properties": {
    "name": null,
    "kind": "stream",
    "source": "N50 Kartdata, Kartverket, CC BY 4.0"
   }
  },
  {
   "type": "Feature",
   "geometry": {
    "type": "LineString",
    "coordinates": [
     [167562.02,6841689.96],
     [167586.98,6841658.87],
     [167585.23,6841569.2],
     [167622.4,6841536.19],
     [167636.14,6841403.77],
     [167626.44,6841323.33],
     [167634.74,6841301.51]
    ]
   },
   "properties": {
    "name": null,
    "kind": "stream",
    "source": "N50 Kartdata, Kartverket, CC BY 4.0"
   }
  },
  {
   "type": "Feature",
   "geometry": {
    "type": "LineString",
    "coordinates": [
     [157179.82,6836149.57],
     [157180.49,6836132.65],
     [157210.59,6836067.15],
     [157207.94,6836007.99],
     [157185.62,6835957.5],
     [157118.76,6835890.79],
     [157114.75,6835852.48],
     [157099.66,6835821.96],
     [157054.85,6835813.43]
    ]
   },
   "properties": {
    "name": null,
    "kind": "stream",
    "source": "N50 Kartdata, Kartverket, CC BY 4.0"
   }
  },
  {
   "type": "Feature",
   "geometry": {
    "type": "LineString",
    "coordinates": [
     [159097.25,6834331.78],
     [159102.88,6834358.13],
     [159170.9,6834473.97],
     [159180.61,6834529.41],
     [159208.13,6834587.41],
     [159215.47,6834626.67],
     [159262.05,6834707.64]
    ]
   },
   "properties": {
    "name": null,
    "kind": "stream",
    "source": "N50 Kartdata, Kartverket, CC BY 4.0"
   }
  },
  {
   "type": "Feature",
   "geometry": {
    "type": "LineString",
    "coordinates": [
     [172359.52,6836385.71],
     [172460.27,6836250.45],
     [172426.49,6836163.64],
     [172438.77,6836095.27],
     [172458.9,6836063.13],
     [172463.33,6836017.92]
    ]
   },
   "properties": {
    "name": null,
    "kind": "stream",
    "source": "N50 Kartdata, Kartverket, CC BY 4.0"
   }
  },
  {
   "type": "Feature",
   "geometry": {
    "type": "LineString",
    "coordinates": [
     [174589.06,6840611.31],
     [174649.11,6840633.15],
     [174696.25,6840621.42],
     [174708.88,6840653.63],
     [174719.13,6840656.41],
     [174741.63,6840637.16],
     [174844.97,6840615.51],
     [174963.08,6840638.44]
    ]
   },
   "properties": {
    "name": null,
    "kind": "stream",
    "source": "N50 Kartdata, Kartverket, CC BY 4.0"
   }
  },
  {
   "type": "Feature",
   "geometry": {
    "type": "LineString",
    "coordinates": [
     [157851.56,6833329.84],
     [157866.76,6833382.99],
     [157891.41,6833416.52],
     [157890.73,6833476.89],
     [157941.15,6833511.55],
     [157974.84,6833563.6],
     [157985.44,6833613.79],
     [158029.03,6833649.17],
     [158028.41,6833670.81]
    ]
   },
   "properties": {
    "name": null,
    "kind": "stream",
    "source": "N50 Kartdata, Kartverket, CC BY 4.0"
   }
  },
  {
   "type": "Feature",
   "geometry": {
    "type": "LineString",
    "coordinates": [
     [167903.82,6841654.5],
     [167959.81,6841554.19],
     [168004.84,6841505.42],
     [168025.29,6841454.44],
     [168080.46,6841402.03],
     [168080.37,6841360.18],
     [168095.57,6841354.25],
     [168100.3,6841319.59]
    ]
   },
   "properties": {
    "name": null,
    "kind": "stream",
    "source": "N50 Kartdata, Kartverket, CC BY 4.0"
   }
  },
  {
   "type": "Feature",
   "geometry": {
    "type": "LineString",
    "coordinates": [
     [160620.83,6841774.56],
     [160597.39,6841775.05],
     [160575.69,6841818.13],
     [160573.9,6841872.5],
     [160559.7,6841903.24],
     [160532.22,6841923.44],
     [160508.78,6841967.43],
     [160487.58,6841987.17],
     [160493.21,6842044.4],
     [160479.92,6842092.07],
     [160465.16,6842112.03]
    ]
   },
   "properties": {
    "name": null,
    "kind": "stream",
    "source": "N50 Kartdata, Kartverket, CC BY 4.0"
   }
  },
  {
   "type": "Feature",
   "geometry": {
    "type": "LineString",
    "coordinates": [
     [157898.86,6838074.16],
     [157902.49,6838057.25],
     [157879.69,6838013.55],
     [157776.25,6837897.21],
     [157728.49,6837887.07],
     [157697.12,6837864.97],
     [157646.65,6837846.11],
     [157623.34,6837812.02]
    ]
   },
   "properties": {
    "name": null,
    "kind": "stream",
    "source": "N50 Kartdata, Kartverket, CC BY 4.0"
   }
  },
  {
   "type": "Feature",
   "geometry": {
    "type": "LineString",
    "coordinates": [
     [161956.18,6836043.9],
     [161989.54,6836076.83],
     [162021.36,6836094.37],
     [162087.79,6836166.1],
     [162157.28,6836199.41],
     [162229.25,6836269.2],
     [162238.89,6836290.14],
     [162259.5,6836300.95]
    ]
   },
   "properties": {
    "name": null,
    "kind": "stream",
    "source": "N50 Kartdata, Kartverket, CC BY 4.0"
   }
  },
  {
   "type": "Feature",
   "geometry": {
    "type": "LineString",
    "coordinates": [
     [158639.4,6836307.13],
     [158727.78,6836205.8],
     [158723.99,6836185.94],
     [158745.26,6836145.0],
     [158753.13,6836103.5],
     [158745.37,6836031.72],
     [158750.4,6836011.16],
     [158772.2,6835988.09],
     [158777.7,6835952.93]
    ]
   },
   "properties": {
    "name": null,
    "kind": "stream",
    "source": "N50 Kartdata, Kartverket, CC BY 4.0"
   }
  },
  {
   "type": "Feature",
   "geometry": {
    "type": "LineString",
    "coordinates": [
     [166205.65,6828633.35],
     [166129.88,6828663.69],
     [165980.47,6828671.73],
     [165936.42,6828665.13],
     [165878.47,6828688.33],
     [165835.91,6828681.32],
     [165821.94,6828665.85]
    ]
   },
   "properties": {
    "name": "Steinflybekken",
    "kind": "stream",
    "source": "N50 Kartdata, Kartverket, CC BY 4.0"
   }
  },
  {
   "type": "Feature",
   "geometry": {
    "type": "LineString",
    "coordinates": [
     [158372.42,6829783.21],
     [158376.31,6829729.66],
     [158443.6,6829610.33],
     [158535.33,6829540.11],
     [158622.77,6829504.75]
    ]
   },
   "properties": {
    "name": null,
    "kind": "stream",
    "source": "N50 Kartdata, Kartverket, CC BY 4.0"
   }
  },
  {
   "type": "Feature",
   "geometry": {
    "type": "LineString",
    "coordinates": [
     [156296.45,6834582.91],
     [156211.11,6834593.89],
     [156167.74,6834584.73],
     [156087.86,6834587.36],
     [156032.13,6834607.01],
     [155927.75,6834613.58],
     [155904.0,6834618.87]
    ]
   },
   "properties": {
    "name": null,
    "kind": "stream",
    "source": "N50 Kartdata, Kartverket, CC BY 4.0"
   }
  },
  {
   "type": "Feature",
   "geometry": {
    "type": "LineString",
    "coordinates": [
     [168039.15,6828968.62],
     [167871.23,6828953.24],
     [167848.75,6828970.18],
     [167754.35,6828995.28],
     [167651.37,6828992.34]
    ]
   },
   "properties": {
    "name": null,
    "kind": "stream",
    "source": "N50 Kartdata, Kartverket, CC BY 4.0"
   }
  },
  {
   "type": "Feature",
   "geometry": {
    "type": "LineString",
    "coordinates": [
     [163094.27,6842682.16],
     [163081.71,6842742.84],
     [163092.69,6842764.84],
     [163115.14,6842779.4],
     [163125.79,6842837.72],
     [163123.61,6842910.03],
     [163143.69,6842934.28],
     [163172.62,6843000.11],
     [163183.6,6843046.78]
    ]
   },
   "properties": {
    "name": null,
    "kind": "stream",
    "source": "N50 Kartdata, Kartverket, CC BY 4.0"
   }
  },
  {
   "type": "Feature",
   "geometry": {
    "type": "LineString",
    "coordinates": [
     [175312.24,6842961.92],
     [175347.75,6842934.8],
     [175368.1,6842903.15],
     [175403.16,6842814.46],
     [175429.56,6842784.65],
     [175472.17,6842756.78],
     [175497.64,6842708.22],
     [175519.67,6842699.94],
     [175568.19,6842702.34]
    ]
   },
   "properties": {
    "name": null,
    "kind": "stream",
    "source": "N50 Kartdata, Kartverket, CC BY 4.0"
   }
  },
  {
   "type": "Feature",
   "geometry": {
    "type": "LineString",
    "coordinates": [
     [169702.79,6833480.13],
     [169703.87,6833461.37],
     [169718.76,6833438.88],
     [169720.56,6833403.33],
     [169809.97,6833267.9],
     [169823.9,6833212.82],
     [169848.15,6833176.52],
     [169855.44,6833125.98]
    ]
   },
   "properties": {
    "name": null,
    "kind": "stream",
    "source": "N50 Kartdata, Kartverket, CC BY 4.0"
   }
  },
  {
   "type": "Feature",
   "geometry": {
    "type": "LineString",
    "coordinates": [
     [174137.63,6842067.96],
     [174138.5,6842054.39],
     [174195.28,6841996.49],
     [174253.34,6841999.04],
     [174268.94,6841989.02],
     [174280.62,6841959.32],
     [174271.89,6841911.46],
     [174275.18,6841856.66],
     [174300.63,6841791.95],
     [174317.42,6841784.78]
    ]
   },
   "properties": {
    "name": null,
    "kind": "stream",
    "source": "N50 Kartdata, Kartverket, CC BY 4.0"
   }
  },
  {
   "type": "Feature",
   "geometry": {
    "type": "LineString",
    "coordinates": [
     [168570.82,6827730.45],
     [168542.29,6827719.13],
     [168524.29,6827672.65],
     [168511.27,6827663.52],
     [168513.76,6827628.29],
     [168495.73,6827573.41],
     [168450.3,6827551.68],
     [168445.25,6827530.37],
     [168428.41,6827514.92],
     [168349.72,6827493.73],
     [168329.85,6827473.59]
    ]
   },
   "properties": {
    "name": null,
    "kind": "stream",
    "source": "N50 Kartdata, Kartverket, CC BY 4.0"
   }
  },
  {
   "type": "Feature",
   "geometry": {
    "type": "LineString",
    "coordinates": [
     [162812.52,6842038.24],
     [162821.99,6842120.62],
     [162802.51,6842166.69],
     [162804.12,6842183.68],
     [162819.5,6842292.99],
     [162844.22,6842345.03],
     [162852.28,6842420.37]
    ]
   },
   "properties": {
    "name": null,
    "kind": "stream",
    "source": "N50 Kartdata, Kartverket, CC BY 4.0"
   }
  },
  {
   "type": "Feature",
   "geometry": {
    "type": "LineString",
    "coordinates": [
     [174108.58,6831986.17],
     [174137.41,6832033.18],
     [174152.65,6832088.38],
     [174213.08,6832186.53],
     [174208.88,6832214.11],
     [174229.05,6832272.36],
     [174225.96,6832323.76],
     [174235.19,6832346.36]
    ]
   },
   "properties": {
    "name": null,
    "kind": "stream",
    "source": "N50 Kartdata, Kartverket, CC BY 4.0"
   }
  },
  {
   "type": "Feature",
   "geometry": {
    "type": "LineString",
    "coordinates": [
     [156139.92,6836864.29],
     [156050.69,6836851.23],
     [156023.99,6836833.0],
     [156009.4,6836754.76],
     [155948.5,6836683.74],
     [155940.08,6836642.39],
     [155904.0,6836602.89]
    ]
   },
   "properties": {
    "name": null,
    "kind": "stream",
    "source": "N50 Kartdata, Kartverket, CC BY 4.0"
   }
  },
  {
   "type": "Feature",
   "geometry": {
    "type": "LineString",
    "coordinates": [
     [170084.49,6830563.12],
     [170058.24,6830531.39],
     [170038.81,6830489.02],
     [169998.78,6830463.09],
     [169984.07,6830438.83],
     [169970.94,6830397.36],
     [169969.38,6830349.56],
     [169923.86,6830272.45],
     [169925.11,6830227.73]
    ]
   },
   "properties": {
    "name": "Varga",
    "kind": "stream",
    "source": "N50 Kartdata, Kartverket, CC BY 4.0"
   }
  },
  {
   "type": "Feature",
   "geometry": {
    "type": "LineString",
    "coordinates": [
     [173235.22,6833869.75],
     [173248.27,6833967.53],
     [173232.24,6834024.47],
     [173234.73,6834062.94],
     [173247.51,6834103.33],
     [173270.67,6834251.78]
    ]
   },
   "properties": {
    "name": null,
    "kind": "stream",
    "source": "N50 Kartdata, Kartverket, CC BY 4.0"
   }
  },
  {
   "type": "Feature",
   "geometry": {
    "type": "LineString",
    "coordinates": [
     [172707.85,6834009.35],
     [172717.36,6834015.57],
     [172698.34,6834088.82],
     [172703.84,6834210.63],
     [172685.67,6834243.78],
     [172687.99,6834275.34],
     [172707.92,6834304.88],
     [172717.63,6834377.59]
    ]
   },
   "properties": {
    "name": null,
    "kind": "stream",
    "source": "N50 Kartdata, Kartverket, CC BY 4.0"
   }
  },
  {
   "type": "Feature",
   "geometry": {
    "type": "LineString",
    "coordinates": [
     [174391.18,6830009.96],
     [174393.91,6830087.51],
     [174406.7,6830125.27],
     [174396.2,6830151.84],
     [174389.91,6830239.39],
     [174366.24,6830309.27],
     [174368.3,6830336.14],
     [174355.72,6830384.81]
    ]
   },
   "properties": {
    "name": null,
    "kind": "stream",
    "source": "N50 Kartdata, Kartverket, CC BY 4.0"
   }
  },
  {
   "type": "Feature",
   "geometry": {
    "type": "LineString",
    "coordinates": [
     [169925.11,6830227.73],
     [169983.25,6830220.65],
     [170032.64,6830159.24],
     [170034.28,6830105.92],
     [170051.66,6830061.51],
     [170050.31,6829978.87],
     [170075.85,6829920.55]
    ]
   },
   "properties": {
    "name": null,
    "kind": "stream",
    "source": "N50 Kartdata, Kartverket, CC BY 4.0"
   }
  },
  {
   "type": "Feature",
   "geometry": {
    "type": "LineString",
    "coordinates": [
     [173108.97,6830997.14],
     [173093.24,6831023.84],
     [173074.74,6831033.61],
     [173009.15,6831102.12],
     [173004.55,6831125.33],
     [172927.3,6831175.36],
     [172893.9,6831215.06],
     [172897.84,6831231.24],
     [172882.84,6831281.69]
    ]
   },
   "properties": {
    "name": null,
    "kind": "stream",
    "source": "N50 Kartdata, Kartverket, CC BY 4.0"
   }
  },
  {
   "type": "Feature",
   "geometry": {
    "type": "LineString",
    "coordinates": [
     [156452.97,6835161.73],
     [156484.77,6835208.01],
     [156512.14,6835228.48],
     [156518.28,6835254.51],
     [156617.25,6835372.81],
     [156640.43,6835417.57],
     [156680.63,6835463.71]
    ]
   },
   "properties": {
    "name": null,
    "kind": "stream",
    "source": "N50 Kartdata, Kartverket, CC BY 4.0"
   }
  },
  {
   "type": "Feature",
   "geometry": {
    "type": "LineString",
    "coordinates": [
     [174157.8,6836800.0],
     [174112.88,6836836.35],
     [174045.42,6836944.13],
     [174017.07,6836963.84],
     [173909.7,6837083.19]
    ]
   },
   "properties": {
    "name": null,
    "kind": "stream",
    "source": "N50 Kartdata, Kartverket, CC BY 4.0"
   }
  },
  {
   "type": "Feature",
   "geometry": {
    "type": "LineString",
    "coordinates": [
     [175976.55,6840956.1],
     [175900.8,6840927.43],
     [175781.82,6840928.25],
     [175646.88,6840905.72],
     [175607.19,6840889.63]
    ]
   },
   "properties": {
    "name": null,
    "kind": "stream",
    "source": "N50 Kartdata, Kartverket, CC BY 4.0"
   }
  },
  {
   "type": "Feature",
   "geometry": {
    "type": "LineString",
    "coordinates": [
     [173003.7,6838400.81],
     [173053.32,6838482.14],
     [173117.0,6838665.75],
     [173145.21,6838728.39],
     [173161.93,6838739.34]
    ]
   },
   "properties": {
    "name": null,
    "kind": "stream",
    "source": "N50 Kartdata, Kartverket, CC BY 4.0"
   }
  },
  {
   "type": "Feature",
   "geometry": {
    "type": "LineString",
    "coordinates": [
     [163863.21,6842391.04],
     [163925.23,6842348.28],
     [163963.13,6842332.12],
     [164022.03,6842329.14],
     [164049.74,6842317.42],
     [164083.58,6842325.51],
     [164118.73,6842323.54],
     [164139.88,6842335.48],
     [164188.29,6842344.03],
     [164211.69,6842361.42]
    ]
   },
   "properties": {
    "name": null,
    "kind": "stream",
    "source": "N50 Kartdata, Kartverket, CC BY 4.0"
   }
  },
  {
   "type": "Feature",
   "geometry": {
    "type": "LineString",
    "coordinates": [
     [173363.7,6842197.51],
     [173336.91,6842172.7],
     [173278.55,6842092.96],
     [173248.31,6841997.09],
     [173246.0,6841926.44],
     [173204.34,6841868.59]
    ]
   },
   "properties": {
    "name": null,
    "kind": "stream",
    "source": "N50 Kartdata, Kartverket, CC BY 4.0"
   }
  },
  {
   "type": "Feature",
   "geometry": {
    "type": "LineString",
    "coordinates": [
     [173951.65,6837649.3],
     [173962.34,6837542.96],
     [173984.13,6837483.71],
     [174029.04,6837401.68],
     [174049.51,6837328.32],
     [174050.13,6837292.13]
    ]
   },
   "properties": {
    "name": null,
    "kind": "stream",
    "source": "N50 Kartdata, Kartverket, CC BY 4.0"
   }
  },
  {
   "type": "Feature",
   "geometry": {
    "type": "LineString",
    "coordinates": [
     [162229.2,6835939.51],
     [162228.91,6836010.88],
     [162240.17,6836033.5],
     [162245.89,6836080.52],
     [162231.12,6836105.54],
     [162229.09,6836136.98],
     [162236.31,6836156.09],
     [162230.57,6836174.71],
     [162256.66,6836244.8],
     [162259.5,6836300.95]
    ]
   },
   "properties": {
    "name": null,
    "kind": "stream",
    "source": "N50 Kartdata, Kartverket, CC BY 4.0"
   }
  },
  {
   "type": "Feature",
   "geometry": {
    "type": "LineString",
    "coordinates": [
     [170545.6,6843264.0],
     [170572.36,6843147.92],
     [170605.39,6843089.5],
     [170668.97,6843060.88],
     [170694.27,6843032.79],
     [170709.96,6842996.93],
     [170739.73,6842968.62]
    ]
   },
   "properties": {
    "name": null,
    "kind": "stream",
    "source": "N50 Kartdata, Kartverket, CC BY 4.0"
   }
  },
  {
   "type": "Feature",
   "geometry": {
    "type": "LineString",
    "coordinates": [
     [172053.3,6839572.01],
     [172087.79,6839582.03],
     [172109.56,6839616.0],
     [172111.14,6839635.76],
     [172142.97,6839664.21],
     [172139.03,6839730.01],
     [172149.61,6839754.63],
     [172141.06,6839768.49],
     [172174.05,6839820.78],
     [172164.11,6839847.27],
     [172196.95,6839859.16]
    ]
   },
   "properties": {
    "name": null,
    "kind": "stream",
    "source": "N50 Kartdata, Kartverket, CC BY 4.0"
   }
  },
  {
   "type": "Feature",
   "geometry": {
    "type": "LineString",
    "coordinates": [
     [162066.17,6827976.44],
     [162104.82,6828037.69],
     [162120.35,6828159.62],
     [162094.69,6828224.5],
     [162036.64,6828266.49],
     [162015.36,6828293.86]
    ]
   },
   "properties": {
    "name": null,
    "kind": "stream",
    "source": "N50 Kartdata, Kartverket, CC BY 4.0"
   }
  },
  {
   "type": "Feature",
   "geometry": {
    "type": "LineString",
    "coordinates": [
     [167365.15,6841724.47],
     [167354.85,6841612.55],
     [167333.86,6841566.46],
     [167328.85,6841491.56],
     [167314.28,6841474.6],
     [167312.87,6841460.92],
     [167339.52,6841389.05],
     [167329.83,6841371.03]
    ]
   },
   "properties": {
    "name": null,
    "kind": "stream",
    "source": "N50 Kartdata, Kartverket, CC BY 4.0"
   }
  },
  {
   "type": "Feature",
   "geometry": {
    "type": "LineString",
    "coordinates": [
     [172258.55,6835669.47],
     [172303.62,6835615.78],
     [172306.45,6835497.06],
     [172382.82,6835351.56],
     [172382.71,6835333.96]
    ]
   },
   "properties": {
    "name": null,
    "kind": "stream",
    "source": "N50 Kartdata, Kartverket, CC BY 4.0"
   }
  },
  {
   "type": "Feature",
   "geometry": {
    "type": "LineString",
    "coordinates": [
     [173673.78,6837355.29],
     [173693.29,6837340.16],
     [173702.79,6837305.92],
     [173754.53,6837279.89],
     [173774.34,6837261.78],
     [173795.08,6837221.83],
     [173888.62,6837119.54],
     [173909.7,6837083.19]
    ]
   },
   "properties": {
    "name": null,
    "kind": "stream",
    "source": "N50 Kartdata, Kartverket, CC BY 4.0"
   }
  },
  {
   "type": "Feature",
   "geometry": {
    "type": "LineString",
    "coordinates": [
     [163863.21,6842391.04],
     [163899.1,6842414.04],
     [163939.87,6842414.03],
     [163959.55,6842424.92],
     [163994.99,6842426.03],
     [164032.85,6842409.68],
     [164159.12,6842385.7],
     [164211.69,6842361.42]
    ]
   },
   "properties": {
    "name": null,
    "kind": "stream",
    "source": "N50 Kartdata, Kartverket, CC BY 4.0"
   }
  },
  {
   "type": "Feature",
   "geometry": {
    "type": "LineString",
    "coordinates": [
     [168329.52,6830517.53],
     [168405.65,6830559.41],
     [168441.91,6830573.13],
     [168474.91,6830571.32],
     [168527.27,6830596.73],
     [168543.53,6830641.94],
     [168643.08,6830670.75]
    ]
   },
   "properties": {
    "name": null,
    "kind": "stream",
    "source": "N50 Kartdata, Kartverket, CC BY 4.0"
   }
  },
  {
   "type": "Feature",
   "geometry": {
    "type": "LineString",
    "coordinates": [
     [159688.91,6834042.98],
     [159636.79,6834151.54],
     [159646.17,6834171.84],
     [159648.55,6834216.25],
     [159632.27,6834260.86],
     [159632.67,6834289.16],
     [159606.52,6834388.65]
    ]
   },
   "properties": {
    "name": null,
    "kind": "stream",
    "source": "N50 Kartdata, Kartverket, CC BY 4.0"
   }
  },
  {
   "type": "Feature",
   "geometry": {
    "type": "LineString",
    "coordinates": [
     [174345.91,6841773.25],
     [174416.34,6841773.78],
     [174445.78,6841766.03],
     [174482.26,6841725.45],
     [174479.22,6841692.55],
     [174532.59,6841617.23],
     [174566.7,6841539.53]
    ]
   },
   "properties": {
    "name": null,
    "kind": "stream",
    "source": "N50 Kartdata, Kartverket, CC BY 4.0"
   }
  },
  {
   "type": "Feature",
   "geometry": {
    "type": "LineString",
    "coordinates": [
     [156267.35,6835854.25],
     [156211.7,6835838.11],
     [156109.2,6835761.09],
     [156063.64,6835698.05],
     [156010.71,6835651.11],
     [155994.3,6835625.78]
    ]
   },
   "properties": {
    "name": null,
    "kind": "stream",
    "source": "N50 Kartdata, Kartverket, CC BY 4.0"
   }
  },
  {
   "type": "Feature",
   "geometry": {
    "type": "LineString",
    "coordinates": [
     [169889.45,6835958.76],
     [169896.68,6836018.14],
     [169889.05,6836053.54],
     [169907.56,6836153.17],
     [169880.74,6836316.46]
    ]
   },
   "properties": {
    "name": null,
    "kind": "stream",
    "source": "N50 Kartdata, Kartverket, CC BY 4.0"
   }
  },
  {
   "type": "Feature",
   "geometry": {
    "type": "LineString",
    "coordinates": [
     [170131.49,6830479.54],
     [170159.18,6830460.78],
     [170167.22,6830400.25],
     [170185.38,6830345.45],
     [170216.01,6830313.18],
     [170247.17,6830258.0],
     [170287.5,6830163.78]
    ]
   },
   "properties": {
    "name": null,
    "kind": "stream",
    "source": "N50 Kartdata, Kartverket, CC BY 4.0"
   }
  },
  {
   "type": "Feature",
   "geometry": {
    "type": "LineString",
    "coordinates": [
     [168760.52,6828711.04],
     [168746.55,6828689.38],
     [168733.73,6828685.08],
     [168722.2,6828699.49],
     [168722.17,6828738.38],
     [168709.34,6828743.64],
     [168618.08,6828727.0],
     [168604.97,6828714.31],
     [168600.4,6828695.41],
     [168578.3,6828695.39],
     [168490.64,6828741.4]
    ]
   },
   "properties": {
    "name": null,
    "kind": "stream",
    "source": "N50 Kartdata, Kartverket, CC BY 4.0"
   }
  },
  {
   "type": "Feature",
   "geometry": {
    "type": "LineString",
    "coordinates": [
     [165305.64,6841386.56],
     [165311.35,6841357.87],
     [165346.22,6841301.68],
     [165409.16,6841292.72],
     [165468.45,6841257.12],
     [165523.68,6841211.72],
     [165580.58,6841186.35]
    ]
   },
   "properties": {
    "name": null,
    "kind": "stream",
    "source": "N50 Kartdata, Kartverket, CC BY 4.0"
   }
  },
  {
   "type": "Feature",
   "geometry": {
    "type": "LineString",
    "coordinates": [
     [156383.91,6835190.83],
     [156362.07,6835231.43],
     [156362.72,6835243.25],
     [156404.94,6835276.12],
     [156445.36,6835355.62],
     [156491.18,6835410.4],
     [156499.17,6835430.92],
     [156545.99,6835477.11]
    ]
   },
   "properties": {
    "name": null,
    "kind": "stream",
    "source": "N50 Kartdata, Kartverket, CC BY 4.0"
   }
  },
  {
   "type": "Feature",
   "geometry": {
    "type": "LineString",
    "coordinates": [
     [173005.15,6828774.29],
     [173031.25,6828775.59],
     [173071.89,6828816.34],
     [173089.83,6828823.94],
     [173194.01,6828792.5],
     [173256.45,6828806.44],
     [173303.76,6828841.88],
     [173307.44,6828866.31]
    ]
   },
   "properties": {
    "name": null,
    "kind": "stream",
    "source": "N50 Kartdata, Kartverket, CC BY 4.0"
   }
  },
  {
   "type": "Feature",
   "geometry": {
    "type": "LineString",
    "coordinates": [
     [169499.5,6833451.15],
     [169487.59,6833410.53],
     [169497.88,6833363.6],
     [169493.33,6833319.92],
     [169514.23,6833283.42],
     [169546.05,6833256.38],
     [169557.46,6833235.15],
     [169536.33,6833120.07]
    ]
   },
   "properties": {
    "name": null,
    "kind": "stream",
    "source": "N50 Kartdata, Kartverket, CC BY 4.0"
   }
  },
  {
   "type": "Feature",
   "geometry": {
    "type": "LineString",
    "coordinates": [
     [173504.14,6842861.62],
     [173525.17,6842891.35],
     [173554.82,6842911.11],
     [173553.76,6842953.78],
     [173573.17,6842981.61],
     [173553.79,6842999.08],
     [173561.43,6843025.53],
     [173611.94,6843055.65],
     [173659.07,6843112.67],
     [173680.4,6843122.94]
    ]
   },
   "properties": {
    "name": null,
    "kind": "stream",
    "source": "N50 Kartdata, Kartverket, CC BY 4.0"
   }
  },
  {
   "type": "Feature",
   "geometry": {
    "type": "LineString",
    "coordinates": [
     [174562.07,6843187.54],
     [174568.14,6843202.92],
     [174582.82,6843212.54],
     [174650.55,6843239.7],
     [174680.95,6843236.79],
     [174702.66,6843224.99],
     [174720.65,6843202.64],
     [174734.9,6843199.63],
     [174748.81,6843168.49],
     [174772.43,6843145.96],
     [174803.59,6843137.91],
     [174847.21,6843110.37]
    ]
   },
   "properties": {
    "name": null,
    "kind": "stream",
    "source": "N50 Kartdata, Kartverket, CC BY 4.0"
   }
  },
  {
   "type": "Feature",
   "geometry": {
    "type": "LineString",
    "coordinates": [
     [174566.7,6841539.53],
     [174589.09,6841515.7],
     [174613.86,6841509.57],
     [174630.23,6841493.24],
     [174629.6,6841455.61],
     [174649.05,6841421.67],
     [174649.0,6841405.33],
     [174676.11,6841386.52],
     [174691.05,6841346.2],
     [174779.19,6841290.44]
    ]
   },
   "properties": {
    "name": null,
    "kind": "stream",
    "source": "N50 Kartdata, Kartverket, CC BY 4.0"
   }
  },
  {
   "type": "Feature",
   "geometry": {
    "type": "LineString",
    "coordinates": [
     [158270.45,6837138.9],
     [158215.51,6837068.58],
     [158167.45,6837027.31],
     [158103.05,6837003.24],
     [158014.41,6836949.75],
     [157984.83,6836953.17]
    ]
   },
   "properties": {
    "name": null,
    "kind": "stream",
    "source": "N50 Kartdata, Kartverket, CC BY 4.0"
   }
  },
  {
   "type": "Feature",
   "geometry": {
    "type": "LineString",
    "coordinates": [
     [172960.39,6828020.07],
     [172980.55,6827973.98],
     [173029.74,6827921.72],
     [173037.79,6827856.21],
     [173030.17,6827799.79],
     [173034.3,6827772.91],
     [173078.37,6827703.49]
    ]
   },
   "properties": {
    "name": null,
    "kind": "stream",
    "source": "N50 Kartdata, Kartverket, CC BY 4.0"
   }
  },
  {
   "type": "Feature",
   "geometry": {
    "type": "LineString",
    "coordinates": [
     [173878.58,6832394.25],
     [173890.5,6832432.54],
     [173945.25,6832511.0],
     [173953.48,6832539.34],
     [174004.36,6832603.51],
     [174009.27,6832633.26],
     [174063.46,6832687.81]
    ]
   },
   "properties": {
    "name": null,
    "kind": "stream",
    "source": "N50 Kartdata, Kartverket, CC BY 4.0"
   }
  },
  {
   "type": "Feature",
   "geometry": {
    "type": "LineString",
    "coordinates": [
     [160448.38,6842252.55],
     [160362.26,6842382.62],
     [160337.66,6842444.82],
     [160340.76,6842459.5],
     [160378.85,6842475.65],
     [160426.26,6842463.23],
     [160451.74,6842466.66]
    ]
   },
   "properties": {
    "name": null,
    "kind": "stream",
    "source": "N50 Kartdata, Kartverket, CC BY 4.0"
   }
  },
  {
   "type": "Feature",
   "geometry": {
    "type": "LineString",
    "coordinates": [
     [156250.42,6837370.51],
     [156022.4,6837399.18],
     [155980.26,6837379.56],
     [155904.0,6837365.39]
    ]
   },
   "properties": {
    "name": null,
    "kind": "stream",
    "source": "N50 Kartdata, Kartverket, CC BY 4.0"
   }
  },
  {
   "type": "Feature",
   "geometry": {
    "type": "LineString",
    "coordinates": [
     [167848.39,6841599.6],
     [167828.95,6841560.17],
     [167825.75,6841523.11],
     [167786.26,6841446.35],
     [167769.03,6841383.25],
     [167771.87,6841351.24],
     [167797.68,6841314.34],
     [167795.06,6841270.65]
    ]
   },
   "properties": {
    "name": null,
    "kind": "stream",
    "source": "N50 Kartdata, Kartverket, CC BY 4.0"
   }
  },
  {
   "type": "Feature",
   "geometry": {
    "type": "LineString",
    "coordinates": [
     [167365.15,6841724.47],
     [167347.64,6841711.51],
     [167331.84,6841676.21],
     [167332.33,6841637.76],
     [167307.04,6841564.6],
     [167306.69,6841543.5],
     [167278.66,6841507.53],
     [167268.09,6841397.56]
    ]
   },
   "properties": {
    "name": null,
    "kind": "stream",
    "source": "N50 Kartdata, Kartverket, CC BY 4.0"
   }
  },
  {
   "type": "Feature",
   "geometry": {
    "type": "LineString",
    "coordinates": [
     [173279.96,6842761.81],
     [173301.81,6842755.41],
     [173312.89,6842742.69],
     [173313.83,6842689.29],
     [173347.44,6842645.75],
     [173340.58,6842520.37],
     [173367.04,6842504.81],
     [173388.77,6842461.89]
    ]
   },
   "properties": {
    "name": null,
    "kind": "stream",
    "source": "N50 Kartdata, Kartverket, CC BY 4.0"
   }
  },
  {
   "type": "Feature",
   "geometry": {
    "type": "LineString",
    "coordinates": [
     [172353.59,6831541.93],
     [172345.49,6831556.65],
     [172350.97,6831639.99],
     [172342.35,6831723.52],
     [172376.85,6831827.76],
     [172385.95,6831883.91]
    ]
   },
   "properties": {
    "name": null,
    "kind": "stream",
    "source": "N50 Kartdata, Kartverket, CC BY 4.0"
   }
  },
  {
   "type": "Feature",
   "geometry": {
    "type": "LineString",
    "coordinates": [
     [162259.5,6836300.95],
     [162264.03,6836384.83],
     [162295.32,6836423.55],
     [162349.13,6836547.78],
     [162405.68,6836605.79]
    ]
   },
   "properties": {
    "name": null,
    "kind": "stream",
    "source": "N50 Kartdata, Kartverket, CC BY 4.0"
   }
  },
  {
   "type": "Feature",
   "geometry": {
    "type": "LineString",
    "coordinates": [
     [167144.64,6829085.82],
     [167041.74,6829066.21],
     [166979.76,6829065.43],
     [166800.52,6829040.35]
    ]
   },
   "properties": {
    "name": null,
    "kind": "stream",
    "source": "N50 Kartdata, Kartverket, CC BY 4.0"
   }
  },
  {
   "type": "Feature",
   "geometry": {
    "type": "LineString",
    "coordinates": [
     [172852.29,6841929.25],
     [172835.12,6841900.42],
     [172757.7,6841837.22],
     [172762.52,6841782.21],
     [172736.34,6841741.19],
     [172728.43,6841684.28],
     [172742.81,6841635.91]
    ]
   },
   "properties": {
    "name": null,
    "kind": "stream",
    "source": "N50 Kartdata, Kartverket, CC BY 4.0"
   }
  },
  {
   "type": "Feature",
   "geometry": {
    "type": "LineString",
    "coordinates": [
     [161865.92,6837920.81],
     [161902.26,6837954.48],
     [161973.34,6838072.4],
     [162085.62,6838180.86]
    ]
   },
   "properties": {
    "name": null,
    "kind": "stream",
    "source": "N50 Kartdata, Kartverket, CC BY 4.0"
   }
  },
  {
   "type": "Feature",
   "geometry": {
    "type": "LineString",
    "coordinates": [
     [172680.62,6834993.09],
     [172697.28,6835004.77],
     [172729.58,6835011.67],
     [172754.23,6835007.93],
     [172798.14,6835022.0],
     [172799.57,6834998.02],
     [172816.96,6834973.66],
     [172881.95,6834962.9],
     [172881.86,6834922.13],
     [172892.69,6834913.62],
     [172918.36,6834924.95],
     [172922.55,6834938.97]
    ]
   },
   "properties": {
    "name": null,
    "kind": "stream",
    "source": "N50 Kartdata, Kartverket, CC BY 4.0"
   }
  },
  {
   "type": "Feature",
   "geometry": {
    "type": "LineString",
    "coordinates": [
     [172489.88,6831820.65],
     [172499.75,6831799.92],
     [172514.29,6831712.42],
     [172536.92,6831685.49],
     [172542.43,6831646.49],
     [172533.8,6831593.47],
     [172541.34,6831554.48],
     [172532.93,6831509.9],
     [172524.39,6831499.14]
    ]
   },
   "properties": {
    "name": null,
    "kind": "stream",
    "source": "N50 Kartdata, Kartverket, CC BY 4.0"
   }
  },
  {
   "type": "Feature",
   "geometry": {
    "type": "LineString",
    "coordinates": [
     [161270.89,6834314.76],
     [161288.94,6834360.48],
     [161321.6,6834385.36],
     [161326.44,6834407.65],
     [161357.19,6834460.55],
     [161385.11,6834558.14],
     [161426.73,6834603.9]
    ]
   },
   "properties": {
    "name": null,
    "kind": "stream",
    "source": "N50 Kartdata, Kartverket, CC BY 4.0"
   }
  },
  {
   "type": "Feature",
   "geometry": {
    "type": "LineString",
    "coordinates": [
     [172981.5,6839442.21],
     [172973.48,6839512.6],
     [172953.12,6839533.63],
     [172941.57,6839577.62],
     [172910.28,6839618.86],
     [172904.61,6839664.57],
     [172912.24,6839726.7],
     [172894.18,6839751.98]
    ]
   },
   "properties": {
    "name": null,
    "kind": "stream",
    "source": "N50 Kartdata, Kartverket, CC BY 4.0"
   }
  },
  {
   "type": "Feature",
   "geometry": {
    "type": "LineString",
    "coordinates": [
     [173270.16,6843264.0],
     [173315.4,6843171.96],
     [173346.07,6843126.46],
     [173342.1,6843037.71],
     [173373.69,6842953.3]
    ]
   },
   "properties": {
    "name": null,
    "kind": "stream",
    "source": "N50 Kartdata, Kartverket, CC BY 4.0"
   }
  },
  {
   "type": "Feature",
   "geometry": {
    "type": "LineString",
    "coordinates": [
     [172940.99,6839439.51],
     [172921.98,6839483.72],
     [172920.42,6839515.11],
     [172882.11,6839568.88],
     [172884.0,6839606.29],
     [172871.21,6839630.51],
     [172884.11,6839700.75],
     [172882.28,6839736.43],
     [172892.3,6839751.94]
    ]
   },
   "properties": {
    "name": null,
    "kind": "stream",
    "source": "N50 Kartdata, Kartverket, CC BY 4.0"
   }
  },
  {
   "type": "Feature",
   "geometry": {
    "type": "LineString",
    "coordinates": [
     [175390.47,6831748.92],
     [175384.17,6831758.81],
     [175333.58,6831760.17],
     [175280.29,6831749.98],
     [175256.28,6831724.84],
     [175224.0,6831729.88],
     [175208.81,6831722.89],
     [175183.84,6831732.09],
     [175155.8,6831718.4],
     [175142.3,6831720.5],
     [175135.03,6831737.37],
     [175100.94,6831766.76]
    ]
   },
   "properties": {
    "name": null,
    "kind": "stream",
    "source": "N50 Kartdata, Kartverket, CC BY 4.0"
   }
  },
  {
   "type": "Feature",
   "geometry": {
    "type": "LineString",
    "coordinates": [
     [170014.79,6831029.93],
     [170030.46,6830968.49],
     [170011.01,6830931.79],
     [170068.78,6830839.43],
     [170070.11,6830797.64],
     [170103.57,6830725.96]
    ]
   },
   "properties": {
    "name": null,
    "kind": "stream",
    "source": "N50 Kartdata, Kartverket, CC BY 4.0"
   }
  },
  {
   "type": "Feature",
   "geometry": {
    "type": "LineString",
    "coordinates": [
     [165155.42,6841672.08],
     [165174.31,6841656.17],
     [165210.65,6841555.77],
     [165244.06,6841534.05],
     [165253.52,6841517.13],
     [165248.98,6841453.07],
     [165264.68,6841429.54],
     [165295.48,6841415.75],
     [165298.76,6841398.25]
    ]
   },
   "properties": {
    "name": null,
    "kind": "stream",
    "source": "N50 Kartdata, Kartverket, CC BY 4.0"
   }
  },
  {
   "type": "Feature",
   "geometry": {
    "type": "LineString",
    "coordinates": [
     [171066.82,6833159.81],
     [171121.43,6833192.32],
     [171154.7,6833202.05],
     [171163.21,6833234.38],
     [171180.69,6833249.52],
     [171251.23,6833246.37],
     [171306.33,6833266.32],
     [171355.49,6833256.56]
    ]
   },
   "properties": {
    "name": "Sjoa",
    "kind": "stream",
    "source": "N50 Kartdata, Kartverket, CC BY 4.0"
   }
  },
  {
   "type": "Feature",
   "geometry": {
    "type": "LineString",
    "coordinates": [
     [174065.14,6840155.19],
     [174050.74,6840277.09],
     [174036.83,6840311.55],
     [173988.87,6840358.23],
     [173982.54,6840376.93],
     [173988.02,6840403.56],
     [174028.07,6840445.85]
    ]
   },
   "properties": {
    "name": null,
    "kind": "stream",
    "source": "N50 Kartdata, Kartverket, CC BY 4.0"
   }
  },
  {
   "type": "Feature",
   "geometry": {
    "type": "LineString",
    "coordinates": [
     [166573.08,6832183.2],
     [166620.38,6832160.68],
     [166713.94,6832147.53],
     [166800.37,6832154.03],
     [166895.23,6832130.06]
    ]
   },
   "properties": {
    "name": null,
    "kind": "stream",
    "source": "N50 Kartdata, Kartverket, CC BY 4.0"
   }
  },
  {
   "type": "Feature",
   "geometry": {
    "type": "LineString",
    "coordinates": [
     [174561.03,6832814.5],
     [174565.68,6832856.29],
     [174580.47,6832876.89],
     [174575.95,6832920.15],
     [174522.84,6832992.14],
     [174535.9,6833034.43],
     [174516.52,6833056.55],
     [174502.2,6833059.94],
     [174479.82,6833096.07]
    ]
   },
   "properties": {
    "name": null,
    "kind": "stream",
    "source": "N50 Kartdata, Kartverket, CC BY 4.0"
   }
  },
  {
   "type": "Feature",
   "geometry": {
    "type": "LineString",
    "coordinates": [
     [168423.03,6840442.05],
     [168445.86,6840470.14],
     [168455.12,6840506.11],
     [168482.75,6840547.39],
     [168499.43,6840635.5],
     [168554.17,6840702.64],
     [168563.14,6840732.87]
    ]
   },
   "properties": {
    "name": null,
    "kind": "stream",
    "source": "N50 Kartdata, Kartverket, CC BY 4.0"
   }
  },
  {
   "type": "Feature",
   "geometry": {
    "type": "LineString",
    "coordinates": [
     [168563.14,6840732.87],
     [168567.22,6840782.0],
     [168587.65,6840858.76],
     [168609.12,6840898.9],
     [168611.59,6840931.03],
     [168602.97,6840971.22],
     [168628.44,6840997.49],
     [168614.64,6841039.98]
    ]
   },
   "properties": {
    "name": null,
    "kind": "stream",
    "source": "N50 Kartdata, Kartverket, CC BY 4.0"
   }
  },
  {
   "type": "Feature",
   "geometry": {
    "type": "LineString",
    "coordinates": [
     [170117.94,6831030.69],
     [170101.55,6831011.75],
     [170119.07,6830986.05],
     [170122.78,6830959.74],
     [170104.25,6830918.22],
     [170109.01,6830899.7],
     [170099.09,6830836.44],
     [170115.34,6830805.11],
     [170119.21,6830775.69],
     [170103.57,6830725.96]
    ]
   },
   "properties": {
    "name": null,
    "kind": "stream",
    "source": "N50 Kartdata, Kartverket, CC BY 4.0"
   }
  },
  {
   "type": "Feature",
   "geometry": {
    "type": "LineString",
    "coordinates": [
     [158966.03,6834390.38],
     [159047.61,6834497.65],
     [159109.4,6834533.33],
     [159174.86,6834635.31]
    ]
   },
   "properties": {
    "name": null,
    "kind": "stream",
    "source": "N50 Kartdata, Kartverket, CC BY 4.0"
   }
  },
  {
   "type": "Feature",
   "geometry": {
    "type": "LineString",
    "coordinates": [
     [161492.96,6842524.08],
     [161512.84,6842534.87],
     [161626.9,6842539.64],
     [161647.43,6842551.23],
     [161654.77,6842601.36],
     [161678.52,6842611.59],
     [161664.85,6842621.08],
     [161665.17,6842647.23],
     [161633.14,6842682.05]
    ]
   },
   "properties": {
    "name": null,
    "kind": "stream",
    "source": "N50 Kartdata, Kartverket, CC BY 4.0"
   }
  },
  {
   "type": "Feature",
   "geometry": {
    "type": "LineString",
    "coordinates": [
     [158072.08,6833033.52],
     [158040.58,6833105.7],
     [157995.13,6833144.86],
     [157932.22,6833167.02],
     [157845.86,6833252.22]
    ]
   },
   "properties": {
    "name": null,
    "kind": "stream",
    "source": "N50 Kartdata, Kartverket, CC BY 4.0"
   }
  },
  {
   "type": "Feature",
   "geometry": {
    "type": "LineString",
    "coordinates": [
     [161762.46,6835585.38],
     [161783.66,6835624.78],
     [161831.07,6835681.03],
     [161865.03,6835690.41],
     [161923.18,6835683.2],
     [161937.94,6835700.58],
     [161962.88,6835713.0],
     [162022.12,6835691.72]
    ]
   },
   "properties": {
    "name": null,
    "kind": "stream",
    "source": "N50 Kartdata, Kartverket, CC BY 4.0"
   }
  },
  {
   "type": "Feature",
   "geometry": {
    "type": "LineString",
    "coordinates": [
     [161486.79,6835442.03],
     [161520.03,6835463.44],
     [161650.76,6835513.48],
     [161666.33,6835528.22],
     [161673.1,6835551.05],
     [161708.61,6835574.08],
     [161734.88,6835569.2],
     [161762.75,6835584.19]
    ]
   },
   "properties": {
    "name": null,
    "kind": "stream",
    "source": "N50 Kartdata, Kartverket, CC BY 4.0"
   }
  },
  {
   "type": "Feature",
   "geometry": {
    "type": "LineString",
    "coordinates": [
     [172448.55,6832544.2],
     [172397.77,6832617.28],
     [172450.83,6832682.23],
     [172462.39,6832722.85],
     [172458.01,6832759.91],
     [172442.91,6832771.21],
     [172391.96,6832777.83]
    ]
   },
   "properties": {
    "name": null,
    "kind": "stream",
    "source": "N50 Kartdata, Kartverket, CC BY 4.0"
   }
  },
  {
   "type": "Feature",
   "geometry": {
    "type": "LineString",
    "coordinates": [
     [157735.38,6834749.04],
     [157749.34,6834764.37],
     [157751.86,6834782.9],
     [157748.32,6834923.12],
     [157780.97,6835062.07]
    ]
   },
   "properties": {
    "name": null,
    "kind": "stream",
    "source": "N50 Kartdata, Kartverket, CC BY 4.0"
   }
  },
  {
   "type": "Feature",
   "geometry": {
    "type": "LineString",
    "coordinates": [
     [161345.57,6834030.26],
     [161341.3,6834042.78],
     [161304.07,6834054.92],
     [161282.1,6834095.73],
     [161286.76,6834135.14],
     [161262.95,6834207.67],
     [161270.89,6834314.77]
    ]
   },
   "properties": {
    "name": null,
    "kind": "stream",
    "source": "N50 Kartdata, Kartverket, CC BY 4.0"
   }
  },
  {
   "type": "Feature",
   "geometry": {
    "type": "LineString",
    "coordinates": [
     [174108.06,6830894.7],
     [174079.75,6830917.11],
     [174073.39,6830941.64],
     [174033.48,6830998.12],
     [174023.3,6831029.98],
     [173987.09,6831071.92],
     [173985.59,6831102.86],
     [173966.43,6831129.68],
     [173972.75,6831167.82]
    ]
   },
   "properties": {
    "name": null,
    "kind": "stream",
    "source": "N50 Kartdata, Kartverket, CC BY 4.0"
   }
  },
  {
   "type": "Feature",
   "geometry": {
    "type": "LineString",
    "coordinates": [
     [170628.45,6833842.06],
     [170680.77,6833918.46],
     [170708.54,6834001.37],
     [170775.27,6834070.63],
     [170817.15,6834086.34]
    ]
   },
   "properties": {
    "name": null,
    "kind": "stream",
    "source": "N50 Kartdata, Kartverket, CC BY 4.0"
   }
  },
  {
   "type": "Feature",
   "geometry": {
    "type": "LineString",
    "coordinates": [
     [173009.82,6827168.32],
     [173006.58,6827142.37],
     [173016.89,6827112.69],
     [172987.14,6827037.82],
     [173007.89,6826970.35],
     [172988.15,6826946.74],
     [172996.54,6826922.78],
     [172992.95,6826906.74],
     [172962.98,6826881.53]
    ]
   },
   "properties": {
    "name": null,
    "kind": "stream",
    "source": "N50 Kartdata, Kartverket, CC BY 4.0"
   }
  },
  {
   "type": "Feature",
   "geometry": {
    "type": "LineString",
    "coordinates": [
     [173371.77,6843264.0],
     [173382.38,6843242.33],
     [173385.49,6843196.35],
     [173404.82,6843121.0],
     [173373.69,6842953.3]
    ]
   },
   "properties": {
    "name": null,
    "kind": "stream",
    "source": "N50 Kartdata, Kartverket, CC BY 4.0"
   }
  },
  {
   "type": "Feature",
   "geometry": {
    "type": "LineString",
    "coordinates": [
     [175524.73,6834641.68],
     [175431.24,6834652.5],
     [175381.86,6834680.43],
     [175354.3,6834685.72],
     [175337.68,6834700.29],
     [175290.43,6834706.5],
     [175267.34,6834723.03],
     [175226.73,6834718.77]
    ]
   },
   "properties": {
    "name": null,
    "kind": "stream",
    "source": "N50 Kartdata, Kartverket, CC BY 4.0"
   }
  },
  {
   "type": "Feature",
   "geometry": {
    "type": "LineString",
    "coordinates": [
     [174561.03,6832814.5],
     [174507.13,6832855.4],
     [174490.43,6832881.72],
     [174490.01,6832901.82],
     [174467.31,6832962.4],
     [174479.82,6833096.07]
    ]
   },
   "properties": {
    "name": null,
    "kind": "stream",
    "source": "N50 Kartdata, Kartverket, CC BY 4.0"
   }
  },
  {
   "type": "Feature",
   "geometry": {
    "type": "LineString",
    "coordinates": [
     [167511.87,6841582.48],
     [167445.49,6841548.36],
     [167432.04,6841533.35],
     [167435.09,6841465.04],
     [167395.5,6841428.72],
     [167388.19,6841374.81],
     [167396.94,6841360.26],
     [167420.37,6841348.35]
    ]
   },
   "properties": {
    "name": null,
    "kind": "stream",
    "source": "N50 Kartdata, Kartverket, CC BY 4.0"
   }
  },
  {
   "type": "Feature",
   "geometry": {
    "type": "LineString",
    "coordinates": [
     [172521.29,6831288.35],
     [172477.41,6831361.98],
     [172467.94,6831401.26],
     [172400.46,6831450.44],
     [172383.61,6831505.32],
     [172353.59,6831541.93]
    ]
   },
   "properties": {
    "name": null,
    "kind": "stream",
    "source": "N50 Kartdata, Kartverket, CC BY 4.0"
   }
  },
  {
   "type": "Feature",
   "geometry": {
    "type": "LineString",
    "coordinates": [
     [174322.29,6830437.46],
     [174318.79,6830515.39],
     [174290.79,6830545.61],
     [174279.95,6830583.11],
     [174250.51,6830609.24],
     [174222.42,6830663.1],
     [174213.91,6830687.07],
     [174215.04,6830717.5]
    ]
   },
   "properties": {
    "name": null,
    "kind": "stream",
    "source": "N50 Kartdata, Kartverket, CC BY 4.0"
   }
  },
  {
   "type": "Feature",
   "geometry": {
    "type": "LineString",
    "coordinates": [
     [166090.94,6842053.52],
     [166128.72,6842009.05],
     [166140.61,6841970.12],
     [166167.28,6841937.07],
     [166164.63,6841911.93],
     [166183.28,6841875.41],
     [166186.37,6841829.82],
     [166163.01,6841774.91]
    ]
   },
   "properties": {
    "name": null,
    "kind": "stream",
    "source": "N50 Kartdata, Kartverket, CC BY 4.0"
   }
  },
  {
   "type": "Feature",
   "geometry": {
    "type": "LineString",
    "coordinates": [
     [170675.92,6837477.02],
     [170658.13,6837468.63],
     [170632.21,6837432.25],
     [170602.32,6837408.44],
     [170588.33,6837379.53],
     [170598.84,6837334.86],
     [170621.93,6837302.88],
     [170619.49,6837262.22],
     [170640.58,6837215.05]
    ]
   },
   "properties": {
    "name": null,
    "kind": "stream",
    "source": "N50 Kartdata, Kartverket, CC BY 4.0"
   }
  },
  {
   "type": "Feature",
   "geometry": {
    "type": "LineString",
    "coordinates": [
     [173148.74,6839930.44],
     [173115.91,6839936.36],
     [173092.19,6840008.23],
     [173048.29,6840050.82],
     [173063.25,6840124.19],
     [173084.2,6840127.35],
     [173090.46,6840169.75]
    ]
   },
   "properties": {
    "name": null,
    "kind": "stream",
    "source": "N50 Kartdata, Kartverket, CC BY 4.0"
   }
  },
  {
   "type": "Feature",
   "geometry": {
    "type": "LineString",
    "coordinates": [
     [159226.85,6834234.33],
     [159240.64,6834355.8],
     [159267.22,6834413.95],
     [159270.44,6834468.2],
     [159297.65,6834530.05]
    ]
   },
   "properties": {
    "name": null,
    "kind": "stream",
    "source": "N50 Kartdata, Kartverket, CC BY 4.0"
   }
  },
  {
   "type": "Feature",
   "geometry": {
    "type": "LineString",
    "coordinates": [
     [165305.64,6841386.56],
     [165345.85,6841367.75],
     [165375.67,6841333.47],
     [165433.13,6841327.17],
     [165456.69,6841307.06],
     [165501.29,6841300.24],
     [165541.98,6841274.94],
     [165577.1,6841275.21]
    ]
   },
   "properties": {
    "name": null,
    "kind": "stream",
    "source": "N50 Kartdata, Kartverket, CC BY 4.0"
   }
  },
  {
   "type": "Feature",
   "geometry": {
    "type": "LineString",
    "coordinates": [
     [165182.22,6835329.67],
     [165213.65,6835320.67],
     [165286.5,6835269.79],
     [165391.63,6835282.47],
     [165413.86,6835279.63],
     [165462.81,6835251.29]
    ]
   },
   "properties": {
    "name": null,
    "kind": "stream",
    "source": "N50 Kartdata, Kartverket, CC BY 4.0"
   }
  },
  {
   "type": "Feature",
   "geometry": {
    "type": "LineString",
    "coordinates": [
     [165510.56,6828381.73],
     [165436.54,6828362.27],
     [165270.52,6828352.57],
     [165207.25,6828356.83]
    ]
   },
   "properties": {
    "name": null,
    "kind": "stream",
    "source": "N50 Kartdata, Kartverket, CC BY 4.0"
   }
  },
  {
   "type": "Feature",
   "geometry": {
    "type": "LineString",
    "coordinates": [
     [162427.55,6838332.59],
     [162470.18,6838350.24],
     [162556.2,6838355.05],
     [162626.07,6838410.98],
     [162659.22,6838427.06],
     [162687.94,6838464.23]
    ]
   },
   "properties": {
    "name": null,
    "kind": "stream",
    "source": "N50 Kartdata, Kartverket, CC BY 4.0"
   }
  },
  {
   "type": "Feature",
   "geometry": {
    "type": "LineString",
    "coordinates": [
     [173068.85,6833016.75],
     [173119.25,6833082.15],
     [173152.43,6833108.31],
     [173175.3,6833147.29],
     [173189.2,6833199.99],
     [173191.87,6833280.93]
    ]
   },
   "properties": {
    "name": null,
    "kind": "stream",
    "source": "N50 Kartdata, Kartverket, CC BY 4.0"
   }
  },
  {
   "type": "Feature",
   "geometry": {
    "type": "LineString",
    "coordinates": [
     [169908.69,6828722.52],
     [169954.23,6828716.41],
     [170004.33,6828698.68],
     [170019.04,6828668.67],
     [170065.56,6828641.44],
     [170179.89,6828626.7]
    ]
   },
   "properties": {
    "name": null,
    "kind": "stream",
    "source": "N50 Kartdata, Kartverket, CC BY 4.0"
   }
  },
  {
   "type": "Feature",
   "geometry": {
    "type": "LineString",
    "coordinates": [
     [172303.42,6827546.9],
     [172251.12,6827491.74],
     [172201.38,6827399.83],
     [172122.29,6827354.23],
     [172110.8,6827326.82]
    ]
   },
   "properties": {
    "name": null,
    "kind": "stream",
    "source": "N50 Kartdata, Kartverket, CC BY 4.0"
   }
  },
  {
   "type": "Feature",
   "geometry": {
    "type": "LineString",
    "coordinates": [
     [174880.92,6843264.0],
     [174880.99,6843263.94],
     [174944.65,6843237.54],
     [175001.42,6843241.4],
     [175038.0,6843214.16],
     [175065.61,6843209.88],
     [175103.65,6843182.53],
     [175155.23,6843163.16]
    ]
   },
   "properties": {
    "name": null,
    "kind": "stream",
    "source": "N50 Kartdata, Kartverket, CC BY 4.0"
   }
  },
  {
   "type": "Feature",
   "geometry": {
    "type": "LineString",
    "coordinates": [
     [172894.18,6839751.98],
     [172909.68,6839830.91],
     [172891.77,6839905.32],
     [172920.21,6839941.21],
     [172917.68,6840026.21],
     [172910.7,6840036.21]
    ]
   },
   "properties": {
    "name": null,
    "kind": "stream",
    "source": "N50 Kartdata, Kartverket, CC BY 4.0"
   }
  },
  {
   "type": "Feature",
   "geometry": {
    "type": "LineString",
    "coordinates": [
     [163861.95,6840819.33],
     [163931.45,6840733.31],
     [163933.84,6840713.42],
     [163946.12,6840697.34],
     [163943.36,6840655.96],
     [163969.41,6840600.51],
     [163967.74,6840555.06]
    ]
   },
   "properties": {
    "name": null,
    "kind": "stream",
    "source": "N50 Kartdata, Kartverket, CC BY 4.0"
   }
  },
  {
   "type": "Feature",
   "geometry": {
    "type": "LineString",
    "coordinates": [
     [164184.5,6837087.94],
     [164138.79,6837106.25],
     [164085.48,6837142.68],
     [164014.69,6837242.05],
     [163986.12,6837296.64]
    ]
   },
   "properties": {
    "name": null,
    "kind": "stream",
    "source": "N50 Kartdata, Kartverket, CC BY 4.0"
   }
  },
  {
   "type": "Feature",
   "geometry": {
    "type": "LineString",
    "coordinates": [
     [173448.66,6843093.25],
     [173479.98,6843077.67],
     [173507.43,6843034.21],
     [173512.7,6843005.06],
     [173532.38,6842991.22],
     [173511.39,6842935.89],
     [173482.91,6842912.36],
     [173504.14,6842861.62]
    ]
   },
   "properties": {
    "name": null,
    "kind": "stream",
    "source": "N50 Kartdata, Kartverket, CC BY 4.0"
   }
  },
  {
   "type": "Feature",
   "geometry": {
    "type": "LineString",
    "coordinates": [
     [174870.36,6840892.37],
     [174860.35,6840841.4],
     [174863.94,6840814.45],
     [174904.04,6840778.36],
     [174912.94,6840741.36],
     [174942.98,6840725.48],
     [174958.81,6840689.89],
     [174991.34,6840656.79]
    ]
   },
   "properties": {
    "name": null,
    "kind": "stream",
    "source": "N50 Kartdata, Kartverket, CC BY 4.0"
   }
  },
  {
   "type": "Feature",
   "geometry": {
    "type": "LineString",
    "coordinates": [
     [173469.82,6842584.58],
     [173477.29,6842550.04],
     [173456.77,6842479.03],
     [173462.92,6842451.38],
     [173451.68,6842408.11],
     [173448.16,6842340.7],
     [173469.01,6842305.81]
    ]
   },
   "properties": {
    "name": null,
    "kind": "stream",
    "source": "N50 Kartdata, Kartverket, CC BY 4.0"
   }
  },
  {
   "type": "Feature",
   "geometry": {
    "type": "LineString",
    "coordinates": [
     [172678.05,6832375.91],
     [172618.51,6832418.48],
     [172574.24,6832472.35],
     [172499.79,6832524.45],
     [172460.64,6832533.85],
     [172448.55,6832544.2]
    ]
   },
   "properties": {
    "name": null,
    "kind": "stream",
    "source": "N50 Kartdata, Kartverket, CC BY 4.0"
   }
  },
  {
   "type": "Feature",
   "geometry": {
    "type": "LineString",
    "coordinates": [
     [174435.94,6832285.3],
     [174422.51,6832303.01],
     [174417.84,6832336.09],
     [174382.06,6832416.91],
     [174326.2,6832452.35],
     [174312.37,6832471.51],
     [174295.84,6832525.09]
    ]
   },
   "properties": {
    "name": null,
    "kind": "stream",
    "source": "N50 Kartdata, Kartverket, CC BY 4.0"
   }
  },
  {
   "type": "Feature",
   "geometry": {
    "type": "LineString",
    "coordinates": [
     [158339.7,6831089.88],
     [158399.99,6831037.01],
     [158432.12,6830971.85],
     [158510.11,6830863.02]
    ]
   },
   "properties": {
    "name": null,
    "kind": "stream",
    "source": "N50 Kartdata, Kartverket, CC BY 4.0"
   }
  },
  {
   "type": "Feature",
   "geometry": {
    "type": "LineString",
    "coordinates": [
     [173388.77,6842461.89],
     [173394.79,6842420.77],
     [173411.11,6842406.85],
     [173401.44,6842387.65],
     [173393.54,6842321.84],
     [173384.95,6842311.61],
     [173390.18,6842297.55],
     [173375.11,6842233.89],
     [173377.81,6842217.85],
     [173363.7,6842197.51]
    ]
   },
   "properties": {
    "name": null,
    "kind": "stream",
    "source": "N50 Kartdata, Kartverket, CC BY 4.0"
   }
  },
  {
   "type": "Feature",
   "geometry": {
    "type": "LineString",
    "coordinates": [
     [174317.58,6836567.51],
     [174295.25,6836633.45],
     [174157.8,6836800.0]
    ]
   },
   "properties": {
    "name": null,
    "kind": "stream",
    "source": "N50 Kartdata, Kartverket, CC BY 4.0"
   }
  },
  {
   "type": "Feature",
   "geometry": {
    "type": "LineString",
    "coordinates": [
     [171048.63,6831755.93],
     [171063.97,6831722.56],
     [171105.86,6831684.58],
     [171090.33,6831639.05],
     [171113.47,6831608.68],
     [171117.26,6831587.71],
     [171147.46,6831538.32],
     [171137.86,6831513.4]
    ]
   },
   "properties": {
    "name": null,
    "kind": "stream",
    "source": "N50 Kartdata, Kartverket, CC BY 4.0"
   }
  },
  {
   "type": "Feature",
   "geometry": {
    "type": "LineString",
    "coordinates": [
     [172112.8,6827665.03],
     [172091.16,6827533.79],
     [172055.01,6827492.55],
     [172009.28,6827463.03],
     [171966.59,6827456.99]
    ]
   },
   "properties": {
    "name": null,
    "kind": "stream",
    "source": "N50 Kartdata, Kartverket, CC BY 4.0"
   }
  },
  {
   "type": "Feature",
   "geometry": {
    "type": "LineString",
    "coordinates": [
     [162156.6,6838266.77],
     [162203.1,6838290.68],
     [162232.89,6838289.66],
     [162268.16,6838308.64],
     [162427.55,6838332.59]
    ]
   },
   "properties": {
    "name": null,
    "kind": "stream",
    "source": "N50 Kartdata, Kartverket, CC BY 4.0"
   }
  },
  {
   "type": "Feature",
   "geometry": {
    "type": "LineString",
    "coordinates": [
     [174479.82,6833096.07],
     [174477.36,6833123.51],
     [174451.81,6833176.67],
     [174481.75,6833243.19],
     [174482.73,6833294.76],
     [174528.9,6833349.41]
    ]
   },
   "properties": {
    "name": null,
    "kind": "stream",
    "source": "N50 Kartdata, Kartverket, CC BY 4.0"
   }
  },
  {
   "type": "Feature",
   "geometry": {
    "type": "LineString",
    "coordinates": [
     [165462.81,6835251.29],
     [165556.4,6835262.43],
     [165634.72,6835244.05],
     [165684.18,6835222.25],
     [165737.65,6835227.65]
    ]
   },
   "properties": {
    "name": null,
    "kind": "stream",
    "source": "N50 Kartdata, Kartverket, CC BY 4.0"
   }
  },
  {
   "type": "Feature",
   "geometry": {
    "type": "LineString",
    "coordinates": [
     [170703.45,6833730.58],
     [170741.71,6833745.51],
     [170788.53,6833751.57],
     [170875.23,6833784.37],
     [170907.04,6833804.74],
     [170951.2,6833850.61]
    ]
   },
   "properties": {
    "name": null,
    "kind": "stream",
    "source": "N50 Kartdata, Kartverket, CC BY 4.0"
   }
  },
  {
   "type": "Feature",
   "geometry": {
    "type": "LineString",
    "coordinates": [
     [161397.0,6837279.84],
     [161400.53,6837293.83],
     [161444.54,6837335.41],
     [161500.54,6837439.94],
     [161496.99,6837528.31]
    ]
   },
   "properties": {
    "name": null,
    "kind": "stream",
    "source": "N50 Kartdata, Kartverket, CC BY 4.0"
   }
  },
  {
   "type": "Feature",
   "geometry": {
    "type": "LineString",
    "coordinates": [
     [163610.98,6832523.07],
     [163641.05,6832517.94],
     [163714.08,6832468.05],
     [163855.51,6832446.77],
     [163874.23,6832451.8]
    ]
   },
   "properties": {
    "name": null,
    "kind": "stream",
    "source": "N50 Kartdata, Kartverket, CC BY 4.0"
   }
  },
  {
   "type": "Feature",
   "geometry": {
    "type": "LineString",
    "coordinates": [
     [167511.87,6841582.48],
     [167511.69,6841539.33],
     [167520.14,6841517.18],
     [167508.01,6841472.16],
     [167552.43,6841387.77],
     [167521.48,6841345.74],
     [167527.91,6841327.95]
    ]
   },
   "properties": {
    "name": null,
    "kind": "stream",
    "source": "N50 Kartdata, Kartverket, CC BY 4.0"
   }
  },
  {
   "type": "Feature",
   "geometry": {
    "type": "LineString",
    "coordinates": [
     [173078.6,6839190.77],
     [173053.98,6839213.06],
     [173019.59,6839280.73],
     [172998.74,6839349.2],
     [172977.56,6839383.87],
     [172981.5,6839442.21]
    ]
   },
   "properties": {
    "name": null,
    "kind": "stream",
    "source": "N50 Kartdata, Kartverket, CC BY 4.0"
   }
  },
  {
   "type": "Feature",
   "geometry": {
    "type": "LineString",
    "coordinates": [
     [172967.06,6838014.1],
     [172985.23,6837996.98],
     [172989.63,6837967.55],
     [172956.04,6837841.49],
     [172956.34,6837782.01],
     [172944.77,6837749.67]
    ]
   },
   "properties": {
    "name": null,
    "kind": "stream",
    "source": "N50 Kartdata, Kartverket, CC BY 4.0"
   }
  },
  {
   "type": "Feature",
   "geometry": {
    "type": "LineString",
    "coordinates": [
     [164255.7,6834461.15],
     [164263.64,6834552.1],
     [164283.39,6834574.2],
     [164272.43,6834588.8],
     [164259.68,6834672.61],
     [164280.56,6834689.27],
     [164283.34,6834716.06]
    ]
   },
   "properties": {
    "name": null,
    "kind": "stream",
    "source": "N50 Kartdata, Kartverket, CC BY 4.0"
   }
  },
  {
   "type": "Feature",
   "geometry": {
    "type": "LineString",
    "coordinates": [
     [169382.49,6828780.08],
     [169396.21,6828745.32],
     [169392.03,6828692.16],
     [169432.08,6828646.13],
     [169434.09,6828593.85],
     [169456.43,6828556.46],
     [169460.4,6828533.02]
    ]
   },
   "properties": {
    "name": null,
    "kind": "stream",
    "source": "N50 Kartdata, Kartverket, CC BY 4.0"
   }
  },
  {
   "type": "Feature",
   "geometry": {
    "type": "LineString",
    "coordinates": [
     [170484.66,6833448.42],
     [170471.87,6833375.9],
     [170494.2,6833278.8],
     [170516.02,6833256.33],
     [170520.49,6833238.03],
     [170517.59,6833217.85],
     [170500.11,6833198.49]
    ]
   },
   "properties": {
    "name": null,
    "kind": "stream",
    "source": "N50 Kartdata, Kartverket, CC BY 4.0"
   }
  },
  {
   "type": "Feature",
   "geometry": {
    "type": "LineString",
    "coordinates": [
     [173481.88,6833228.84],
     [173466.9,6833248.51],
     [173463.63,6833283.42],
     [173486.68,6833351.93],
     [173484.62,6833363.87],
     [173438.42,6833387.57],
     [173412.78,6833385.8],
     [173394.71,6833400.1],
     [173371.83,6833398.85]
    ]
   },
   "properties": {
    "name": null,
    "kind": "stream",
    "source": "N50 Kartdata, Kartverket, CC BY 4.0"
   }
  },
  {
   "type": "Feature",
   "geometry": {
    "type": "LineString",
    "coordinates": [
     [157319.49,6835779.3],
     [157210.27,6835799.01],
     [157109.35,6835801.44],
     [157054.85,6835813.43]
    ]
   },
   "properties": {
    "name": null,
    "kind": "stream",
    "source": "N50 Kartdata, Kartverket, CC BY 4.0"
   }
  },
  {
   "type": "Feature",
   "geometry": {
    "type": "LineString",
    "coordinates": [
     [171971.31,6831342.16],
     [171959.07,6831308.62],
     [171959.46,6831260.54],
     [171942.74,6831214.55],
     [171973.51,6831138.84],
     [171967.41,6831088.07]
    ]
   },
   "properties": {
    "name": null,
    "kind": "stream",
    "source": "N50 Kartdata, Kartverket, CC BY 4.0"
   }
  },
  {
   "type": "Feature",
   "geometry": {
    "type": "LineString",
    "coordinates": [
     [174600.41,6838857.51],
     [174641.16,6838901.96],
     [174660.32,6839039.32],
     [174694.48,6839095.85]
    ]
   },
   "properties": {
    "name": null,
    "kind": "stream",
    "source": "N50 Kartdata, Kartverket, CC BY 4.0"
   }
  },
  {
   "type": "Feature",
   "geometry": {
    "type": "LineString",
    "coordinates": [
     [172055.25,6843264.0],
     [172055.57,6843244.62],
     [172077.39,6843162.08],
     [172134.09,6843065.64],
     [172140.72,6843041.76],
     [172135.27,6843019.55]
    ]
   },
   "properties": {
    "name": null,
    "kind": "stream",
    "source": "N50 Kartdata, Kartverket, CC BY 4.0"
   }
  },
  {
   "type": "Feature",
   "geometry": {
    "type": "LineString",
    "coordinates": [
     [176384.0,6843052.65],
     [176343.39,6843116.05],
     [176257.5,6843209.46],
     [176256.08,6843226.68],
     [176237.98,6843248.47],
     [176237.37,6843264.0]
    ]
   },
   "properties": {
    "name": null,
    "kind": "stream",
    "source": "N50 Kartdata, Kartverket, CC BY 4.0"
   }
  },
  {
   "type": "Feature",
   "geometry": {
    "type": "LineString",
    "coordinates": [
     [172920.39,6838155.27],
     [172934.08,6838185.5],
     [172949.39,6838292.58],
     [173003.7,6838400.81]
    ]
   },
   "properties": {
    "name": null,
    "kind": "stream",
    "source": "N50 Kartdata, Kartverket, CC BY 4.0"
   }
  },
  {
   "type": "Feature",
   "geometry": {
    "type": "LineString",
    "coordinates": [
     [163629.29,6842431.22],
     [163727.0,6842431.65],
     [163767.8,6842453.3],
     [163822.56,6842399.89],
     [163863.21,6842391.04]
    ]
   },
   "properties": {
    "name": null,
    "kind": "stream",
    "source": "N50 Kartdata, Kartverket, CC BY 4.0"
   }
  },
  {
   "type": "Feature",
   "geometry": {
    "type": "LineString",
    "coordinates": [
     [165586.37,6828474.48],
     [165569.11,6828483.66],
     [165553.26,6828505.28],
     [165547.23,6828540.91],
     [165556.38,6828624.97],
     [165563.82,6828650.08],
     [165581.33,6828670.11],
     [165588.92,6828711.14]
    ]
   },
   "properties": {
    "name": null,
    "kind": "stream",
    "source": "N50 Kartdata, Kartverket, CC BY 4.0"
   }
  },
  {
   "type": "Feature",
   "geometry": {
    "type": "LineString",
    "coordinates": [
     [163403.44,6832637.95],
     [163469.89,6832612.19],
     [163509.14,6832541.24],
     [163593.97,6832538.56],
     [163610.98,6832523.07]
    ]
   },
   "properties": {
    "name": null,
    "kind": "stream",
    "source": "N50 Kartdata, Kartverket, CC BY 4.0"
   }
  },
  {
   "type": "Feature",
   "geometry": {
    "type": "LineString",
    "coordinates": [
     [156148.56,6836385.41],
     [156005.45,6836349.04],
     [155952.48,6836314.51],
     [155904.0,6836314.8]
    ]
   },
   "properties": {
    "name": null,
    "kind": "stream",
    "source": "N50 Kartdata, Kartverket, CC BY 4.0"
   }
  },
  {
   "type": "Feature",
   "geometry": {
    "type": "LineString",
    "coordinates": [
     [160602.67,6834757.25],
     [160596.05,6834794.64],
     [160638.02,6834878.23],
     [160664.17,6835003.12]
    ]
   },
   "properties": {
    "name": null,
    "kind": "stream",
    "source": "N50 Kartdata, Kartverket, CC BY 4.0"
   }
  },
  {
   "type": "Feature",
   "geometry": {
    "type": "LineString",
    "coordinates": [
     [163256.64,6832227.01],
     [163286.73,6832184.95],
     [163411.88,6832142.46],
     [163459.97,6832085.39]
    ]
   },
   "properties": {
    "name": null,
    "kind": "stream",
    "source": "N50 Kartdata, Kartverket, CC BY 4.0"
   }
  },
  {
   "type": "Feature",
   "geometry": {
    "type": "LineString",
    "coordinates": [
     [173080.14,6839206.9],
     [173043.14,6839344.75],
     [172981.5,6839442.21]
    ]
   },
   "properties": {
    "name": null,
    "kind": "stream",
    "source": "N50 Kartdata, Kartverket, CC BY 4.0"
   }
  },
  {
   "type": "Feature",
   "geometry": {
    "type": "LineString",
    "coordinates": [
     [173630.65,6833600.08],
     [173624.99,6833611.05],
     [173645.18,6833634.9],
     [173641.53,6833682.61],
     [173629.94,6833705.66],
     [173615.99,6833708.97],
     [173599.36,6833728.44],
     [173600.09,6833749.59],
     [173583.09,6833787.5],
     [173577.41,6833825.1]
    ]
   },
   "properties": {
    "name": null,
    "kind": "stream",
    "source": "N50 Kartdata, Kartverket, CC BY 4.0"
   }
  },
  {
   "type": "Feature",
   "geometry": {
    "type": "LineString",
    "coordinates": [
     [156315.01,6841294.7],
     [156335.38,6841299.76],
     [156353.8,6841290.12],
     [156369.05,6841268.04],
     [156376.43,6841218.53],
     [156404.68,6841195.43],
     [156433.88,6841146.18],
     [156470.81,6841119.67]
    ]
   },
   "properties": {
    "name": null,
    "kind": "stream",
    "source": "N50 Kartdata, Kartverket, CC BY 4.0"
   }
  },
  {
   "type": "Feature",
   "geometry": {
    "type": "LineString",
    "coordinates": [
     [156721.86,6835664.17],
     [156648.56,6835597.13],
     [156545.99,6835477.11]
    ]
   },
   "properties": {
    "name": null,
    "kind": "stream",
    "source": "N50 Kartdata, Kartverket, CC BY 4.0"
   }
  },
  {
   "type": "Feature",
   "geometry": {
    "type": "LineString",
    "coordinates": [
     [173309.84,6828621.56],
     [173282.73,6828625.37],
     [173229.98,6828651.57],
     [173173.97,6828653.36],
     [173165.34,6828684.34],
     [173093.26,6828724.83]
    ]
   },
   "properties": {
    "name": null,
    "kind": "stream",
    "source": "N50 Kartdata, Kartverket, CC BY 4.0"
   }
  },
  {
   "type": "Feature",
   "geometry": {
    "type": "LineString",
    "coordinates": [
     [165710.61,6828778.04],
     [165666.85,6828823.37],
     [165596.24,6828860.87],
     [165563.61,6828859.77],
     [165488.45,6828829.33]
    ]
   },
   "properties": {
    "name": null,
    "kind": "stream",
    "source": "N50 Kartdata, Kartverket, CC BY 4.0"
   }
  },
  {
   "type": "Feature",
   "geometry": {
    "type": "LineString",
    "coordinates": [
     [161855.02,6833996.62],
     [161869.88,6834018.17],
     [161932.07,6834062.39],
     [161976.29,6834119.31],
     [162034.22,6834174.54]
    ]
   },
   "properties": {
    "name": null,
    "kind": "stream",
    "source": "N50 Kartdata, Kartverket, CC BY 4.0"
   }
  },
  {
   "type": "Feature",
   "geometry": {
    "type": "LineString",
    "coordinates": [
     [166322.96,6840560.11],
     [166325.21,6840639.41],
     [166307.3,6840813.74]
    ]
   },
   "properties": {
    "name": null,
    "kind": "stream",
    "source": "N50 Kartdata, Kartverket, CC BY 4.0"
   }
  },
  {
   "type": "Feature",
   "geometry": {
    "type": "LineString",
    "coordinates": [
     [169439.38,6841152.69],
     [169434.28,6841130.08],
     [169407.11,6841105.21],
     [169372.24,6841116.45],
     [169349.6,6841108.33],
     [169296.04,6841106.24],
     [169268.6,6841076.87],
     [169230.04,6841071.94]
    ]
   },
   "properties": {
    "name": null,
    "kind": "stream",
    "source": "N50 Kartdata, Kartverket, CC BY 4.0"
   }
  },
  {
   "type": "Feature",
   "geometry": {
    "type": "LineString",
    "coordinates": [
     [175865.53,6842265.28],
     [175847.72,6842258.56],
     [175746.11,6842287.13],
     [175722.83,6842273.9],
     [175688.96,6842305.12],
     [175672.56,6842308.3],
     [175643.19,6842332.47]
    ]
   },
   "properties": {
    "name": null,
    "kind": "stream",
    "source": "N50 Kartdata, Kartverket, CC BY 4.0"
   }
  },
  {
   "type": "Feature",
   "geometry": {
    "type": "LineString",
    "coordinates": [
     [168132.51,6828909.85],
     [168070.13,6828878.7],
     [168022.58,6828894.74],
     [168005.49,6828874.55],
     [167930.27,6828879.14],
     [167903.83,6828892.45]
    ]
   },
   "properties": {
    "name": null,
    "kind": "stream",
    "source": "N50 Kartdata, Kartverket, CC BY 4.0"
   }
  },
  {
   "type": "Feature",
   "geometry": {
    "type": "LineString",
    "coordinates": [
     [171977.68,6835318.27],
     [172026.03,6835332.67],
     [172039.59,6835360.22],
     [172089.17,6835390.56],
     [172199.84,6835389.66]
    ]
   },
   "properties": {
    "name": "Veslbessa",
    "kind": "stream",
    "source": "N50 Kartdata, Kartverket, CC BY 4.0"
   }
  },
  {
   "type": "Feature",
   "geometry": {
    "type": "LineString",
    "coordinates": [
     [173328.99,6840464.71],
     [173309.64,6840482.02],
     [173301.91,6840505.14],
     [173279.59,6840512.06],
     [173283.81,6840550.42],
     [173296.52,6840566.16],
     [173271.58,6840603.07],
     [173246.17,6840610.33],
     [173240.31,6840623.76],
     [173245.96,6840654.8]
    ]
   },
   "properties": {
    "name": null,
    "kind": "stream",
    "source": "N50 Kartdata, Kartverket, CC BY 4.0"
   }
  },
  {
   "type": "Feature",
   "geometry": {
    "type": "LineString",
    "coordinates": [
     [162022.12,6835691.72],
     [162045.38,6835689.02],
     [162053.93,6835705.9],
     [162064.54,6835694.02],
     [162082.11,6835690.07],
     [162111.14,6835703.4],
     [162125.5,6835695.76],
     [162133.59,6835710.87],
     [162129.09,6835729.66],
     [162114.1,6835723.62],
     [162094.01,6835735.48],
     [162095.79,6835749.28],
     [162118.75,6835776.01]
    ]
   },
   "properties": {
    "name": null,
    "kind": "stream",
    "source": "N50 Kartdata, Kartverket, CC BY 4.0"
   }
  },
  {
   "type": "Feature",
   "geometry": {
    "type": "LineString",
    "coordinates": [
     [171676.66,6827754.7],
     [171669.15,6827780.09],
     [171623.81,6827790.17],
     [171607.17,6827809.03],
     [171597.93,6827836.54],
     [171608.0,6827882.67],
     [171567.78,6827946.19]
    ]
   },
   "properties": {
    "name": null,
    "kind": "stream",
    "source": "N50 Kartdata, Kartverket, CC BY 4.0"
   }
  },
  {
   "type": "Feature",
   "geometry": {
    "type": "LineString",
    "coordinates": [
     [173346.39,6831113.55],
     [173287.23,6831149.19],
     [173250.14,6831199.91],
     [173173.75,6831254.55],
     [173164.27,6831275.38]
    ]
   },
   "properties": {
    "name": null,
    "kind": "stream",
    "source": "N50 Kartdata, Kartverket, CC BY 4.0"
   }
  },
  {
   "type": "Feature",
   "geometry": {
    "type": "LineString",
    "coordinates": [
     [164215.02,6837380.2],
     [164187.07,6837368.09],
     [164130.81,6837364.05],
     [164068.95,6837345.69],
     [163986.12,6837296.64]
    ]
   },
   "properties": {
    "name": null,
    "kind": "stream",
    "source": "N50 Kartdata, Kartverket, CC BY 4.0"
   }
  },
  {
   "type": "Feature",
   "geometry": {
    "type": "LineString",
    "coordinates": [
     [175568.19,6842702.34],
     [175553.41,6842722.93],
     [175549.62,6842754.63],
     [175534.1,6842786.35],
     [175491.61,6842834.8],
     [175423.05,6842866.81],
     [175416.22,6842879.51]
    ]
   },
   "properties": {
    "name": null,
    "kind": "stream",
    "source": "N50 Kartdata, Kartverket, CC BY 4.0"
   }
  },
  {
   "type": "Feature",
   "geometry": {
    "type": "LineString",
    "coordinates": [
     [175226.73,6834718.77],
     [175216.59,6834723.49],
     [175213.93,6834754.26],
     [175194.56,6834766.46],
     [175189.92,6834779.8],
     [175154.32,6834789.98],
     [175156.99,6834851.46],
     [175143.41,6834856.69],
     [175124.95,6834889.38],
     [175131.32,6834904.71]
    ]
   },
   "properties": {
    "name": null,
    "kind": "stream",
    "source": "N50 Kartdata, Kartverket, CC BY 4.0"
   }
  },
  {
   "type": "Feature",
   "geometry": {
    "type": "LineString",
    "coordinates": [
     [172997.6,6840511.05],
     [173047.78,6840472.13],
     [173063.98,6840445.79],
     [173084.49,6840445.25],
     [173116.97,6840407.09],
     [173147.8,6840404.2],
     [173191.38,6840379.88]
    ]
   },
   "properties": {
    "name": null,
    "kind": "stream",
    "source": "N50 Kartdata, Kartverket, CC BY 4.0"
   }
  },
  {
   "type": "Feature",
   "geometry": {
    "type": "LineString",
    "coordinates": [
     [164073.79,6843190.1],
     [164036.96,6843203.25],
     [164003.82,6843193.07],
     [163862.98,6843206.43],
     [163838.1,6843191.11]
    ]
   },
   "properties": {
    "name": null,
    "kind": "stream",
    "source": "N50 Kartdata, Kartverket, CC BY 4.0"
   }
  },
  {
   "type": "Feature",
   "geometry": {
    "type": "LineString",
    "coordinates": [
     [175607.19,6840889.63],
     [175569.86,6840857.43],
     [175433.78,6840806.33],
     [175386.05,6840796.71]
    ]
   },
   "properties": {
    "name": null,
    "kind": "stream",
    "source": "N50 Kartdata, Kartverket, CC BY 4.0"
   }
  },
  {
   "type": "Feature",
   "geometry": {
    "type": "LineString",
    "coordinates": [
     [175230.41,6843150.26],
     [175268.92,6843139.13],
     [175284.24,6843123.95],
     [175298.43,6843059.6],
     [175325.11,6843028.12],
     [175307.38,6843010.18],
     [175312.24,6842961.92]
    ]
   },
   "properties": {
    "name": null,
    "kind": "stream",
    "source": "N50 Kartdata, Kartverket, CC BY 4.0"
   }
  },
  {
   "type": "Feature",
   "geometry": {
    "type": "LineString",
    "coordinates": [
     [163137.67,6835007.6],
     [163114.12,6834971.5],
     [163034.16,6834938.01],
     [162999.24,6834939.13],
     [162946.8,6834957.04],
     [162927.66,6834949.87]
    ]
   },
   "properties": {
    "name": null,
    "kind": "stream",
    "source": "N50 Kartdata, Kartverket, CC BY 4.0"
   }
  },
  {
   "type": "Feature",
   "geometry": {
    "type": "LineString",
    "coordinates": [
     [156659.67,6841020.89],
     [156655.07,6840934.1],
     [156676.78,6840836.52],
     [156670.93,6840783.37]
    ]
   },
   "properties": {
    "name": null,
    "kind": "stream",
    "source": "N50 Kartdata, Kartverket, CC BY 4.0"
   }
  },
  {
   "type": "Feature",
   "geometry": {
    "type": "LineString",
    "coordinates": [
     [161325.87,6842758.23],
     [161383.79,6842740.8],
     [161483.56,6842744.78],
     [161523.69,6842735.41],
     [161552.44,6842712.81]
    ]
   },
   "properties": {
    "name": null,
    "kind": "stream",
    "source": "N50 Kartdata, Kartverket, CC BY 4.0"
   }
  },
  {
   "type": "Feature",
   "geometry": {
    "type": "LineString",
    "coordinates": [
     [163838.1,6843191.11],
     [163841.98,6843179.48],
     [163830.45,6843139.05],
     [163815.84,6843097.41],
     [163800.24,6843079.11],
     [163790.62,6843031.51],
     [163729.61,6843014.01]
    ]
   },
   "properties": {
    "name": null,
    "kind": "stream",
    "source": "N50 Kartdata, Kartverket, CC BY 4.0"
   }
  },
  {
   "type": "Feature",
   "geometry": {
    "type": "LineString",
    "coordinates": [
     [173118.16,6827364.73],
     [173080.36,6827229.78],
     [173009.82,6827168.32]
    ]
   },
   "properties": {
    "name": null,
    "kind": "stream",
    "source": "N50 Kartdata, Kartverket, CC BY 4.0"
   }
  },
  {
   "type": "Feature",
   "geometry": {
    "type": "LineString",
    "coordinates": [
     [166660.48,6830101.74],
     [166624.1,6830076.81],
     [166540.31,6830048.39],
     [166440.58,6830062.83]
    ]
   },
   "properties": {
    "name": null,
    "kind": "stream",
    "source": "N50 Kartdata, Kartverket, CC BY 4.0"
   }
  },
  {
   "type": "Feature",
   "geometry": {
    "type": "LineString",
    "coordinates": [
     [172098.97,6832297.8],
     [172171.92,6832252.89],
     [172203.58,6832251.54],
     [172226.24,6832237.09],
     [172243.18,6832220.81],
     [172258.72,6832177.95],
     [172275.71,6832168.77]
    ]
   },
   "properties": {
    "name": null,
    "kind": "stream",
    "source": "N50 Kartdata, Kartverket, CC BY 4.0"
   }
  },
  {
   "type": "Feature",
   "geometry": {
    "type": "LineString",
    "coordinates": [
     [170670.83,6842871.09],
     [170701.39,6842892.2],
     [170791.4,6842889.51],
     [170829.59,6842903.71],
     [170893.33,6842904.36]
    ]
   },
   "properties": {
    "name": null,
    "kind": "stream",
    "source": "N50 Kartdata, Kartverket, CC BY 4.0"
   }
  },
  {
   "type": "Feature",
   "geometry": {
    "type": "LineString",
    "coordinates": [
     [162505.41,6838322.82],
     [162570.71,6838342.12],
     [162624.28,6838300.68],
     [162651.92,6838309.27],
     [162689.57,6838303.49],
     [162713.93,6838290.87]
    ]
   },
   "properties": {
    "name": null,
    "kind": "stream",
    "source": "N50 Kartdata, Kartverket, CC BY 4.0"
   }
  },
  {
   "type": "Feature",
   "geometry": {
    "type": "LineString",
    "coordinates": [
     [162505.41,6838322.82],
     [162537.6,6838325.41],
     [162590.48,6838309.11],
     [162609.97,6838284.79],
     [162618.89,6838230.83],
     [162673.62,6838228.62]
    ]
   },
   "properties": {
    "name": null,
    "kind": "stream",
    "source": "N50 Kartdata, Kartverket, CC BY 4.0"
   }
  },
  {
   "type": "Feature",
   "geometry": {
    "type": "LineString",
    "coordinates": [
     [167860.37,6841470.91],
     [167814.81,6841388.42],
     [167819.98,6841366.03],
     [167842.24,6841348.69],
     [167854.18,6841266.97]
    ]
   },
   "properties": {
    "name": null,
    "kind": "stream",
    "source": "N50 Kartdata, Kartverket, CC BY 4.0"
   }
  },
  {
   "type": "Feature",
   "geometry": {
    "type": "LineString",
    "coordinates": [
     [170390.81,6834351.83],
     [170331.11,6834133.65]
    ]
   },
   "properties": {
    "name": null,
    "kind": "stream",
    "source": "N50 Kartdata, Kartverket, CC BY 4.0"
   }
  },
  {
   "type": "Feature",
   "geometry": {
    "type": "LineString",
    "coordinates": [
     [175250.19,6830460.35],
     [175191.0,6830470.97],
     [175154.45,6830499.59],
     [175035.67,6830507.19]
    ]
   },
   "properties": {
    "name": null,
    "kind": "stream",
    "source": "N50 Kartdata, Kartverket, CC BY 4.0"
   }
  },
  {
   "type": "Feature",
   "geometry": {
    "type": "LineString",
    "coordinates": [
     [176369.24,6839146.12],
     [176361.46,6838980.1],
     [176384.0,6838926.81]
    ]
   },
   "properties": {
    "name": null,
    "kind": "stream",
    "source": "N50 Kartdata, Kartverket, CC BY 4.0"
   }
  },
  {
   "type": "Feature",
   "geometry": {
    "type": "LineString",
    "coordinates": [
     [167970.16,6834147.87],
     [167995.86,6834202.25],
     [168007.58,6834259.59],
     [168058.73,6834350.9]
    ]
   },
   "properties": {
    "name": null,
    "kind": "stream",
    "source": "N50 Kartdata, Kartverket, CC BY 4.0"
   }
  },
  {
   "type": "Feature",
   "geometry": {
    "type": "LineString",
    "coordinates": [
     [173030.23,6835527.65],
     [173059.68,6835489.1],
     [173038.74,6835450.75],
     [173037.37,6835414.72],
     [173056.6,6835392.27],
     [173119.89,6835376.72]
    ]
   },
   "properties": {
    "name": null,
    "kind": "stream",
    "source": "N50 Kartdata, Kartverket, CC BY 4.0"
   }
  },
  {
   "type": "Feature",
   "geometry": {
    "type": "LineString",
    "coordinates": [
     [160927.21,6837038.85],
     [161058.73,6836993.91],
     [161077.18,6836976.47],
     [161132.61,6836957.53]
    ]
   },
   "properties": {
    "name": null,
    "kind": "stream",
    "source": "N50 Kartdata, Kartverket, CC BY 4.0"
   }
  },
  {
   "type": "Feature",
   "geometry": {
    "type": "LineString",
    "coordinates": [
     [165254.52,6835215.12],
     [165368.08,6835206.2],
     [165399.47,6835217.86],
     [165443.61,6835248.84],
     [165462.81,6835251.29]
    ]
   },
   "properties": {
    "name": null,
    "kind": "stream",
    "source": "N50 Kartdata, Kartverket, CC BY 4.0"
   }
  },
  {
   "type": "Feature",
   "geometry": {
    "type": "LineString",
    "coordinates": [
     [174104.94,6827275.99],
     [174123.54,6827240.55],
     [174148.23,6827132.72],
     [174195.41,6827081.26]
    ]
   },
   "properties": {
    "name": null,
    "kind": "stream",
    "source": "N50 Kartdata, Kartverket, CC BY 4.0"
   }
  },
  {
   "type": "Feature",
   "geometry": {
    "type": "LineString",
    "coordinates": [
     [166307.3,6840813.74],
     [166319.93,6840877.08],
     [166301.25,6840932.3],
     [166307.59,6840958.36],
     [166297.21,6841027.11]
    ]
   },
   "properties": {
    "name": null,
    "kind": "stream",
    "source": "N50 Kartdata, Kartverket, CC BY 4.0"
   }
  },
  {
   "type": "Feature",
   "geometry": {
    "type": "LineString",
    "coordinates": [
     [166307.3,6840813.74],
     [166258.52,6840900.96],
     [166255.74,6840940.53],
     [166228.7,6841014.23]
    ]
   },
   "properties": {
    "name": null,
    "kind": "stream",
    "source": "N50 Kartdata, Kartverket, CC BY 4.0"
   }
  },
  {
   "type": "Feature",
   "geometry": {
    "type": "LineString",
    "coordinates": [
     [172939.98,6834033.23],
     [172943.2,6834077.22],
     [172924.77,6834166.61],
     [172887.17,6834240.15]
    ]
   },
   "properties": {
    "name": null,
    "kind": "stream",
    "source": "N50 Kartdata, Kartverket, CC BY 4.0"
   }
  },
  {
   "type": "Feature",
   "geometry": {
    "type": "LineString",
    "coordinates": [
     [162873.19,6842481.84],
     [162899.31,6842484.87],
     [162959.88,6842544.28],
     [163010.87,6842536.85],
     [163056.67,6842567.47]
    ]
   },
   "properties": {
    "name": null,
    "kind": "stream",
    "source": "N50 Kartdata, Kartverket, CC BY 4.0"
   }
  },
  {
   "type": "Feature",
   "geometry": {
    "type": "LineString",
    "coordinates": [
     [174215.04,6830717.5],
     [174205.34,6830734.03],
     [174174.09,6830755.52],
     [174129.73,6830831.25],
     [174132.65,6830866.09],
     [174108.06,6830894.7]
    ]
   },
   "properties": {
    "name": null,
    "kind": "stream",
    "source": "N50 Kartdata, Kartverket, CC BY 4.0"
   }
  },
  {
   "type": "Feature",
   "geometry": {
    "type": "LineString",
    "coordinates": [
     [173477.89,6831662.7],
     [173466.58,6831677.82],
     [173466.99,6831701.59],
     [173440.08,6831737.82],
     [173391.64,6831843.57],
     [173392.69,6831856.89]
    ]
   },
   "properties": {
    "name": null,
    "kind": "stream",
    "source": "N50 Kartdata, Kartverket, CC BY 4.0"
   }
  },
  {
   "type": "Feature",
   "geometry": {
    "type": "LineString",
    "coordinates": [
     [169701.24,6839148.7],
     [169724.45,6839187.55],
     [169757.06,6839220.08],
     [169795.51,6839287.37],
     [169800.41,6839335.17]
    ]
   },
   "properties": {
    "name": null,
    "kind": "stream",
    "source": "N50 Kartdata, Kartverket, CC BY 4.0"
   }
  },
  {
   "type": "Feature",
   "geometry": {
    "type": "LineString",
    "coordinates": [
     [173972.75,6831167.82],
     [173965.85,6831257.67],
     [173956.49,6831277.7],
     [173977.64,6831324.88],
     [173954.21,6831372.14]
    ]
   },
   "properties": {
    "name": null,
    "kind": "stream",
    "source": "N50 Kartdata, Kartverket, CC BY 4.0"
   }
  },
  {
   "type": "Feature",
   "geometry": {
    "type": "LineString",
    "coordinates": [
     [167860.37,6841470.91],
     [167893.26,6841410.49],
     [167928.44,6841365.99],
     [167930.51,6841323.02],
     [167963.39,6841310.84],
     [167964.72,6841299.48]
    ]
   },
   "properties": {
    "name": null,
    "kind": "stream",
    "source": "N50 Kartdata, Kartverket, CC BY 4.0"
   }
  },
  {
   "type": "Feature",
   "geometry": {
    "type": "LineString",
    "coordinates": [
     [172992.13,6827370.88],
     [173000.45,6827355.12],
     [172990.89,6827334.65],
     [173000.21,6827314.5],
     [172997.83,6827288.71],
     [173004.41,6827275.47],
     [172995.74,6827254.61],
     [173010.5,6827201.96],
     [173009.82,6827168.32]
    ]
   },
   "properties": {
    "name": null,
    "kind": "stream",
    "source": "N50 Kartdata, Kartverket, CC BY 4.0"
   }
  },
  {
   "type": "Feature",
   "geometry": {
    "type": "LineString",
    "coordinates": [
     [162340.13,6843210.4],
     [162499.17,6843182.34],
     [162510.81,6843189.76],
     [162523.25,6843225.92]
    ]
   },
   "properties": {
    "name": null,
    "kind": "stream",
    "source": "N50 Kartdata, Kartverket, CC BY 4.0"
   }
  },
  {
   "type": "Feature",
   "geometry": {
    "type": "LineString",
    "coordinates": [
     [174329.03,6830229.89],
     [174338.31,6830297.49],
     [174316.09,6830361.01],
     [174325.56,6830397.06],
     [174322.29,6830437.46]
    ]
   },
   "properties": {
    "name": null,
    "kind": "stream",
    "source": "N50 Kartdata, Kartverket, CC BY 4.0"
   }
  },
  {
   "type": "Feature",
   "geometry": {
    "type": "LineString",
    "coordinates": [
     [175265.69,6830214.28],
     [175179.48,6830353.93],
     [175142.29,6830386.07]
    ]
   },
   "properties": {
    "name": null,
    "kind": "stream",
    "source": "N50 Kartdata, Kartverket, CC BY 4.0"
   }
  },
  {
   "type": "Feature",
   "geometry": {
    "type": "LineString",
    "coordinates": [
     [166643.39,6834296.59],
     [166681.57,6834390.95],
     [166744.01,6834461.04],
     [166749.96,6834477.06]
    ]
   },
   "properties": {
    "name": null,
    "kind": "stream",
    "source": "N50 Kartdata, Kartverket, CC BY 4.0"
   }
  },
  {
   "type": "Feature",
   "geometry": {
    "type": "LineString",
    "coordinates": [
     [174020.46,6834464.55],
     [174075.34,6834451.18],
     [174102.88,6834462.31],
     [174142.64,6834524.28],
     [174152.27,6834576.05]
    ]
   },
   "properties": {
    "name": null,
    "kind": "stream",
    "source": "N50 Kartdata, Kartverket, CC BY 4.0"
   }
  },
  {
   "type": "Feature",
   "geometry": {
    "type": "LineString",
    "coordinates": [
     [174718.1,6840972.08],
     [174749.03,6840952.17],
     [174749.86,6840894.97],
     [174760.74,6840869.86],
     [174756.25,6840819.48],
     [174774.47,6840783.51]
    ]
   },
   "properties": {
    "name": null,
    "kind": "stream",
    "source": "N50 Kartdata, Kartverket, CC BY 4.0"
   }
  },
  {
   "type": "Feature",
   "geometry": {
    "type": "LineString",
    "coordinates": [
     [173291.61,6828779.69],
     [173154.43,6828720.84],
     [173116.43,6828729.4],
     [173093.26,6828724.83]
    ]
   },
   "properties": {
    "name": null,
    "kind": "stream",
    "source": "N50 Kartdata, Kartverket, CC BY 4.0"
   }
  },
  {
   "type": "Feature",
   "geometry": {
    "type": "LineString",
    "coordinates": [
     [173283.36,6840418.87],
     [173303.98,6840418.21],
     [173327.88,6840429.89],
     [173452.02,6840389.7],
     [173483.8,6840401.11]
    ]
   },
   "properties": {
    "name": null,
    "kind": "stream",
    "source": "N50 Kartdata, Kartverket, CC BY 4.0"
   }
  },
  {
   "type": "Feature",
   "geometry": {
    "type": "LineString",
    "coordinates": [
     [160583.77,6835253.88],
     [160649.49,6835175.56],
     [160660.32,6835129.86],
     [160661.31,6835070.21]
    ]
   },
   "properties": {
    "name": null,
    "kind": "stream",
    "source": "N50 Kartdata, Kartverket, CC BY 4.0"
   }
  },
  {
   "type": "Feature",
   "geometry": {
    "type": "LineString",
    "coordinates": [
     [174378.54,6827436.96],
     [174228.39,6827292.35]
    ]
   },
   "properties": {
    "name": null,
    "kind": "stream",
    "source": "N50 Kartdata, Kartverket, CC BY 4.0"
   }
  },
  {
   "type": "Feature",
   "geometry": {
    "type": "LineString",
    "coordinates": [
     [167150.73,6830000.54],
     [167127.2,6829923.45],
     [167105.12,6829889.05],
     [167058.12,6829865.08],
     [167024.08,6829865.11]
    ]
   },
   "properties": {
    "name": null,
    "kind": "stream",
    "source": "N50 Kartdata, Kartverket, CC BY 4.0"
   }
  },
  {
   "type": "Feature",
   "geometry": {
    "type": "LineString",
    "coordinates": [
     [171048.63,6831755.93],
     [170921.28,6831760.18],
     [170887.04,6831714.13],
     [170870.06,6831704.05]
    ]
   },
   "properties": {
    "name": null,
    "kind": "stream",
    "source": "N50 Kartdata, Kartverket, CC BY 4.0"
   }
  },
  {
   "type": "Feature",
   "geometry": {
    "type": "LineString",
    "coordinates": [
     [174090.56,6837093.75],
     [174050.38,6837237.3],
     [174050.13,6837292.13]
    ]
   },
   "properties": {
    "name": null,
    "kind": "stream",
    "source": "N50 Kartdata, Kartverket, CC BY 4.0"
   }
  },
  {
   "type": "Feature",
   "geometry": {
    "type": "LineString",
    "coordinates": [
     [170495.73,6833941.66],
     [170500.78,6833963.88],
     [170494.96,6833989.08],
     [170501.34,6834000.91],
     [170518.23,6834026.38],
     [170535.57,6834034.39],
     [170556.76,6834059.71],
     [170588.99,6834109.01]
    ]
   },
   "properties": {
    "name": null,
    "kind": "stream",
    "source": "N50 Kartdata, Kartverket, CC BY 4.0"
   }
  },
  {
   "type": "Feature",
   "geometry": {
    "type": "LineString",
    "coordinates": [
     [176170.36,6840980.09],
     [176146.78,6840988.43],
     [176101.43,6840966.81],
     [176013.05,6840971.94],
     [175976.55,6840956.1]
    ]
   },
   "properties": {
    "name": null,
    "kind": "stream",
    "source": "N50 Kartdata, Kartverket, CC BY 4.0"
   }
  },
  {
   "type": "Feature",
   "geometry": {
    "type": "LineString",
    "coordinates": [
     [173464.82,6842780.0],
     [173467.2,6842742.25],
     [173449.7,6842712.03],
     [173448.08,6842692.27],
     [173469.82,6842584.58]
    ]
   },
   "properties": {
    "name": null,
    "kind": "stream",
    "source": "N50 Kartdata, Kartverket, CC BY 4.0"
   }
  },
  {
   "type": "Feature",
   "geometry": {
    "type": "LineString",
    "coordinates": [
     [165096.57,6841226.1],
     [165084.39,6841189.97],
     [165087.49,6841127.0],
     [165066.94,6841094.11],
     [165069.53,6841058.82],
     [165059.93,6841034.34]
    ]
   },
   "properties": {
    "name": null,
    "kind": "stream",
    "source": "N50 Kartdata, Kartverket, CC BY 4.0"
   }
  },
  {
   "type": "Feature",
   "geometry": {
    "type": "LineString",
    "coordinates": [
     [167711.75,6834676.72],
     [167640.83,6834539.33],
     [167635.67,6834518.88],
     [167647.35,6834497.27]
    ]
   },
   "properties": {
    "name": null,
    "kind": "stream",
    "source": "N50 Kartdata, Kartverket, CC BY 4.0"
   }
  },
  {
   "type": "Feature",
   "geometry": {
    "type": "LineString",
    "coordinates": [
     [171769.86,6839375.06],
     [171804.38,6839391.12],
     [171830.28,6839447.89],
     [171868.64,6839476.93],
     [171900.36,6839517.14]
    ]
   },
   "properties": {
    "name": null,
    "kind": "stream",
    "source": "N50 Kartdata, Kartverket, CC BY 4.0"
   }
  },
  {
   "type": "Feature",
   "geometry": {
    "type": "LineString",
    "coordinates": [
     [171988.45,6829203.73],
     [171984.62,6829218.03],
     [171997.99,6829284.36],
     [171978.92,6829337.91],
     [171982.23,6829377.29],
     [171974.27,6829392.61]
    ]
   },
   "properties": {
    "name": null,
    "kind": "stream",
    "source": "N50 Kartdata, Kartverket, CC BY 4.0"
   }
  },
  {
   "type": "Feature",
   "geometry": {
    "type": "LineString",
    "coordinates": [
     [173781.35,6840498.17],
     [173706.11,6840476.77],
     [173588.84,6840483.48]
    ]
   },
   "properties": {
    "name": null,
    "kind": "stream",
    "source": "N50 Kartdata, Kartverket, CC BY 4.0"
   }
  },
  {
   "type": "Feature",
   "geometry": {
    "type": "LineString",
    "coordinates": [
     [172196.95,6839859.16],
     [172191.08,6839881.68],
     [172202.86,6839907.79],
     [172201.45,6839949.83],
     [172277.03,6840017.77]
    ]
   },
   "properties": {
    "name": null,
    "kind": "stream",
    "source": "N50 Kartdata, Kartverket, CC BY 4.0"
   }
  },
  {
   "type": "Feature",
   "geometry": {
    "type": "LineString",
    "coordinates": [
     [173037.39,6840541.61],
     [173089.84,6840494.19],
     [173118.42,6840483.41],
     [173169.44,6840443.39],
     [173196.82,6840437.21]
    ]
   },
   "properties": {
    "name": null,
    "kind": "stream",
    "source": "N50 Kartdata, Kartverket, CC BY 4.0"
   }
  },
  {
   "type": "Feature",
   "geometry": {
    "type": "LineString",
    "coordinates": [
     [158631.84,6836012.02],
     [158652.14,6835977.79],
     [158685.75,6835950.49],
     [158691.81,6835927.4],
     [158713.24,6835901.78],
     [158759.06,6835873.72]
    ]
   },
   "properties": {
    "name": null,
    "kind": "stream",
    "source": "N50 Kartdata, Kartverket, CC BY 4.0"
   }
  },
  {
   "type": "Feature",
   "geometry": {
    "type": "LineString",
    "coordinates": [
     [174235.19,6832346.36],
     [174233.82,6832388.29],
     [174285.46,6832476.24],
     [174295.84,6832525.09]
    ]
   },
   "properties": {
    "name": null,
    "kind": "stream",
    "source": "N50 Kartdata, Kartverket, CC BY 4.0"
   }
  },
  {
   "type": "Feature",
   "geometry": {
    "type": "LineString",
    "coordinates": [
     [174788.22,6843214.0],
     [174799.11,6843195.78],
     [174801.3,6843171.3],
     [174837.32,6843165.12],
     [174915.19,6843085.82]
    ]
   },
   "properties": {
    "name": null,
    "kind": "stream",
    "source": "N50 Kartdata, Kartverket, CC BY 4.0"
   }
  },
  {
   "type": "Feature",
   "geometry": {
    "type": "LineString",
    "coordinates": [
     [172199.84,6835389.66],
     [172253.16,6835380.9],
     [172382.71,6835333.96]
    ]
   },
   "properties": {
    "name": null,
    "kind": "stream",
    "source": "N50 Kartdata, Kartverket, CC BY 4.0"
   }
  },
  {
   "type": "Feature",
   "geometry": {
    "type": "LineString",
    "coordinates": [
     [172385.95,6831883.91],
     [172368.08,6831929.56],
     [172349.37,6831935.64],
     [172272.94,6832002.88],
     [172276.79,6832022.25]
    ]
   },
   "properties": {
    "name": null,
    "kind": "stream",
    "source": "N50 Kartdata, Kartverket, CC BY 4.0"
   }
  },
  {
   "type": "Feature",
   "geometry": {
    "type": "LineString",
    "coordinates": [
     [175546.69,6839478.62],
     [175595.75,6839661.71]
    ]
   },
   "properties": {
    "name": null,
    "kind": "stream",
    "source": "N50 Kartdata, Kartverket, CC BY 4.0"
   }
  },
  {
   "type": "Feature",
   "geometry": {
    "type": "LineString",
    "coordinates": [
     [167377.65,6837120.08],
     [167389.87,6837040.68],
     [167386.24,6837007.21],
     [167393.91,6836986.52],
     [167384.26,6836935.51]
    ]
   },
   "properties": {
    "name": null,
    "kind": "stream",
    "source": "N50 Kartdata, Kartverket, CC BY 4.0"
   }
  },
  {
   "type": "Feature",
   "geometry": {
    "type": "LineString",
    "coordinates": [
     [171602.12,6827594.99],
     [171627.61,6827626.78],
     [171642.32,6827684.7],
     [171654.68,6827699.35],
     [171649.0,6827728.56],
     [171676.66,6827754.7]
    ]
   },
   "properties": {
    "name": null,
    "kind": "stream",
    "source": "N50 Kartdata, Kartverket, CC BY 4.0"
   }
  },
  {
   "type": "Feature",
   "geometry": {
    "type": "LineString",
    "coordinates": [
     [173432.19,6827025.06],
     [173427.73,6826963.75],
     [173418.54,6826939.16],
     [173398.39,6826920.53],
     [173376.6,6826914.39],
     [173342.2,6826882.56],
     [173341.64,6826880.0]
    ]
   },
   "properties": {
    "name": null,
    "kind": "stream",
    "source": "N50 Kartdata, Kartverket, CC BY 4.0"
   }
  },
  {
   "type": "Feature",
   "geometry": {
    "type": "LineString",
    "coordinates": [
     [167377.65,6837120.08],
     [167400.08,6837090.41],
     [167408.77,6837035.46],
     [167461.77,6836958.29]
    ]
   },
   "properties": {
    "name": null,
    "kind": "stream",
    "source": "N50 Kartdata, Kartverket, CC BY 4.0"
   }
  },
  {
   "type": "Feature",
   "geometry": {
    "type": "LineString",
    "coordinates": [
     [161899.39,6827809.42],
     [161892.0,6827802.3],
     [161888.54,6827771.93],
     [161841.19,6827746.04],
     [161750.03,6827745.63]
    ]
   },
   "properties": {
    "name": null,
    "kind": "stream",
    "source": "N50 Kartdata, Kartverket, CC BY 4.0"
   }
  },
  {
   "type": "Feature",
   "geometry": {
    "type": "LineString",
    "coordinates": [
     [172955.27,6840081.27],
     [172966.27,6840084.21],
     [172974.06,6840127.86],
     [172956.91,6840185.93],
     [172957.1,6840254.64]
    ]
   },
   "properties": {
    "name": null,
    "kind": "stream",
    "source": "N50 Kartdata, Kartverket, CC BY 4.0"
   }
  },
  {
   "type": "Feature",
   "geometry": {
    "type": "LineString",
    "coordinates": [
     [176170.36,6840980.09],
     [176266.29,6840955.69],
     [176324.62,6841016.73]
    ]
   },
   "properties": {
    "name": null,
    "kind": "stream",
    "source": "N50 Kartdata, Kartverket, CC BY 4.0"
   }
  },
  {
   "type": "Feature",
   "geometry": {
    "type": "LineString",
    "coordinates": [
     [168662.85,6840827.39],
     [168713.68,6840831.13],
     [168792.37,6840816.34],
     [168833.75,6840848.14]
    ]
   },
   "properties": {
    "name": null,
    "kind": "stream",
    "source": "N50 Kartdata, Kartverket, CC BY 4.0"
   }
  },
  {
   "type": "Feature",
   "geometry": {
    "type": "LineString",
    "coordinates": [
     [173498.12,6840419.46],
     [173403.98,6840418.69],
     [173328.99,6840464.71]
    ]
   },
   "properties": {
    "name": null,
    "kind": "stream",
    "source": "N50 Kartdata, Kartverket, CC BY 4.0"
   }
  },
  {
   "type": "Feature",
   "geometry": {
    "type": "LineString",
    "coordinates": [
     [173512.11,6833470.41],
     [173621.31,6833566.15],
     [173631.31,6833581.65],
     [173630.65,6833600.08]
    ]
   },
   "properties": {
    "name": null,
    "kind": "stream",
    "source": "N50 Kartdata, Kartverket, CC BY 4.0"
   }
  },
  {
   "type": "Feature",
   "geometry": {
    "type": "LineString",
    "coordinates": [
     [171360.15,6842682.21],
     [171342.27,6842662.46],
     [171335.37,6842632.26],
     [171285.14,6842589.18],
     [171265.74,6842535.06]
    ]
   },
   "properties": {
    "name": null,
    "kind": "stream",
    "source": "N50 Kartdata, Kartverket, CC BY 4.0"
   }
  },
  {
   "type": "Feature",
   "geometry": {
    "type": "LineString",
    "coordinates": [
     [172711.62,6835319.93],
     [172755.67,6835290.29],
     [172782.17,6835282.06],
     [172832.79,6835195.78]
    ]
   },
   "properties": {
    "name": null,
    "kind": "stream",
    "source": "N50 Kartdata, Kartverket, CC BY 4.0"
   }
  },
  {
   "type": "Feature",
   "geometry": {
    "type": "LineString",
    "coordinates": [
     [172072.56,6842948.3],
     [172054.79,6842858.94],
     [172011.59,6842799.6],
     [172008.38,6842784.07]
    ]
   },
   "properties": {
    "name": null,
    "kind": "stream",
    "source": "N50 Kartdata, Kartverket, CC BY 4.0"
   }
  },
  {
   "type": "Feature",
   "geometry": {
    "type": "LineString",
    "coordinates": [
     [162699.07,6841844.97],
     [162716.92,6841887.42],
     [162728.12,6841961.47],
     [162783.86,6841977.4]
    ]
   },
   "properties": {
    "name": null,
    "kind": "stream",
    "source": "N50 Kartdata, Kartverket, CC BY 4.0"
   }
  },
  {
   "type": "Feature",
   "geometry": {
    "type": "LineString",
    "coordinates": [
     [163938.35,6835139.64],
     [163985.37,6835139.81],
     [164023.84,6835127.55],
     [164047.65,6835102.01],
     [164056.32,6835069.67],
     [164078.3,6835063.83]
    ]
   },
   "properties": {
    "name": null,
    "kind": "stream",
    "source": "N50 Kartdata, Kartverket, CC BY 4.0"
   }
  },
  {
   "type": "Feature",
   "geometry": {
    "type": "LineString",
    "coordinates": [
     [170739.73,6842968.62],
     [170814.99,6842971.25],
     [170893.33,6842904.36]
    ]
   },
   "properties": {
    "name": null,
    "kind": "stream",
    "source": "N50 Kartdata, Kartverket, CC BY 4.0"
   }
  },
  {
   "type": "Feature",
   "geometry": {
    "type": "LineString",
    "coordinates": [
     [162755.93,6836931.28],
     [162836.02,6836933.73],
     [162874.67,6836951.07],
     [162884.54,6836973.08],
     [162909.86,6836990.17]
    ]
   },
   "properties": {
    "name": null,
    "kind": "stream",
    "source": "N50 Kartdata, Kartverket, CC BY 4.0"
   }
  },
  {
   "type": "Feature",
   "geometry": {
    "type": "LineString",
    "coordinates": [
     [172967.06,6838014.1],
     [172946.64,6838023.09],
     [172962.5,6838099.71],
     [172948.66,6838109.4],
     [172946.23,6838120.87],
     [172923.51,6838133.9],
     [172920.39,6838155.27]
    ]
   },
   "properties": {
    "name": null,
    "kind": "stream",
    "source": "N50 Kartdata, Kartverket, CC BY 4.0"
   }
  },
  {
   "type": "Feature",
   "geometry": {
    "type": "LineString",
    "coordinates": [
     [172167.52,6842213.9],
     [172263.45,6842193.14],
     [172304.24,6842171.66],
     [172336.53,6842172.39]
    ]
   },
   "properties": {
    "name": null,
    "kind": "stream",
    "source": "N50 Kartdata, Kartverket, CC BY 4.0"
   }
  },
  {
   "type": "Feature",
   "geometry": {
    "type": "LineString",
    "coordinates": [
     [172900.66,6828767.9],
     [172948.98,6828744.11],
     [172976.13,6828746.99],
     [173008.29,6828734.94],
     [173050.0,6828691.14]
    ]
   },
   "properties": {
    "name": null,
    "kind": "stream",
    "source": "N50 Kartdata, Kartverket, CC BY 4.0"
   }
  },
  {
   "type": "Feature",
   "geometry": {
    "type": "LineString",
    "coordinates": [
     [169729.72,6838226.38],
     [169753.5,6838138.17],
     [169767.89,6838125.4],
     [169831.55,6838111.83]
    ]
   },
   "properties": {
    "name": null,
    "kind": "stream",
    "source": "N50 Kartdata, Kartverket, CC BY 4.0"
   }
  },
  {
   "type": "Feature",
   "geometry": {
    "type": "LineString",
    "coordinates": [
     [175006.44,6839281.87],
     [175019.67,6839325.78],
     [175051.27,6839363.09],
     [175063.25,6839442.35]
    ]
   },
   "properties": {
    "name": null,
    "kind": "stream",
    "source": "N50 Kartdata, Kartverket, CC BY 4.0"
   }
  },
  {
   "type": "Feature",
   "geometry": {
    "type": "LineString",
    "coordinates": [
     [166163.01,6841774.91],
     [166175.14,6841752.22],
     [166167.01,6841709.03],
     [166179.88,6841692.99],
     [166178.42,6841657.36],
     [166208.1,6841618.4]
    ]
   },
   "properties": {
    "name": null,
    "kind": "stream",
    "source": "N50 Kartdata, Kartverket, CC BY 4.0"
   }
  },
  {
   "type": "Feature",
   "geometry": {
    "type": "LineString",
    "coordinates": [
     [169430.04,6841078.16],
     [169427.56,6840991.95],
     [169404.45,6840937.12],
     [169384.44,6840916.41]
    ]
   },
   "properties": {
    "name": null,
    "kind": "stream",
    "source": "N50 Kartdata, Kartverket, CC BY 4.0"
   }
  },
  {
   "type": "Feature",
   "geometry": {
    "type": "LineString",
    "coordinates": [
     [173078.37,6827703.49],
     [173072.86,6827626.62],
     [173043.39,6827625.99],
     [173017.12,6827589.61],
     [172996.12,6827583.4]
    ]
   },
   "properties": {
    "name": null,
    "kind": "stream",
    "source": "N50 Kartdata, Kartverket, CC BY 4.0"
   }
  },
  {
   "type": "Feature",
   "geometry": {
    "type": "LineString",
    "coordinates": [
     [173191.38,6840379.88],
     [173247.42,6840378.98],
     [173284.18,6840333.74],
     [173314.08,6840316.54],
     [173328.35,6840298.63]
    ]
   },
   "properties": {
    "name": null,
    "kind": "stream",
    "source": "N50 Kartdata, Kartverket, CC BY 4.0"
   }
  },
  {
   "type": "Feature",
   "geometry": {
    "type": "LineString",
    "coordinates": [
     [172324.09,6828536.82],
     [172283.51,6828572.69],
     [172260.9,6828605.34],
     [172222.45,6828602.06],
     [172189.62,6828583.05]
    ]
   },
   "properties": {
    "name": null,
    "kind": "stream",
    "source": "N50 Kartdata, Kartverket, CC BY 4.0"
   }
  },
  {
   "type": "Feature",
   "geometry": {
    "type": "LineString",
    "coordinates": [
     [170103.57,6830725.96],
     [170111.75,6830635.08],
     [170087.38,6830592.69],
     [170084.49,6830563.12]
    ]
   },
   "properties": {
    "name": null,
    "kind": "stream",
    "source": "N50 Kartdata, Kartverket, CC BY 4.0"
   }
  },
  {
   "type": "Feature",
   "geometry": {
    "type": "LineString",
    "coordinates": [
     [174157.8,6836800.0],
     [174141.34,6836894.04],
     [174112.06,6836962.03]
    ]
   },
   "properties": {
    "name": null,
    "kind": "stream",
    "source": "N50 Kartdata, Kartverket, CC BY 4.0"
   }
  },
  {
   "type": "Feature",
   "geometry": {
    "type": "LineString",
    "coordinates": [
     [169212.12,6841164.15],
     [169203.95,6841145.82],
     [169208.44,6841103.08],
     [169197.38,6841069.62],
     [169171.94,6841040.16],
     [169174.73,6841008.95]
    ]
   },
   "properties": {
    "name": null,
    "kind": "stream",
    "source": "N50 Kartdata, Kartverket, CC BY 4.0"
   }
  },
  {
   "type": "Feature",
   "geometry": {
    "type": "LineString",
    "coordinates": [
     [171900.36,6839517.14],
     [171954.24,6839528.94],
     [171983.64,6839548.76],
     [172014.28,6839546.51],
     [172053.3,6839572.01]
    ]
   },
   "properties": {
    "name": null,
    "kind": "stream",
    "source": "N50 Kartdata, Kartverket, CC BY 4.0"
   }
  },
  {
   "type": "Feature",
   "geometry": {
    "type": "LineString",
    "coordinates": [
     [174022.58,6840003.6],
     [174065.95,6840063.26],
     [174056.51,6840112.36],
     [174065.14,6840155.19]
    ]
   },
   "properties": {
    "name": null,
    "kind": "stream",
    "source": "N50 Kartdata, Kartverket, CC BY 4.0"
   }
  },
  {
   "type": "Feature",
   "geometry": {
    "type": "LineString",
    "coordinates": [
     [162755.93,6836931.28],
     [162801.87,6836962.0],
     [162830.9,6836997.24],
     [162861.81,6837010.65],
     [162880.04,6837037.28]
    ]
   },
   "properties": {
    "name": null,
    "kind": "stream",
    "source": "N50 Kartdata, Kartverket, CC BY 4.0"
   }
  },
  {
   "type": "Feature",
   "geometry": {
    "type": "LineString",
    "coordinates": [
     [162699.07,6841844.97],
     [162737.91,6841869.5],
     [162765.67,6841900.92],
     [162783.86,6841977.4]
    ]
   },
   "properties": {
    "name": null,
    "kind": "stream",
    "source": "N50 Kartdata, Kartverket, CC BY 4.0"
   }
  },
  {
   "type": "Feature",
   "geometry": {
    "type": "LineString",
    "coordinates": [
     [170691.44,6834239.15],
     [170588.99,6834109.01]
    ]
   },
   "properties": {
    "name": null,
    "kind": "stream",
    "source": "N50 Kartdata, Kartverket, CC BY 4.0"
   }
  },
  {
   "type": "Feature",
   "geometry": {
    "type": "LineString",
    "coordinates": [
     [171362.36,6831991.38],
     [171298.24,6832029.11],
     [171207.8,6832017.88]
    ]
   },
   "properties": {
    "name": null,
    "kind": "stream",
    "source": "N50 Kartdata, Kartverket, CC BY 4.0"
   }
  },
  {
   "type": "Feature",
   "geometry": {
    "type": "LineString",
    "coordinates": [
     [158631.84,6836012.02],
     [158648.18,6835992.84],
     [158682.46,6835989.07],
     [158777.7,6835952.93]
    ]
   },
   "properties": {
    "name": null,
    "kind": "stream",
    "source": "N50 Kartdata, Kartverket, CC BY 4.0"
   }
  },
  {
   "type": "Feature",
   "geometry": {
    "type": "LineString",
    "coordinates": [
     [156044.35,6835389.34],
     [156021.85,6835391.66],
     [156001.91,6835414.78],
     [155955.57,6835420.62],
     [155906.83,6835389.17],
     [155904.0,6835388.26]
    ]
   },
   "properties": {
    "name": null,
    "kind": "stream",
    "source": "N50 Kartdata, Kartverket, CC BY 4.0"
   }
  },
  {
   "type": "Feature",
   "geometry": {
    "type": "LineString",
    "coordinates": [
     [168662.85,6840827.39],
     [168723.88,6840858.66],
     [168754.19,6840891.71],
     [168796.03,6840913.6]
    ]
   },
   "properties": {
    "name": null,
    "kind": "stream",
    "source": "N50 Kartdata, Kartverket, CC BY 4.0"
   }
  },
  {
   "type": "Feature",
   "geometry": {
    "type": "LineString",
    "coordinates": [
     [167720.45,6834226.11],
     [167706.02,6834360.23],
     [167712.66,6834383.99]
    ]
   },
   "properties": {
    "name": null,
    "kind": "stream",
    "source": "N50 Kartdata, Kartverket, CC BY 4.0"
   }
  },
  {
   "type": "Feature",
   "geometry": {
    "type": "LineString",
    "coordinates": [
     [165121.53,6841743.02],
     [165150.83,6841734.88],
     [165251.9,6841654.47]
    ]
   },
   "properties": {
    "name": null,
    "kind": "stream",
    "source": "N50 Kartdata, Kartverket, CC BY 4.0"
   }
  },
  {
   "type": "Feature",
   "geometry": {
    "type": "LineString",
    "coordinates": [
     [172275.71,6832168.77],
     [172284.18,6832174.0],
     [172327.75,6832168.99],
     [172377.06,6832115.27],
     [172407.75,6832113.55]
    ]
   },
   "properties": {
    "name": null,
    "kind": "stream",
    "source": "N50 Kartdata, Kartverket, CC BY 4.0"
   }
  },
  {
   "type": "Feature",
   "geometry": {
    "type": "LineString",
    "coordinates": [
     [173075.72,6834474.62],
     [173095.68,6834553.44],
     [173090.14,6834628.35]
    ]
   },
   "properties": {
    "name": null,
    "kind": "stream",
    "source": "N50 Kartdata, Kartverket, CC BY 4.0"
   }
  },
  {
   "type": "Feature",
   "geometry": {
    "type": "LineString",
    "coordinates": [
     [171606.09,6839966.88],
     [171671.88,6839959.24],
     [171740.54,6840017.56]
    ]
   },
   "properties": {
    "name": null,
    "kind": "stream",
    "source": "N50 Kartdata, Kartverket, CC BY 4.0"
   }
  },
  {
   "type": "Feature",
   "geometry": {
    "type": "LineString",
    "coordinates": [
     [161256.81,6842819.71],
     [161266.23,6842854.45],
     [161283.65,6842872.32],
     [161295.85,6842915.73],
     [161331.11,6842950.55]
    ]
   },
   "properties": {
    "name": null,
    "kind": "stream",
    "source": "N50 Kartdata, Kartverket, CC BY 4.0"
   }
  },
  {
   "type": "Feature",
   "geometry": {
    "type": "LineString",
    "coordinates": [
     [172755.56,6832978.72],
     [172767.36,6832989.03],
     [172794.4,6833052.02],
     [172833.81,6833075.83],
     [172834.81,6833098.72]
    ]
   },
   "properties": {
    "name": null,
    "kind": "stream",
    "source": "N50 Kartdata, Kartverket, CC BY 4.0"
   }
  },
  {
   "type": "Feature",
   "geometry": {
    "type": "LineString",
    "coordinates": [
     [172275.71,6832168.77],
     [172285.11,6832142.73],
     [172265.43,6832044.11],
     [172276.79,6832022.25]
    ]
   },
   "properties": {
    "name": null,
    "kind": "stream",
    "source": "N50 Kartdata, Kartverket, CC BY 4.0"
   }
  },
  {
   "type": "Feature",
   "geometry": {
    "type": "LineString",
    "coordinates": [
     [165337.1,6834470.13],
     [165348.05,6834501.7],
     [165338.73,6834515.17],
     [165316.93,6834615.91]
    ]
   },
   "properties": {
    "name": null,
    "kind": "stream",
    "source": "N50 Kartdata, Kartverket, CC BY 4.0"
   }
  },
  {
   "type": "Feature",
   "geometry": {
    "type": "LineString",
    "coordinates": [
     [175155.47,6843264.0],
     [175223.65,6843220.32],
     [175230.41,6843150.26]
    ]
   },
   "properties": {
    "name": null,
    "kind": "stream",
    "source": "N50 Kartdata, Kartverket, CC BY 4.0"
   }
  },
  {
   "type": "Feature",
   "geometry": {
    "type": "LineString",
    "coordinates": [
     [166793.7,6841757.2],
     [166784.02,6841738.11],
     [166780.96,6841687.96],
     [166786.69,6841657.79],
     [166810.1,6841631.58],
     [166809.03,6841619.66]
    ]
   },
   "properties": {
    "name": null,
    "kind": "stream",
    "source": "N50 Kartdata, Kartverket, CC BY 4.0"
   }
  },
  {
   "type": "Feature",
   "geometry": {
    "type": "LineString",
    "coordinates": [
     [167525.52,6842403.43],
     [167581.2,6842344.8],
     [167616.79,6842286.15]
    ]
   },
   "properties": {
    "name": null,
    "kind": "stream",
    "source": "N50 Kartdata, Kartverket, CC BY 4.0"
   }
  },
  {
   "type": "Feature",
   "geometry": {
    "type": "LineString",
    "coordinates": [
     [169980.72,6829318.97],
     [169981.4,6829300.09],
     [169950.76,6829285.05],
     [169932.72,6829256.37],
     [169931.63,6829193.93]
    ]
   },
   "properties": {
    "name": null,
    "kind": "stream",
    "source": "N50 Kartdata, Kartverket, CC BY 4.0"
   }
  },
  {
   "type": "Feature",
   "geometry": {
    "type": "LineString",
    "coordinates": [
     [175283.24,6830401.47],
     [175251.39,6830408.52],
     [175220.75,6830385.93],
     [175142.29,6830386.07]
    ]
   },
   "properties": {
    "name": null,
    "kind": "stream",
    "source": "N50 Kartdata, Kartverket, CC BY 4.0"
   }
  },
  {
   "type": "Feature",
   "geometry": {
    "type": "LineString",
    "coordinates": [
     [160465.16,6842112.03],
     [160470.54,6842182.49],
     [160448.74,6842209.16],
     [160448.38,6842252.55]
    ]
   },
   "properties": {
    "name": null,
    "kind": "stream",
    "source": "N50 Kartdata, Kartverket, CC BY 4.0"
   }
  },
  {
   "type": "Feature",
   "geometry": {
    "type": "LineString",
    "coordinates": [
     [156680.19,6840707.16],
     [156678.22,6840698.0],
     [156706.43,6840663.84],
     [156705.95,6840653.68],
     [156682.45,6840629.7],
     [156673.16,6840580.04]
    ]
   },
   "properties": {
    "name": null,
    "kind": "stream",
    "source": "N50 Kartdata, Kartverket, CC BY 4.0"
   }
  },
  {
   "type": "Feature",
   "geometry": {
    "type": "LineString",
    "coordinates": [
     [160812.22,6837125.24],
     [160876.05,6837061.86],
     [160927.21,6837038.85]
    ]
   },
   "properties": {
    "name": null,
    "kind": "stream",
    "source": "N50 Kartdata, Kartverket, CC BY 4.0"
   }
  },
  {
   "type": "Feature",
   "geometry": {
    "type": "LineString",
    "coordinates": [
     [172488.07,6831866.06],
     [172468.85,6831896.84],
     [172425.82,6831928.0],
     [172417.47,6831952.9],
     [172394.0,6831968.65]
    ]
   },
   "properties": {
    "name": null,
    "kind": "stream",
    "source": "N50 Kartdata, Kartverket, CC BY 4.0"
   }
  },
  {
   "type": "Feature",
   "geometry": {
    "type": "LineString",
    "coordinates": [
     [173323.4,6833286.73],
     [173311.3,6833274.77],
     [173239.78,6833280.63],
     [173210.46,6833291.62],
     [173191.87,6833280.93]
    ]
   },
   "properties": {
    "name": null,
    "kind": "stream",
    "source": "N50 Kartdata, Kartverket, CC BY 4.0"
   }
  },
  {
   "type": "Feature",
   "geometry": {
    "type": "LineString",
    "coordinates": [
     [163183.6,6843046.78],
     [163191.26,6843054.58],
     [163196.73,6843095.5],
     [163214.25,6843106.73],
     [163229.03,6843130.41],
     [163216.68,6843149.14],
     [163199.51,6843153.34]
    ]
   },
   "properties": {
    "name": null,
    "kind": "stream",
    "source": "N50 Kartdata, Kartverket, CC BY 4.0"
   }
  },
  {
   "type": "Feature",
   "geometry": {
    "type": "LineString",
    "coordinates": [
     [167848.39,6841599.6],
     [167882.89,6841522.83],
     [167860.37,6841470.91]
    ]
   },
   "properties": {
    "name": null,
    "kind": "stream",
    "source": "N50 Kartdata, Kartverket, CC BY 4.0"
   }
  },
  {
   "type": "Feature",
   "geometry": {
    "type": "LineString",
    "coordinates": [
     [156530.49,6833784.26],
     [156475.74,6833737.13],
     [156407.68,6833735.17]
    ]
   },
   "properties": {
    "name": null,
    "kind": "stream",
    "source": "N50 Kartdata, Kartverket, CC BY 4.0"
   }
  },
  {
   "type": "Feature",
   "geometry": {
    "type": "LineString",
    "coordinates": [
     [168563.14,6840732.87],
     [168600.61,6840786.77],
     [168662.85,6840827.39]
    ]
   },
   "properties": {
    "name": null,
    "kind": "stream",
    "source": "N50 Kartdata, Kartverket, CC BY 4.0"
   }
  },
  {
   "type": "Feature",
   "geometry": {
    "type": "LineString",
    "coordinates": [
     [160723.84,6837213.62],
     [160730.35,6837175.34],
     [160747.09,6837151.37],
     [160778.43,6837132.03],
     [160812.22,6837125.24]
    ]
   },
   "properties": {
    "name": null,
    "kind": "stream",
    "source": "N50 Kartdata, Kartverket, CC BY 4.0"
   }
  },
  {
   "type": "Feature",
   "geometry": {
    "type": "LineString",
    "coordinates": [
     [172908.31,6835116.49],
     [173021.16,6835109.82],
     [173037.32,6835089.25]
    ]
   },
   "properties": {
    "name": null,
    "kind": "stream",
    "source": "N50 Kartdata, Kartverket, CC BY 4.0"
   }
  },
  {
   "type": "Feature",
   "geometry": {
    "type": "LineString",
    "coordinates": [
     [169927.5,6829177.89],
     [169928.72,6829131.99],
     [169950.61,6829106.19],
     [169952.57,6829070.27],
     [169964.26,6829051.41]
    ]
   },
   "properties": {
    "name": null,
    "kind": "stream",
    "source": "N50 Kartdata, Kartverket, CC BY 4.0"
   }
  },
  {
   "type": "Feature",
   "geometry": {
    "type": "LineString",
    "coordinates": [
     [174228.39,6827292.35],
     [174206.55,6827261.59],
     [174187.43,6827163.34]
    ]
   },
   "properties": {
    "name": null,
    "kind": "stream",
    "source": "N50 Kartdata, Kartverket, CC BY 4.0"
   }
  },
  {
   "type": "Feature",
   "geometry": {
    "type": "LineString",
    "coordinates": [
     [170009.74,6838083.44],
     [170017.3,6838090.56],
     [170062.65,6838089.68],
     [170098.18,6838118.47],
     [170133.08,6838128.32]
    ]
   },
   "properties": {
    "name": null,
    "kind": "stream",
    "source": "N50 Kartdata, Kartverket, CC BY 4.0"
   }
  },
  {
   "type": "Feature",
   "geometry": {
    "type": "LineString",
    "coordinates": [
     [173229.22,6840779.15],
     [173252.47,6840736.13],
     [173250.01,6840703.24],
     [173237.1,6840682.9],
     [173245.96,6840654.8]
    ]
   },
   "properties": {
    "name": null,
    "kind": "stream",
    "source": "N50 Kartdata, Kartverket, CC BY 4.0"
   }
  },
  {
   "type": "Feature",
   "geometry": {
    "type": "LineString",
    "coordinates": [
     [173201.61,6840487.94],
     [173263.18,6840488.07],
     [173280.55,6840470.77],
     [173328.99,6840464.71]
    ]
   },
   "properties": {
    "name": null,
    "kind": "stream",
    "source": "N50 Kartdata, Kartverket, CC BY 4.0"
   }
  },
  {
   "type": "Feature",
   "geometry": {
    "type": "LineString",
    "coordinates": [
     [174778.38,6839163.05],
     [174807.97,6839189.48],
     [174868.49,6839207.02],
     [174899.87,6839205.84]
    ]
   },
   "properties": {
    "name": null,
    "kind": "stream",
    "source": "N50 Kartdata, Kartverket, CC BY 4.0"
   }
  },
  {
   "type": "Feature",
   "geometry": {
    "type": "LineString",
    "coordinates": [
     [173680.4,6843122.94],
     [173689.63,6843134.53],
     [173693.83,6843183.97],
     [173707.35,6843206.71],
     [173709.21,6843249.04]
    ]
   },
   "properties": {
    "name": null,
    "kind": "stream",
    "source": "N50 Kartdata, Kartverket, CC BY 4.0"
   }
  },
  {
   "type": "Feature",
   "geometry": {
    "type": "LineString",
    "coordinates": [
     [167647.35,6834497.27],
     [167687.4,6834452.91],
     [167712.66,6834383.99]
    ]
   },
   "properties": {
    "name": null,
    "kind": "stream",
    "source": "N50 Kartdata, Kartverket, CC BY 4.0"
   }
  },
  {
   "type": "Feature",
   "geometry": {
    "type": "LineString",
    "coordinates": [
     [172072.56,6842948.3],
     [172057.77,6842942.89],
     [172011.35,6842889.17],
     [171994.83,6842846.01]
    ]
   },
   "properties": {
    "name": null,
    "kind": "stream",
    "source": "N50 Kartdata, Kartverket, CC BY 4.0"
   }
  },
  {
   "type": "Feature",
   "geometry": {
    "type": "LineString",
    "coordinates": [
     [172900.66,6828767.9],
     [172834.54,6828791.61],
     [172772.93,6828796.58]
    ]
   },
   "properties": {
    "name": null,
    "kind": "stream",
    "source": "N50 Kartdata, Kartverket, CC BY 4.0"
   }
  },
  {
   "type": "Feature",
   "geometry": {
    "type": "LineString",
    "coordinates": [
     [172276.79,6832022.25],
     [172303.0,6831998.23],
     [172348.06,6831989.2],
     [172394.0,6831968.65]
    ]
   },
   "properties": {
    "name": null,
    "kind": "stream",
    "source": "N50 Kartdata, Kartverket, CC BY 4.0"
   }
  },
  {
   "type": "Feature",
   "geometry": {
    "type": "LineString",
    "coordinates": [
     [175142.29,6830386.07],
     [175084.12,6830429.44],
     [175065.12,6830457.33],
     [175042.4,6830465.09]
    ]
   },
   "properties": {
    "name": null,
    "kind": "stream",
    "source": "N50 Kartdata, Kartverket, CC BY 4.0"
   }
  },
  {
   "type": "Feature",
   "geometry": {
    "type": "LineString",
    "coordinates": [
     [174451.26,6833312.06],
     [174494.71,6833330.06],
     [174483.96,6833341.58],
     [174486.54,6833359.89],
     [174498.67,6833349.88],
     [174512.18,6833356.03],
     [174528.9,6833349.41]
    ]
   },
   "properties": {
    "name": null,
    "kind": "stream",
    "source": "N50 Kartdata, Kartverket, CC BY 4.0"
   }
  },
  {
   "type": "Feature",
   "geometry": {
    "type": "LineString",
    "coordinates": [
     [172979.68,6827556.46],
     [172956.0,6827474.7],
     [172972.96,6827434.59]
    ]
   },
   "properties": {
    "name": null,
    "kind": "stream",
    "source": "N50 Kartdata, Kartverket, CC BY 4.0"
   }
  },
  {
   "type": "Feature",
   "geometry": {
    "type": "LineString",
    "coordinates": [
     [171156.53,6831996.59],
     [171107.15,6832015.41],
     [171083.94,6832039.82],
     [171048.58,6832057.1]
    ]
   },
   "properties": {
    "name": null,
    "kind": "stream",
    "source": "N50 Kartdata, Kartverket, CC BY 4.0"
   }
  },
  {
   "type": "Feature",
   "geometry": {
    "type": "LineString",
    "coordinates": [
     [168244.76,6828859.15],
     [168229.65,6828875.07],
     [168132.51,6828909.85]
    ]
   },
   "properties": {
    "name": null,
    "kind": "stream",
    "source": "N50 Kartdata, Kartverket, CC BY 4.0"
   }
  },
  {
   "type": "Feature",
   "geometry": {
    "type": "LineString",
    "coordinates": [
     [174225.72,6827025.94],
     [174282.96,6826914.75]
    ]
   },
   "properties": {
    "name": null,
    "kind": "stream",
    "source": "N50 Kartdata, Kartverket, CC BY 4.0"
   }
  },
  {
   "type": "Feature",
   "geometry": {
    "type": "LineString",
    "coordinates": [
     [165588.92,6828711.14],
     [165550.84,6828728.74],
     [165490.87,6828786.14]
    ]
   },
   "properties": {
    "name": null,
    "kind": "stream",
    "source": "N50 Kartdata, Kartverket, CC BY 4.0"
   }
  },
  {
   "type": "Feature",
   "geometry": {
    "type": "LineString",
    "coordinates": [
     [175027.72,6830474.17],
     [174953.25,6830505.98],
     [174931.56,6830541.17]
    ]
   },
   "properties": {
    "name": null,
    "kind": "stream",
    "source": "N50 Kartdata, Kartverket, CC BY 4.0"
   }
  },
  {
   "type": "Feature",
   "geometry": {
    "type": "LineString",
    "coordinates": [
     [170302.6,6834015.14],
     [170331.11,6834133.65]
    ]
   },
   "properties": {
    "name": null,
    "kind": "stream",
    "source": "N50 Kartdata, Kartverket, CC BY 4.0"
   }
  },
  {
   "type": "Feature",
   "geometry": {
    "type": "LineString",
    "coordinates": [
     [160463.76,6842351.88],
     [160467.45,6842386.19],
     [160447.53,6842442.71],
     [160451.74,6842466.66]
    ]
   },
   "properties": {
    "name": null,
    "kind": "stream",
    "source": "N50 Kartdata, Kartverket, CC BY 4.0"
   }
  },
  {
   "type": "Feature",
   "geometry": {
    "type": "LineString",
    "coordinates": [
     [167562.02,6841689.96],
     [167511.87,6841582.48]
    ]
   },
   "properties": {
    "name": null,
    "kind": "stream",
    "source": "N50 Kartdata, Kartverket, CC BY 4.0"
   }
  },
  {
   "type": "Feature",
   "geometry": {
    "type": "LineString",
    "coordinates": [
     [167601.16,6834577.41],
     [167590.7,6834526.55],
     [167609.1,6834507.12],
     [167647.35,6834497.27]
    ]
   },
   "properties": {
    "name": null,
    "kind": "stream",
    "source": "N50 Kartdata, Kartverket, CC BY 4.0"
   }
  },
  {
   "type": "Feature",
   "geometry": {
    "type": "LineString",
    "coordinates": [
     [160463.76,6842351.88],
     [160483.98,6842361.07],
     [160518.03,6842418.54],
     [160541.55,6842435.01]
    ]
   },
   "properties": {
    "name": null,
    "kind": "stream",
    "source": "N50 Kartdata, Kartverket, CC BY 4.0"
   }
  },
  {
   "type": "Feature",
   "geometry": {
    "type": "LineString",
    "coordinates": [
     [171360.15,6842682.21],
     [171356.22,6842638.95],
     [171377.72,6842568.69]
    ]
   },
   "properties": {
    "name": null,
    "kind": "stream",
    "source": "N50 Kartdata, Kartverket, CC BY 4.0"
   }
  },
  {
   "type": "Feature",
   "geometry": {
    "type": "LineString",
    "coordinates": [
     [172832.79,6835195.78],
     [172876.28,6835170.42],
     [172885.05,6835134.45],
     [172908.31,6835116.49]
    ]
   },
   "properties": {
    "name": null,
    "kind": "stream",
    "source": "N50 Kartdata, Kartverket, CC BY 4.0"
   }
  },
  {
   "type": "Feature",
   "geometry": {
    "type": "LineString",
    "coordinates": [
     [172931.82,6835070.89],
     [172933.86,6835029.84],
     [172959.47,6835002.36],
     [172966.08,6834967.27]
    ]
   },
   "properties": {
    "name": null,
    "kind": "stream",
    "source": "N50 Kartdata, Kartverket, CC BY 4.0"
   }
  },
  {
   "type": "Feature",
   "geometry": {
    "type": "LineString",
    "coordinates": [
     [168132.51,6828909.85],
     [168105.3,6828940.4],
     [168076.71,6828944.83],
     [168039.15,6828968.62]
    ]
   },
   "properties": {
    "name": null,
    "kind": "stream",
    "source": "N50 Kartdata, Kartverket, CC BY 4.0"
   }
  },
  {
   "type": "Feature",
   "geometry": {
    "type": "LineString",
    "coordinates": [
     [162085.62,6838180.86],
     [162093.5,6838202.29],
     [162128.4,6838229.32],
     [162156.6,6838266.77]
    ]
   },
   "properties": {
    "name": null,
    "kind": "stream",
    "source": "N50 Kartdata, Kartverket, CC BY 4.0"
   }
  },
  {
   "type": "Feature",
   "geometry": {
    "type": "LineString",
    "coordinates": [
     [174085.57,6837064.28],
     [174080.81,6837012.22],
     [174099.27,6836969.66],
     [174112.06,6836962.03]
    ]
   },
   "properties": {
    "name": null,
    "kind": "stream",
    "source": "N50 Kartdata, Kartverket, CC BY 4.0"
   }
  },
  {
   "type": "Feature",
   "geometry": {
    "type": "LineString",
    "coordinates": [
     [171809.16,6840023.25],
     [171874.42,6840051.72],
     [171915.32,6840045.88]
    ]
   },
   "properties": {
    "name": null,
    "kind": "stream",
    "source": "N50 Kartdata, Kartverket, CC BY 4.0"
   }
  },
  {
   "type": "Feature",
   "geometry": {
    "type": "LineString",
    "coordinates": [
     [175035.67,6830507.19],
     [175007.69,6830514.39],
     [174981.06,6830534.86],
     [174931.56,6830541.17]
    ]
   },
   "properties": {
    "name": null,
    "kind": "stream",
    "source": "N50 Kartdata, Kartverket, CC BY 4.0"
   }
  },
  {
   "type": "Feature",
   "geometry": {
    "type": "LineString",
    "coordinates": [
     [167845.95,6841707.43],
     [167856.91,6841690.81],
     [167848.39,6841599.6]
    ]
   },
   "properties": {
    "name": null,
    "kind": "stream",
    "source": "N50 Kartdata, Kartverket, CC BY 4.0"
   }
  },
  {
   "type": "Feature",
   "geometry": {
    "type": "LineString",
    "coordinates": [
     [167938.65,6836383.18],
     [167896.16,6836402.2],
     [167858.78,6836389.15],
     [167833.6,6836390.19]
    ]
   },
   "properties": {
    "name": null,
    "kind": "stream",
    "source": "N50 Kartdata, Kartverket, CC BY 4.0"
   }
  },
  {
   "type": "Feature",
   "geometry": {
    "type": "LineString",
    "coordinates": [
     [172931.82,6835070.89],
     [172971.24,6835041.7],
     [173003.75,6835031.65],
     [173017.46,6835008.61]
    ]
   },
   "properties": {
    "name": null,
    "kind": "stream",
    "source": "N50 Kartdata, Kartverket, CC BY 4.0"
   }
  },
  {
   "type": "Feature",
   "geometry": {
    "type": "LineString",
    "coordinates": [
     [157031.03,6834543.69],
     [156956.16,6834557.37],
     [156929.98,6834577.72]
    ]
   },
   "properties": {
    "name": null,
    "kind": "stream",
    "source": "N50 Kartdata, Kartverket, CC BY 4.0"
   }
  },
  {
   "type": "Feature",
   "geometry": {
    "type": "LineString",
    "coordinates": [
     [155990.03,6839842.63],
     [155945.27,6839825.99],
     [155907.07,6839783.83],
     [155904.0,6839781.6]
    ]
   },
   "properties": {
    "name": null,
    "kind": "stream",
    "source": "N50 Kartdata, Kartverket, CC BY 4.0"
   }
  },
  {
   "type": "Feature",
   "geometry": {
    "type": "LineString",
    "coordinates": [
     [165422.47,6828825.72],
     [165327.89,6828877.81]
    ]
   },
   "properties": {
    "name": null,
    "kind": "stream",
    "source": "N50 Kartdata, Kartverket, CC BY 4.0"
   }
  },
  {
   "type": "Feature",
   "geometry": {
    "type": "LineString",
    "coordinates": [
     [165634.98,6828232.38],
     [165623.68,6828258.57],
     [165583.88,6828273.31],
     [165572.38,6828308.33]
    ]
   },
   "properties": {
    "name": null,
    "kind": "stream",
    "source": "N50 Kartdata, Kartverket, CC BY 4.0"
   }
  },
  {
   "type": "Feature",
   "geometry": {
    "type": "LineString",
    "coordinates": [
     [173005.15,6828774.29],
     [172968.53,6828775.21],
     [172930.78,6828761.08],
     [172900.66,6828767.9]
    ]
   },
   "properties": {
    "name": null,
    "kind": "stream",
    "source": "N50 Kartdata, Kartverket, CC BY 4.0"
   }
  },
  {
   "type": "Feature",
   "geometry": {
    "type": "LineString",
    "coordinates": [
     [162481.03,6827687.45],
     [162482.37,6827714.24],
     [162460.88,6827768.98],
     [162446.68,6827785.99]
    ]
   },
   "properties": {
    "name": null,
    "kind": "stream",
    "source": "N50 Kartdata, Kartverket, CC BY 4.0"
   }
  },
  {
   "type": "Feature",
   "geometry": {
    "type": "LineString",
    "coordinates": [
     [173201.61,6840487.94],
     [173212.56,6840462.22],
     [173255.78,6840450.51],
     [173272.68,6840420.56]
    ]
   },
   "properties": {
    "name": null,
    "kind": "stream",
    "source": "N50 Kartdata, Kartverket, CC BY 4.0"
   }
  },
  {
   "type": "Feature",
   "geometry": {
    "type": "LineString",
    "coordinates": [
     [173093.26,6828724.83],
     [173063.03,6828729.8],
     [173039.68,6828761.86],
     [173005.15,6828774.29]
    ]
   },
   "properties": {
    "name": null,
    "kind": "stream",
    "source": "N50 Kartdata, Kartverket, CC BY 4.0"
   }
  },
  {
   "type": "Feature",
   "geometry": {
    "type": "LineString",
    "coordinates": [
     [172820.97,6840444.01],
     [172833.83,6840431.8],
     [172835.05,6840399.98],
     [172853.15,6840347.02]
    ]
   },
   "properties": {
    "name": null,
    "kind": "stream",
    "source": "N50 Kartdata, Kartverket, CC BY 4.0"
   }
  },
  {
   "type": "Feature",
   "geometry": {
    "type": "LineString",
    "coordinates": [
     [173121.34,6840514.22],
     [173131.38,6840499.54],
     [173190.93,6840511.21],
     [173201.61,6840487.94]
    ]
   },
   "properties": {
    "name": null,
    "kind": "stream",
    "source": "N50 Kartdata, Kartverket, CC BY 4.0"
   }
  },
  {
   "type": "Feature",
   "geometry": {
    "type": "LineString",
    "coordinates": [
     [165810.59,6841593.36],
     [165839.61,6841557.02],
     [165830.67,6841500.78]
    ]
   },
   "properties": {
    "name": null,
    "kind": "stream",
    "source": "N50 Kartdata, Kartverket, CC BY 4.0"
   }
  },
  {
   "type": "Feature",
   "geometry": {
    "type": "LineString",
    "coordinates": [
     [173427.8,6842873.31],
     [173438.26,6842836.16],
     [173460.46,6842809.0],
     [173464.82,6842780.0]
    ]
   },
   "properties": {
    "name": null,
    "kind": "stream",
    "source": "N50 Kartdata, Kartverket, CC BY 4.0"
   }
  },
  {
   "type": "Feature",
   "geometry": {
    "type": "LineString",
    "coordinates": [
     [160448.38,6842252.55],
     [160450.73,6842318.33],
     [160463.76,6842351.88]
    ]
   },
   "properties": {
    "name": null,
    "kind": "stream",
    "source": "N50 Kartdata, Kartverket, CC BY 4.0"
   }
  },
  {
   "type": "Feature",
   "geometry": {
    "type": "LineString",
    "coordinates": [
     [172910.7,6840036.21],
     [172926.94,6840066.28],
     [172915.19,6840087.62],
     [172944.76,6840089.63],
     [172955.27,6840081.27]
    ]
   },
   "properties": {
    "name": null,
    "kind": "stream",
    "source": "N50 Kartdata, Kartverket, CC BY 4.0"
   }
  },
  {
   "type": "Feature",
   "geometry": {
    "type": "LineString",
    "coordinates": [
     [173373.69,6842953.3],
     [173390.83,6842931.27],
     [173411.89,6842919.35],
     [173427.8,6842873.31]
    ]
   },
   "properties": {
    "name": null,
    "kind": "stream",
    "source": "N50 Kartdata, Kartverket, CC BY 4.0"
   }
  },
  {
   "type": "Feature",
   "geometry": {
    "type": "LineString",
    "coordinates": [
     [172833.96,6839982.17],
     [172883.33,6839994.53],
     [172910.7,6840036.21]
    ]
   },
   "properties": {
    "name": null,
    "kind": "stream",
    "source": "N50 Kartdata, Kartverket, CC BY 4.0"
   }
  },
  {
   "type": "Feature",
   "geometry": {
    "type": "LineString",
    "coordinates": [
     [170084.49,6830563.12],
     [170105.37,6830545.61],
     [170105.52,6830522.33],
     [170131.49,6830479.54]
    ]
   },
   "properties": {
    "name": null,
    "kind": "stream",
    "source": "N50 Kartdata, Kartverket, CC BY 4.0"
   }
  },
  {
   "type": "Feature",
   "geometry": {
    "type": "LineString",
    "coordinates": [
     [167938.65,6836383.18],
     [167921.53,6836412.19],
     [167924.39,6836449.03],
     [167897.39,6836460.68]
    ]
   },
   "properties": {
    "name": null,
    "kind": "stream",
    "source": "N50 Kartdata, Kartverket, CC BY 4.0"
   }
  },
  {
   "type": "Feature",
   "geometry": {
    "type": "LineString",
    "coordinates": [
     [168352.12,6840376.3],
     [168393.32,6840405.92],
     [168423.03,6840442.05]
    ]
   },
   "properties": {
    "name": null,
    "kind": "stream",
    "source": "N50 Kartdata, Kartverket, CC BY 4.0"
   }
  },
  {
   "type": "Feature",
   "geometry": {
    "type": "LineString",
    "coordinates": [
     [165678.93,6828674.08],
     [165588.92,6828711.14]
    ]
   },
   "properties": {
    "name": null,
    "kind": "stream",
    "source": "N50 Kartdata, Kartverket, CC BY 4.0"
   }
  },
  {
   "type": "Feature",
   "geometry": {
    "type": "LineString",
    "coordinates": [
     [163050.93,6843264.0],
     [163095.57,6843251.12],
     [163122.63,6843254.71],
     [163142.9,6843264.0]
    ]
   },
   "properties": {
    "name": null,
    "kind": "stream",
    "source": "N50 Kartdata, Kartverket, CC BY 4.0"
   }
  },
  {
   "type": "Feature",
   "geometry": {
    "type": "LineString",
    "coordinates": [
     [172135.27,6843019.55],
     [172072.56,6842948.3]
    ]
   },
   "properties": {
    "name": null,
    "kind": "stream",
    "source": "N50 Kartdata, Kartverket, CC BY 4.0"
   }
  },
  {
   "type": "Feature",
   "geometry": {
    "type": "LineString",
    "coordinates": [
     [166822.16,6834526.69],
     [166816.85,6834517.02],
     [166763.28,6834501.67],
     [166749.96,6834477.06]
    ]
   },
   "properties": {
    "name": null,
    "kind": "stream",
    "source": "N50 Kartdata, Kartverket, CC BY 4.0"
   }
  },
  {
   "type": "Feature",
   "geometry": {
    "type": "LineString",
    "coordinates": [
     [162782.08,6827403.77],
     [162766.27,6827415.95],
     [162692.13,6827419.68]
    ]
   },
   "properties": {
    "name": null,
    "kind": "stream",
    "source": "N50 Kartdata, Kartverket, CC BY 4.0"
   }
  },
  {
   "type": "Feature",
   "geometry": {
    "type": "LineString",
    "coordinates": [
     [160282.81,6835197.8],
     [160289.86,6835186.93],
     [160295.21,6835106.16]
    ]
   },
   "properties": {
    "name": null,
    "kind": "stream",
    "source": "N50 Kartdata, Kartverket, CC BY 4.0"
   }
  },
  {
   "type": "Feature",
   "geometry": {
    "type": "LineString",
    "coordinates": [
     [171141.28,6832397.02],
     [171112.64,6832397.87],
     [171102.07,6832427.31],
     [171075.13,6832447.52]
    ]
   },
   "properties": {
    "name": null,
    "kind": "stream",
    "source": "N50 Kartdata, Kartverket, CC BY 4.0"
   }
  },
  {
   "type": "Feature",
   "geometry": {
    "type": "LineString",
    "coordinates": [
     [165577.1,6841275.21],
     [165628.86,6841242.26],
     [165658.04,6841254.29]
    ]
   },
   "properties": {
    "name": null,
    "kind": "stream",
    "source": "N50 Kartdata, Kartverket, CC BY 4.0"
   }
  },
  {
   "type": "Feature",
   "geometry": {
    "type": "LineString",
    "coordinates": [
     [161346.56,6833948.39],
     [161331.94,6833961.21],
     [161329.3,6833984.03],
     [161345.04,6834012.34],
     [161345.57,6834030.26]
    ]
   },
   "properties": {
    "name": null,
    "kind": "stream",
    "source": "N50 Kartdata, Kartverket, CC BY 4.0"
   }
  },
  {
   "type": "Feature",
   "geometry": {
    "type": "LineString",
    "coordinates": [
     [163788.36,6843264.0],
     [163791.04,6843258.57],
     [163793.66,6843234.12],
     [163838.1,6843191.11]
    ]
   },
   "properties": {
    "name": null,
    "kind": "stream",
    "source": "N50 Kartdata, Kartverket, CC BY 4.0"
   }
  },
  {
   "type": "Feature",
   "geometry": {
    "type": "LineString",
    "coordinates": [
     [173535.08,6837497.97],
     [173578.92,6837440.81],
     [173578.23,6837421.82]
    ]
   },
   "properties": {
    "name": null,
    "kind": "stream",
    "source": "N50 Kartdata, Kartverket, CC BY 4.0"
   }
  },
  {
   "type": "Feature",
   "geometry": {
    "type": "LineString",
    "coordinates": [
     [173037.39,6840541.61],
     [173098.04,6840531.83],
     [173121.34,6840514.22]
    ]
   },
   "properties": {
    "name": null,
    "kind": "stream",
    "source": "N50 Kartdata, Kartverket, CC BY 4.0"
   }
  },
  {
   "type": "Feature",
   "geometry": {
    "type": "LineString",
    "coordinates": [
     [172882.15,6838074.49],
     [172887.59,6838102.11],
     [172920.39,6838155.27]
    ]
   },
   "properties": {
    "name": null,
    "kind": "stream",
    "source": "N50 Kartdata, Kartverket, CC BY 4.0"
   }
  },
  {
   "type": "Feature",
   "geometry": {
    "type": "LineString",
    "coordinates": [
     [173099.79,6840312.92],
     [173147.81,6840303.75],
     [173152.81,6840295.25],
     [173183.52,6840297.28]
    ]
   },
   "properties": {
    "name": null,
    "kind": "stream",
    "source": "N50 Kartdata, Kartverket, CC BY 4.0"
   }
  },
  {
   "type": "Feature",
   "geometry": {
    "type": "LineString",
    "coordinates": [
     [165821.94,6828665.85],
     [165785.02,6828650.27],
     [165737.36,6828663.43]
    ]
   },
   "properties": {
    "name": null,
    "kind": "stream",
    "source": "N50 Kartdata, Kartverket, CC BY 4.0"
   }
  },
  {
   "type": "Feature",
   "geometry": {
    "type": "LineString",
    "coordinates": [
     [156347.01,6833730.72],
     [156315.7,6833710.64],
     [156263.63,6833709.38]
    ]
   },
   "properties": {
    "name": null,
    "kind": "stream",
    "source": "N50 Kartdata, Kartverket, CC BY 4.0"
   }
  },
  {
   "type": "Feature",
   "geometry": {
    "type": "LineString",
    "coordinates": [
     [165420.31,6832392.84],
     [165332.12,6832381.13]
    ]
   },
   "properties": {
    "name": null,
    "kind": "stream",
    "source": "N50 Kartdata, Kartverket, CC BY 4.0"
   }
  },
  {
   "type": "Feature",
   "geometry": {
    "type": "LineString",
    "coordinates": [
     [174368.4,6833335.13],
     [174407.77,6833335.46],
     [174451.26,6833312.06]
    ]
   },
   "properties": {
    "name": null,
    "kind": "stream",
    "source": "N50 Kartdata, Kartverket, CC BY 4.0"
   }
  },
  {
   "type": "Feature",
   "geometry": {
    "type": "LineString",
    "coordinates": [
     [163167.86,6843103.25],
     [163150.28,6843156.7],
     [163150.34,6843189.18]
    ]
   },
   "properties": {
    "name": null,
    "kind": "stream",
    "source": "N50 Kartdata, Kartverket, CC BY 4.0"
   }
  },
  {
   "type": "Feature",
   "geometry": {
    "type": "LineString",
    "coordinates": [
     [172650.36,6834673.43],
     [172671.1,6834680.85],
     [172671.7,6834670.92],
     [172685.28,6834665.97],
     [172710.4,6834632.37]
    ]
   },
   "properties": {
    "name": null,
    "kind": "stream",
    "source": "N50 Kartdata, Kartverket, CC BY 4.0"
   }
  },
  {
   "type": "Feature",
   "geometry": {
    "type": "LineString",
    "coordinates": [
     [160723.84,6837213.62],
     [160790.94,6837156.49]
    ]
   },
   "properties": {
    "name": null,
    "kind": "stream",
    "source": "N50 Kartdata, Kartverket, CC BY 4.0"
   }
  },
  {
   "type": "Feature",
   "geometry": {
    "type": "LineString",
    "coordinates": [
     [167478.14,6842475.86],
     [167501.2,6842450.13],
     [167525.52,6842403.43]
    ]
   },
   "properties": {
    "name": null,
    "kind": "stream",
    "source": "N50 Kartdata, Kartverket, CC BY 4.0"
   }
  },
  {
   "type": "Feature",
   "geometry": {
    "type": "LineString",
    "coordinates": [
     [161170.09,6842645.07],
     [161240.35,6842696.7]
    ]
   },
   "properties": {
    "name": null,
    "kind": "stream",
    "source": "N50 Kartdata, Kartverket, CC BY 4.0"
   }
  },
  {
   "type": "Feature",
   "geometry": {
    "type": "LineString",
    "coordinates": [
     [162462.48,6831059.07],
     [162436.79,6831010.12],
     [162440.19,6830978.97]
    ]
   },
   "properties": {
    "name": null,
    "kind": "stream",
    "source": "N50 Kartdata, Kartverket, CC BY 4.0"
   }
  },
  {
   "type": "Feature",
   "geometry": {
    "type": "LineString",
    "coordinates": [
     [169230.04,6841071.94],
     [169224.41,6841059.26],
     [169199.4,6841045.7],
     [169174.73,6841008.95]
    ]
   },
   "properties": {
    "name": null,
    "kind": "stream",
    "source": "N50 Kartdata, Kartverket, CC BY 4.0"
   }
  },
  {
   "type": "Feature",
   "geometry": {
    "type": "LineString",
    "coordinates": [
     [176307.25,6833231.83],
     [176383.93,6833192.09]
    ]
   },
   "properties": {
    "name": null,
    "kind": "stream",
    "source": "N50 Kartdata, Kartverket, CC BY 4.0"
   }
  },
  {
   "type": "Feature",
   "geometry": {
    "type": "LineString",
    "coordinates": [
     [167558.85,6841772.45],
     [167547.84,6841742.3],
     [167562.02,6841689.96]
    ]
   },
   "properties": {
    "name": null,
    "kind": "stream",
    "source": "N50 Kartdata, Kartverket, CC BY 4.0"
   }
  },
  {
   "type": "Feature",
   "geometry": {
    "type": "LineString",
    "coordinates": [
     [173472.48,6842786.33],
     [173492.94,6842807.44],
     [173504.14,6842861.62]
    ]
   },
   "properties": {
    "name": null,
    "kind": "stream",
    "source": "N50 Kartdata, Kartverket, CC BY 4.0"
   }
  },
  {
   "type": "Feature",
   "geometry": {
    "type": "LineString",
    "coordinates": [
     [156533.75,6840989.5],
     [156522.43,6841009.24],
     [156523.64,6841070.17]
    ]
   },
   "properties": {
    "name": null,
    "kind": "stream",
    "source": "N50 Kartdata, Kartverket, CC BY 4.0"
   }
  },
  {
   "type": "Feature",
   "geometry": {
    "type": "LineString",
    "coordinates": [
     [174187.43,6827163.34],
     [174185.5,6827131.0],
     [174195.41,6827081.26]
    ]
   },
   "properties": {
    "name": null,
    "kind": "stream",
    "source": "N50 Kartdata, Kartverket, CC BY 4.0"
   }
  },
  {
   "type": "Feature",
   "geometry": {
    "type": "LineString",
    "coordinates": [
     [169908.69,6828722.52],
     [169880.08,6828644.53]
    ]
   },
   "properties": {
    "name": null,
    "kind": "stream",
    "source": "N50 Kartdata, Kartverket, CC BY 4.0"
   }
  },
  {
   "type": "Feature",
   "geometry": {
    "type": "LineString",
    "coordinates": [
     [160781.73,6835115.33],
     [160716.71,6835064.77]
    ]
   },
   "properties": {
    "name": null,
    "kind": "stream",
    "source": "N50 Kartdata, Kartverket, CC BY 4.0"
   }
  },
  {
   "type": "Feature",
   "geometry": {
    "type": "LineString",
    "coordinates": [
     [160716.71,6835064.77],
     [160664.17,6835003.12]
    ]
   },
   "properties": {
    "name": null,
    "kind": "stream",
    "source": "N50 Kartdata, Kartverket, CC BY 4.0"
   }
  },
  {
   "type": "Feature",
   "geometry": {
    "type": "LineString",
    "coordinates": [
     [173024.25,6840566.92],
     [173046.72,6840549.41],
     [173097.96,6840558.43]
    ]
   },
   "properties": {
    "name": null,
    "kind": "stream",
    "source": "N50 Kartdata, Kartverket, CC BY 4.0"
   }
  },
  {
   "type": "Feature",
   "geometry": {
    "type": "LineString",
    "coordinates": [
     [162597.71,6843247.11],
     [162625.5,6843248.08],
     [162675.64,6843264.0]
    ]
   },
   "properties": {
    "name": null,
    "kind": "stream",
    "source": "N50 Kartdata, Kartverket, CC BY 4.0"
   }
  },
  {
   "type": "Feature",
   "geometry": {
    "type": "LineString",
    "coordinates": [
     [173680.4,6843122.94],
     [173657.73,6843046.13]
    ]
   },
   "properties": {
    "name": null,
    "kind": "stream",
    "source": "N50 Kartdata, Kartverket, CC BY 4.0"
   }
  },
  {
   "type": "Feature",
   "geometry": {
    "type": "LineString",
    "coordinates": [
     [173630.65,6833600.08],
     [173675.67,6833616.28],
     [173706.5,6833614.88]
    ]
   },
   "properties": {
    "name": null,
    "kind": "stream",
    "source": "N50 Kartdata, Kartverket, CC BY 4.0"
   }
  },
  {
   "type": "Feature",
   "geometry": {
    "type": "LineString",
    "coordinates": [
     [163196.02,6843161.85],
     [163207.43,6843174.89],
     [163210.07,6843194.26],
     [163201.29,6843235.05]
    ]
   },
   "properties": {
    "name": null,
    "kind": "stream",
    "source": "N50 Kartdata, Kartverket, CC BY 4.0"
   }
  },
  {
   "type": "Feature",
   "geometry": {
    "type": "LineString",
    "coordinates": [
     [162716.64,6843264.0],
     [162746.07,6843254.03],
     [162792.5,6843264.0]
    ]
   },
   "properties": {
    "name": null,
    "kind": "stream",
    "source": "N50 Kartdata, Kartverket, CC BY 4.0"
   }
  },
  {
   "type": "Feature",
   "geometry": {
    "type": "LineString",
    "coordinates": [
     [162427.55,6838332.59],
     [162505.41,6838322.82]
    ]
   },
   "properties": {
    "name": null,
    "kind": "stream",
    "source": "N50 Kartdata, Kartverket, CC BY 4.0"
   }
  },
  {
   "type": "Feature",
   "geometry": {
    "type": "LineString",
    "coordinates": [
     [167845.95,6841707.43],
     [167903.82,6841654.5]
    ]
   },
   "properties": {
    "name": null,
    "kind": "stream",
    "source": "N50 Kartdata, Kartverket, CC BY 4.0"
   }
  },
  {
   "type": "Feature",
   "geometry": {
    "type": "LineString",
    "coordinates": [
     [171328.28,6839440.27],
     [171373.15,6839469.78],
     [171396.45,6839462.54]
    ]
   },
   "properties": {
    "name": null,
    "kind": "stream",
    "source": "N50 Kartdata, Kartverket, CC BY 4.0"
   }
  },
  {
   "type": "Feature",
   "geometry": {
    "type": "LineString",
    "coordinates": [
     [162908.02,6834918.79],
     [162937.47,6834846.73]
    ]
   },
   "properties": {
    "name": null,
    "kind": "stream",
    "source": "N50 Kartdata, Kartverket, CC BY 4.0"
   }
  },
  {
   "type": "Feature",
   "geometry": {
    "type": "LineString",
    "coordinates": [
     [173196.82,6840437.21],
     [173272.68,6840420.56]
    ]
   },
   "properties": {
    "name": null,
    "kind": "stream",
    "source": "N50 Kartdata, Kartverket, CC BY 4.0"
   }
  },
  {
   "type": "Feature",
   "geometry": {
    "type": "LineString",
    "coordinates": [
     [175595.75,6839661.71],
     [175616.5,6839734.18]
    ]
   },
   "properties": {
    "name": null,
    "kind": "stream",
    "source": "N50 Kartdata, Kartverket, CC BY 4.0"
   }
  },
  {
   "type": "Feature",
   "geometry": {
    "type": "LineString",
    "coordinates": [
     [175040.59,6839601.48],
     [175057.9,6839674.19]
    ]
   },
   "properties": {
    "name": null,
    "kind": "stream",
    "source": "N50 Kartdata, Kartverket, CC BY 4.0"
   }
  },
  {
   "type": "Feature",
   "geometry": {
    "type": "LineString",
    "coordinates": [
     [173588.84,6840483.48],
     [173524.83,6840446.6]
    ]
   },
   "properties": {
    "name": null,
    "kind": "stream",
    "source": "N50 Kartdata, Kartverket, CC BY 4.0"
   }
  },
  {
   "type": "Feature",
   "geometry": {
    "type": "LineString",
    "coordinates": [
     [162200.5,6835872.65],
     [162222.4,6835909.93],
     [162229.2,6835939.51]
    ]
   },
   "properties": {
    "name": null,
    "kind": "stream",
    "source": "N50 Kartdata, Kartverket, CC BY 4.0"
   }
  },
  {
   "type": "Feature",
   "geometry": {
    "type": "LineString",
    "coordinates": [
     [171377.72,6842568.69],
     [171401.14,6842523.35],
     [171401.37,6842502.8]
    ]
   },
   "properties": {
    "name": null,
    "kind": "stream",
    "source": "N50 Kartdata, Kartverket, CC BY 4.0"
   }
  },
  {
   "type": "Feature",
   "geometry": {
    "type": "LineString",
    "coordinates": [
     [162783.86,6841977.4],
     [162802.1,6841998.49],
     [162812.52,6842038.24]
    ]
   },
   "properties": {
    "name": null,
    "kind": "stream",
    "source": "N50 Kartdata, Kartverket, CC BY 4.0"
   }
  },
  {
   "type": "Feature",
   "geometry": {
    "type": "LineString",
    "coordinates": [
     [163727.61,6843011.58],
     [163726.26,6842942.82]
    ]
   },
   "properties": {
    "name": null,
    "kind": "stream",
    "source": "N50 Kartdata, Kartverket, CC BY 4.0"
   }
  },
  {
   "type": "Feature",
   "geometry": {
    "type": "LineString",
    "coordinates": [
     [156530.49,6833784.26],
     [156563.33,6833724.63]
    ]
   },
   "properties": {
    "name": null,
    "kind": "stream",
    "source": "N50 Kartdata, Kartverket, CC BY 4.0"
   }
  },
  {
   "type": "Feature",
   "geometry": {
    "type": "LineString",
    "coordinates": [
     [160661.31,6835070.21],
     [160664.17,6835003.12]
    ]
   },
   "properties": {
    "name": null,
    "kind": "stream",
    "source": "N50 Kartdata, Kartverket, CC BY 4.0"
   }
  },
  {
   "type": "Feature",
   "geometry": {
    "type": "LineString",
    "coordinates": [
     [162534.14,6843238.22],
     [162578.42,6843235.39],
     [162597.71,6843247.11]
    ]
   },
   "properties": {
    "name": null,
    "kind": "stream",
    "source": "N50 Kartdata, Kartverket, CC BY 4.0"
   }
  },
  {
   "type": "Feature",
   "geometry": {
    "type": "LineString",
    "coordinates": [
     [173183.52,6840297.28],
     [173245.25,6840271.87]
    ]
   },
   "properties": {
    "name": null,
    "kind": "stream",
    "source": "N50 Kartdata, Kartverket, CC BY 4.0"
   }
  },
  {
   "type": "Feature",
   "geometry": {
    "type": "LineString",
    "coordinates": [
     [172972.96,6827434.59],
     [172992.13,6827370.88]
    ]
   },
   "properties": {
    "name": null,
    "kind": "stream",
    "source": "N50 Kartdata, Kartverket, CC BY 4.0"
   }
  },
  {
   "type": "Feature",
   "geometry": {
    "type": "LineString",
    "coordinates": [
     [171905.65,6827434.39],
     [171948.78,6827456.94],
     [171966.59,6827456.99]
    ]
   },
   "properties": {
    "name": null,
    "kind": "stream",
    "source": "N50 Kartdata, Kartverket, CC BY 4.0"
   }
  },
  {
   "type": "Feature",
   "geometry": {
    "type": "LineString",
    "coordinates": [
     [171994.83,6842846.01],
     [172008.38,6842784.07]
    ]
   },
   "properties": {
    "name": null,
    "kind": "stream",
    "source": "N50 Kartdata, Kartverket, CC BY 4.0"
   }
  },
  {
   "type": "Feature",
   "geometry": {
    "type": "LineString",
    "coordinates": [
     [174195.41,6827081.26],
     [174225.72,6827025.94]
    ]
   },
   "properties": {
    "name": null,
    "kind": "stream",
    "source": "N50 Kartdata, Kartverket, CC BY 4.0"
   }
  },
  {
   "type": "Feature",
   "geometry": {
    "type": "LineString",
    "coordinates": [
     [174355.72,6830384.81],
     [174322.29,6830437.46]
    ]
   },
   "properties": {
    "name": null,
    "kind": "stream",
    "source": "N50 Kartdata, Kartverket, CC BY 4.0"
   }
  },
  {
   "type": "Feature",
   "geometry": {
    "type": "LineString",
    "coordinates": [
     [174158.53,6827217.88],
     [174187.43,6827163.34]
    ]
   },
   "properties": {
    "name": null,
    "kind": "stream",
    "source": "N50 Kartdata, Kartverket, CC BY 4.0"
   }
  },
  {
   "type": "Feature",
   "geometry": {
    "type": "LineString",
    "coordinates": [
     [157793.85,6833279.42],
     [157732.4,6833283.72]
    ]
   },
   "properties": {
    "name": null,
    "kind": "stream",
    "source": "N50 Kartdata, Kartverket, CC BY 4.0"
   }
  },
  {
   "type": "Feature",
   "geometry": {
    "type": "LineString",
    "coordinates": [
     [157747.21,6834691.69],
     [157743.0,6834737.45],
     [157735.38,6834749.04]
    ]
   },
   "properties": {
    "name": null,
    "kind": "stream",
    "source": "N50 Kartdata, Kartverket, CC BY 4.0"
   }
  },
  {
   "type": "Feature",
   "geometry": {
    "type": "LineString",
    "coordinates": [
     [158777.7,6835952.93],
     [158771.94,6835893.82]
    ]
   },
   "properties": {
    "name": null,
    "kind": "stream",
    "source": "N50 Kartdata, Kartverket, CC BY 4.0"
   }
  },
  {
   "type": "Feature",
   "geometry": {
    "type": "LineString",
    "coordinates": [
     [164166.11,6843216.84],
     [164109.49,6843201.21]
    ]
   },
   "properties": {
    "name": null,
    "kind": "stream",
    "source": "N50 Kartdata, Kartverket, CC BY 4.0"
   }
  },
  {
   "type": "Feature",
   "geometry": {
    "type": "LineString",
    "coordinates": [
     [172597.39,6834694.93],
     [172650.36,6834673.43]
    ]
   },
   "properties": {
    "name": null,
    "kind": "stream",
    "source": "N50 Kartdata, Kartverket, CC BY 4.0"
   }
  },
  {
   "type": "Feature",
   "geometry": {
    "type": "LineString",
    "coordinates": [
     [174964.25,6839244.29],
     [175006.44,6839281.87]
    ]
   },
   "properties": {
    "name": null,
    "kind": "stream",
    "source": "N50 Kartdata, Kartverket, CC BY 4.0"
   }
  },
  {
   "type": "Feature",
   "geometry": {
    "type": "LineString",
    "coordinates": [
     [175155.23,6843163.16],
     [175209.4,6843152.46]
    ]
   },
   "properties": {
    "name": null,
    "kind": "stream",
    "source": "N50 Kartdata, Kartverket, CC BY 4.0"
   }
  },
  {
   "type": "Feature",
   "geometry": {
    "type": "LineString",
    "coordinates": [
     [174315.52,6833349.65],
     [174368.4,6833335.13]
    ]
   },
   "properties": {
    "name": null,
    "kind": "stream",
    "source": "N50 Kartdata, Kartverket, CC BY 4.0"
   }
  },
  {
   "type": "Feature",
   "geometry": {
    "type": "LineString",
    "coordinates": [
     [155922.37,6836899.8],
     [155911.52,6836860.2],
     [155904.0,6836849.41]
    ]
   },
   "properties": {
    "name": null,
    "kind": "stream",
    "source": "N50 Kartdata, Kartverket, CC BY 4.0"
   }
  },
  {
   "type": "Feature",
   "geometry": {
    "type": "LineString",
    "coordinates": [
     [160007.77,6836648.8],
     [159954.73,6836656.51]
    ]
   },
   "properties": {
    "name": null,
    "kind": "stream",
    "source": "N50 Kartdata, Kartverket, CC BY 4.0"
   }
  },
  {
   "type": "Feature",
   "geometry": {
    "type": "LineString",
    "coordinates": [
     [155904.0,6840960.57],
     [155925.19,6840977.52],
     [155946.73,6840962.88]
    ]
   },
   "properties": {
    "name": null,
    "kind": "stream",
    "source": "N50 Kartdata, Kartverket, CC BY 4.0"
   }
  },
  {
   "type": "Feature",
   "geometry": {
    "type": "LineString",
    "coordinates": [
     [155946.4,6841012.13],
     [155954.01,6841001.61],
     [155946.73,6840962.88]
    ]
   },
   "properties": {
    "name": null,
    "kind": "stream",
    "source": "N50 Kartdata, Kartverket, CC BY 4.0"
   }
  },
  {
   "type": "Feature",
   "geometry": {
    "type": "LineString",
    "coordinates": [
     [163183.6,6843046.78],
     [163163.76,6843095.24]
    ]
   },
   "properties": {
    "name": null,
    "kind": "stream",
    "source": "N50 Kartdata, Kartverket, CC BY 4.0"
   }
  },
  {
   "type": "Feature",
   "geometry": {
    "type": "LineString",
    "coordinates": [
     [162945.32,6839241.2],
     [162961.99,6839191.63]
    ]
   },
   "properties": {
    "name": null,
    "kind": "stream",
    "source": "N50 Kartdata, Kartverket, CC BY 4.0"
   }
  },
  {
   "type": "Feature",
   "geometry": {
    "type": "LineString",
    "coordinates": [
     [172908.31,6835116.49],
     [172931.82,6835070.89]
    ]
   },
   "properties": {
    "name": null,
    "kind": "stream",
    "source": "N50 Kartdata, Kartverket, CC BY 4.0"
   }
  },
  {
   "type": "Feature",
   "geometry": {
    "type": "LineString",
    "coordinates": [
     [173097.96,6840558.43],
     [173112.32,6840542.26],
     [173121.34,6840514.22]
    ]
   },
   "properties": {
    "name": null,
    "kind": "stream",
    "source": "N50 Kartdata, Kartverket, CC BY 4.0"
   }
  },
  {
   "type": "Feature",
   "geometry": {
    "type": "LineString",
    "coordinates": [
     [171377.72,6842568.69],
     [171374.58,6842517.84]
    ]
   },
   "properties": {
    "name": null,
    "kind": "stream",
    "source": "N50 Kartdata, Kartverket, CC BY 4.0"
   }
  },
  {
   "type": "Feature",
   "geometry": {
    "type": "LineString",
    "coordinates": [
     [165648.99,6830357.46],
     [165598.63,6830357.36]
    ]
   },
   "properties": {
    "name": null,
    "kind": "stream",
    "source": "N50 Kartdata, Kartverket, CC BY 4.0"
   }
  },
  {
   "type": "Feature",
   "geometry": {
    "type": "Polygon",
    "coordinates": [
     [[172854.45,6833521.17],[172780.04,6833437.69],[172764.67,6833408.71],[172754.24,6833370.41],[172762.51,6833347.64],[172761.27,6833308.17],[172731.82,6833242.91],[172688.31,6833181.34],[172658.76,6833123.04],[172661.44,6833190.53],[172680.33,6833220.89],[172678.76,6833234.86],[172565.95,6833127.76],[172556.82,6833095.73],[172561.63,6833055.99],[172555.59,6833034.45],[172537.88,6832997.86],[172526.92,6832949.39],[172496.34,6832903.79],[172484.89,6832872.36],[172396.19,6832788.64],[172387.09,6832746.23],[172331.38,6832715.54],[172300.0,6832654.39],[172273.59,6832642.75],[172242.31,6832647.76],[172228.84,6832620.94],[172201.87,6832605.63],[172160.57,6832549.79],[172129.66,6832466.75],[172128.59,6832392.71],[172112.09,6832353.83],[172084.35,6832233.19],[172068.32,6832210.32],[172018.24,6832191.45],[171995.3,6832171.93],[171996.3,6832097.18],[171967.55,6832096.9],[171952.25,6832123.65],[171940.35,6832124.9],[171929.71,6832116.2],[171937.76,6832081.01],[171920.24,6832069.37],[171908.55,6832042.65],[171870.93,6832042.63],[171836.42,6832032.36],[171807.02,6832036.16],[171786.92,6832023.73],[171750.22,6832017.89],[171712.63,6832026.33],[171695.43,6832009.29],[171687.35,6831955.49],[171651.24,6831939.6],[171586.65,6831957.67],[171575.62,6831967.85],[171509.38,6831976.81],[171477.43,6831959.71],[171429.82,6831917.68],[171422.48,6831919.27],[171426.9,6831979.6],[171414.85,6831980.26],[171378.82,6831959.12],[171362.36,6831991.38],[171366.1,6832018.8],[171406.45,6832057.93],[171441.04,6832049.97],[171486.74,6832057.47],[171494.37,6832071.68],[171489.69,6832089.51],[171523.8,6832069.25],[171577.08,6832085.35],[171638.17,6832071.56],[171643.75,6832077.06],[171637.54,6832092.91],[171605.99,6832106.67],[171545.13,6832160.55],[171517.76,6832219.27],[171513.2,6832305.96],[171527.16,6832385.21],[171519.24,6832405.13],[171518.67,6832446.17],[171507.03,6832468.11],[171430.13,6832517.96],[171384.21,6832525.0],[171375.61,6832536.45],[171378.26,6832544.01],[171389.03,6832544.61],[171413.38,6832530.69],[171469.13,6832531.66],[171497.63,6832516.49],[171519.67,6832516.38],[171531.83,6832574.09],[171504.04,6832612.87],[171464.54,6832634.37],[171441.41,6832658.38],[171419.87,6832663.69],[171401.08,6832704.44],[171383.15,6832719.22],[171327.74,6832703.15],[171297.5,6832707.89],[171259.97,6832748.69],[171247.13,6832751.82],[171143.6,6832920.3],[171155.17,6832960.51],[171072.36,6833028.16],[171078.33,6833059.55],[171059.33,6833075.1],[171047.95,6833101.18],[171001.85,6833112.05],[171001.97,6833178.54],[170983.21,6833180.36],[170974.69,6833197.77],[170949.75,6833210.79],[170932.47,6833241.45],[170892.22,6833283.66],[170902.23,6833297.48],[170895.28,6833311.72],[170947.91,6833346.41],[170974.92,6833325.83],[171044.58,6833221.56],[171062.77,6833167.41],[171123.93,6833057.8],[171138.46,6833040.65],[171159.36,6833036.54],[171164.73,6833014.31],[171194.46,6832968.42],[171203.28,6832922.34],[171230.18,6832918.02],[171230.6,6832903.83],[171240.62,6832900.08],[171241.03,6832883.88],[171252.62,6832876.51],[171258.04,6832858.58],[171259.07,6832821.11],[171272.03,6832815.61],[171309.76,6832833.07],[171325.2,6832783.92],[171383.96,6832765.66],[171402.23,6832766.87],[171403.58,6832752.11],[171443.1,6832727.8],[171508.78,6832727.55],[171548.17,6832754.83],[171566.81,6832752.44],[171581.13,6832733.76],[171582.68,6832688.93],[171608.77,6832657.7],[171607.48,6832618.07],[171638.43,6832627.29],[171647.83,6832573.75],[171681.47,6832559.49],[171685.74,6832537.8],[171715.07,6832514.15],[171741.97,6832463.56],[171748.7,6832431.88],[171756.01,6832431.46],[171760.67,6832457.19],[171767.79,6832458.25],[171781.52,6832424.62],[171799.34,6832428.07],[171817.08,6832408.34],[171834.88,6832404.34],[171902.81,6832468.43],[171925.01,6832512.59],[171995.9,6832519.71],[172048.91,6832571.27],[172082.97,6832624.27],[172134.35,6832660.63],[172154.15,6832672.3],[172178.44,6832666.09],[172223.21,6832687.37],[172259.69,6832682.68],[172283.79,6832695.48],[172298.82,6832717.56],[172320.49,6832729.83],[172333.18,6832810.3],[172414.96,6832890.89],[172443.8,6832910.1],[172459.25,6832940.39],[172477.51,6832950.3],[172497.9,6833001.14],[172476.57,6833016.45],[172476.75,6833023.63],[172501.1,6833057.11],[172547.56,6833219.98],[172571.36,6833266.37],[172626.19,6833339.73],[172652.08,6833362.81],[172662.96,6833422.28],[172671.24,6833423.74],[172674.52,6833406.75],[172689.76,6833413.04],[172681.22,6833439.64],[172706.37,6833464.23],[172707.36,6833481.96],[172695.91,6833500.38],[172704.46,6833538.51],[172748.7,6833589.86],[172743.91,6833631.34],[172771.75,6833699.85],[172812.09,6833739.23],[172891.05,6833777.71],[172911.71,6833810.04],[172931.66,6833870.2],[172923.74,6833907.98],[172938.28,6834032.37],[172947.6,6834032.85],[172960.92,6834017.18],[172964.82,6833992.21],[172984.14,6833989.9],[173007.96,6834009.34],[173021.58,6834032.99],[173130.77,6834121.04],[173169.98,6834192.12],[173213.19,6834359.62],[173268.25,6834442.73],[173351.45,6834363.67],[173288.78,6834333.78],[173278.41,6834256.24],[173252.2,6834240.96],[173223.45,6834164.58],[173213.07,6834090.73],[173198.95,6834053.73],[173149.55,6834021.97],[173112.06,6834034.03],[173072.38,6833994.91],[173070.52,6833961.78],[173040.87,6833919.14],[173085.83,6833868.85],[173084.69,6833853.31],[173057.66,6833852.36],[173022.23,6833830.66],[173017.54,6833840.94],[173024.02,6833882.74],[173015.2,6833889.96],[173003.24,6833884.25],[172986.69,6833798.68],[172971.16,6833785.61],[172973.77,6833747.63],[172955.2,6833713.84],[172959.29,6833643.14],[172933.78,6833597.71],[172947.41,6833560.82],[172944.68,6833542.51],[172936.68,6833534.4],[172927.66,6833538.89],[172919.91,6833594.58],[172891.78,6833575.24],[172854.45,6833521.17]],
     [[171720.34,6832074.39],[171718.22,6832063.45],[171739.13,6832053.98],[171736.14,6832072.68],[171720.34,6832074.39]],
     [[172729.99,6833429.2],[172727.62,6833431.22],[172713.14,6833422.96],[172709.38,6833406.82],[172715.56,6833398.54],[172724.42,6833401.46],[172729.99,6833429.2]],
     [[172113.29,6832458.29],[172104.19,6832460.64],[172099.37,6832429.81],[172107.45,6832422.82],[172114.65,6832431.78],[172113.29,6832458.29]],
     [[172771.28,6833501.82],[172800.41,6833538.11],[172769.78,6833529.59],[172759.98,6833513.64],[172763.77,6833500.3],[172771.28,6833501.82]],
     [[171576.16,6832176.39],[171601.74,6832148.92],[171591.02,6832190.74],[171576.6,6832205.01],[171566.76,6832200.61],[171576.16,6832176.39]],
     [[172629.42,6833283.97],[172665.42,6833319.6],[172625.97,6833318.11],[172608.04,6833303.61],[172607.37,6833292.92],[172629.42,6833283.97]],
     [[172073.3,6832458.24],[172087.41,6832446.12],[172094.72,6832455.38],[172096.16,6832494.41],[172112.66,6832532.27],[172067.88,6832511.19],[172065.76,6832482.55],[172073.3,6832458.24]],
     [[172591.36,6833260.61],[172565.16,6833235.56],[172552.01,6833210.01],[172554.84,6833192.19],[172574.61,6833194.26],[172638.62,6833246.99],[172673.94,6833288.4],[172675.48,6833305.95],[172662.62,6833301.68],[172639.39,6833268.22],[172621.08,6833258.35],[172591.36,6833260.61]],
     [[172807.8,6833721.87],[172784.22,6833692.21],[172754.55,6833620.51],[172768.9,6833605.51],[172760.8,6833581.51],[172770.51,6833565.7],[172783.88,6833571.12],[172792.53,6833587.84],[172820.44,6833589.02],[172844.28,6833600.29],[172843.64,6833633.17],[172868.62,6833643.99],[172918.68,6833692.03],[172914.95,6833712.29],[172925.4,6833794.6],[172912.76,6833774.97],[172902.06,6833775.23],[172879.56,6833750.75],[172807.8,6833721.87]],
     [[171840.81,6832358.52],[171836.71,6832330.62],[171852.82,6832299.35],[171880.32,6832288.89],[171894.0,6832239.59],[171931.83,6832229.91],[171957.14,6832232.82],[172053.89,6832284.45],[172068.76,6832311.1],[172071.99,6832401.96],[172063.74,6832415.72],[172011.64,6832406.55],[171970.73,6832416.67],[171894.41,6832418.85],[171891.82,6832407.59],[171907.8,6832399.77],[171908.19,6832391.6],[171840.81,6832358.52]],
     [[171686.82,6832256.65],[171683.82,6832235.63],[171694.45,6832235.0],[171802.07,6832266.2],[171804.72,6832276.46],[171794.37,6832282.87],[171765.61,6832262.08],[171751.11,6832261.57],[171753.41,6832284.05],[171786.5,6832293.24],[171797.26,6832312.93],[171734.92,6832366.67],[171705.07,6832404.01],[171691.8,6832427.86],[171692.76,6832463.14],[171675.47,6832470.26],[171646.63,6832509.16],[171627.9,6832483.81],[171616.69,6832481.93],[171609.65,6832450.9],[171568.54,6832396.03],[171564.69,6832312.73],[171585.4,6832280.02],[171595.07,6832281.56],[171603.73,6832268.65],[171620.68,6832230.95],[171641.07,6832145.01],[171660.0,6832115.43],[171669.91,6832113.08],[171678.96,6832183.36],[171667.61,6832215.92],[171650.0,6832234.3],[171673.0,6832261.65],[171686.82,6832256.65]],
     [[173314.15,6834366.27],[173301.49,6834371.69],[173280.3,6834362.49],[173279.3,6834348.39],[173304.28,6834354.78],[173314.15,6834366.27]]
    ]
   },
   "properties": {
    "name": null,
    "kind": "river",
    "source": "N50 Kartdata, Kartverket, CC BY 4.0"
   }
  },
  {
   "type": "Feature",
   "geometry": {
    "type": "Polygon",
    "coordinates": [
     [[166758.76,6832425.89],[166825.01,6832359.79],[166846.55,6832307.98],[166872.26,6832284.98],[166887.07,6832206.22],[166910.65,6832171.33],[167026.0,6832058.0],[167047.84,6832004.48],[167077.04,6831974.98],[167077.51,6831933.03],[167106.57,6831885.0],[167115.98,6831849.97],[167087.11,6831742.72],[167125.12,6831702.71],[167142.39,6831661.75],[167116.6,6831611.84],[167109.04,6831540.6],[167125.82,6831479.38],[167131.38,6831400.01],[167157.97,6831348.37],[167194.64,6831345.97],[167262.73,6831404.14],[167291.2,6831544.66],[167394.81,6831539.8],[167420.94,6831516.23],[167467.78,6831436.55],[167526.2,6831305.17],[167538.33,6831248.88],[167605.98,6831147.35],[167612.32,6831121.6],[167627.11,6831115.78],[167650.47,6831126.14],[167756.02,6831080.32],[167798.03,6831050.61],[167801.06,6830978.44],[167828.11,6830923.79],[167839.02,6830877.66],[167864.97,6830838.0],[167901.87,6830816.87],[167940.61,6830779.32],[167925.46,6830737.92],[167994.43,6830658.12],[168070.4,6830606.02],[168143.72,6830601.34],[168165.84,6830563.38],[168212.0,6830537.33],[168318.74,6830525.02],[168577.15,6830416.02],[168630.35,6830384.83],[168709.27,6830312.29],[168735.33,6830308.79],[168797.94,6830263.78],[168871.68,6830165.3],[168924.25,6830123.41],[168935.14,6830102.87],[168933.21,6830007.7],[168945.5,6829968.24],[169007.12,6829922.3],[169102.34,6829884.9],[169116.17,6829871.42],[169153.01,6829756.47],[169110.88,6829641.92],[169113.01,6829528.4],[169123.38,6829470.92],[169116.7,6829406.3],[169096.13,6829383.45],[169069.32,6829302.03],[169026.15,6829269.73],[168945.63,6829231.78],[168827.88,6829116.91],[168826.08,6829093.43],[168856.3,6829033.47],[168859.11,6828971.74],[168835.58,6828912.05],[168788.39,6828827.3],[168792.73,6828803.98],[168749.52,6828813.31],[168830.5,6828569.3],[168831.32,6828554.59],[168817.99,6828561.86],[168812.38,6828556.12],[168815.41,6828523.91],[168824.08,6828525.99],[168831.81,6828545.8],[168832.63,6828530.88],[168811.5,6828470.3],[168710.5,6828429.31],[168699.5,6828384.32],[168714.12,6828278.0],[168670.05,6828421.57],[168692.86,6828453.76],[168693.04,6828473.27],[168779.11,6828506.84],[168779.53,6828544.19],[168801.65,6828566.49],[168808.09,6828591.38],[168789.32,6828627.91],[168785.65,6828667.39],[168767.89,6828686.12],[168751.57,6828728.14],[168746.62,6828759.17],[168716.92,6828782.46],[168715.12,6828796.82],[168722.84,6828813.16],[168744.97,6828826.75],[168787.14,6828872.85],[168819.49,6828928.08],[168831.36,6829009.64],[168813.46,6829027.79],[168811.89,6829070.54],[168801.64,6829091.25],[168815.89,6829161.97],[168859.86,6829185.17],[168954.67,6829271.64],[169034.8,6829310.06],[169059.08,6829340.21],[169093.44,6829424.6],[169097.22,6829455.73],[169068.29,6829610.76],[169077.55,6829651.92],[169102.04,6829689.14],[169106.85,6829710.6],[169081.57,6829802.13],[169049.67,6829846.43],[168995.01,6829885.38],[168912.78,6829972.66],[168903.81,6830019.79],[168911.25,6830080.82],[168897.1,6830117.05],[168855.39,6830145.61],[168828.18,6830189.1],[168730.7,6830280.08],[168702.79,6830291.01],[168654.63,6830340.81],[168639.42,6830345.53],[168627.97,6830365.57],[168564.36,6830402.0],[168485.43,6830423.27],[168396.6,6830467.28],[168335.48,6830475.33],[168309.59,6830468.07],[168264.18,6830480.96],[168220.98,6830514.91],[168188.27,6830528.96],[168158.82,6830532.92],[168142.67,6830523.45],[168087.19,6830536.83],[168054.38,6830562.91],[168055.5,6830590.48],[168031.58,6830611.63],[167950.31,6830630.72],[167903.11,6830657.02],[167827.3,6830661.35],[167818.59,6830667.81],[167788.61,6830734.04],[167726.35,6830808.32],[167698.84,6830877.32],[167690.31,6830942.99],[167722.52,6830978.18],[167727.05,6831001.04],[167708.16,6831047.24],[167688.65,6831068.51],[167662.71,6831082.01],[167629.01,6831082.43],[167571.34,6831060.01],[167548.18,6831060.7],[167538.45,6831069.75],[167521.57,6831104.32],[167467.52,6831343.14],[167406.83,6831436.62],[167355.13,6831448.47],[167328.14,6831434.86],[167298.96,6831396.92],[167274.09,6831324.76],[167246.85,6831308.26],[167152.31,6831324.01],[167104.85,6831363.16],[167082.97,6831406.13],[167075.48,6831490.59],[167047.81,6831551.1],[166972.22,6831624.41],[166691.55,6831767.37],[166635.94,6831775.94],[166528.13,6831810.07],[166320.76,6831927.24],[166259.67,6831947.0],[166329.0,6832001.41],[166359.89,6831964.97],[166498.33,6831872.75],[166598.78,6831835.6],[166649.32,6831830.65],[166674.25,6831840.76],[166673.19,6831855.25],[166582.58,6831908.41],[166468.48,6832012.08],[166443.62,6832046.05],[166465.72,6832061.76],[166515.38,6831993.16],[166595.09,6831918.31],[166660.77,6831876.39],[166736.24,6831853.29],[166847.48,6831793.59],[166929.99,6831740.57],[166928.9,6831717.24],[166944.89,6831699.15],[167020.87,6831652.38],[167044.15,6831644.85],[167075.11,6831653.13],[167084.37,6831705.51],[167067.46,6831756.15],[167089.05,6831815.58],[167092.1,6831862.33],[167045.84,6831952.78],[166962.14,6832075.26],[166895.91,6832125.83],[166857.04,6832201.64],[166846.56,6832279.09],[166737.09,6832387.55],[166687.66,6832396.59],[166617.44,6832369.09],[166610.22,6832386.89],[166704.65,6832416.84],[166710.7,6832432.82],[166682.21,6832470.37],[166614.73,6832503.53],[166619.7,6832540.24],[166732.72,6832463.36],[166758.76,6832425.89]],
     [[167317.86,6831489.69],[167307.76,6831474.92],[167331.59,6831482.35],[167379.92,6831475.36],[167367.84,6831496.23],[167343.51,6831502.31],[167317.86,6831489.69]],
     [[166690.28,6831841.78],[166658.38,6831813.13],[166672.94,6831801.65],[166834.66,6831755.39],[166834.3,6831765.94],[166690.28,6831841.78]],
     [[168779.27,6828477.66],[168780.77,6828487.38],[168761.23,6828490.27],[168728.65,6828478.05],[168723.78,6828460.6],[168732.61,6828455.41],[168779.27,6828477.66]],
     [[169102.44,6829591.31],[169094.35,6829592.35],[169098.5,6829559.81],[169107.11,6829561.25],[169102.44,6829591.31]],
     [[169096.09,6829628.83],[169096.47,6829653.22],[169084.31,6829641.32],[169080.46,6829608.96],[169093.17,6829615.0],[169096.09,6829628.83]],
     [[169100.48,6829871.53],[169080.52,6829880.05],[169092.39,6829856.94],[169100.81,6829860.85],[169100.48,6829871.53]],
     [[168319.5,6830505.91],[168323.31,6830514.18],[168306.96,6830522.15],[168236.19,6830525.32],[168272.54,6830494.14],[168319.5,6830505.91]],
     [[168145.7,6830543.72],[168149.17,6830554.37],[168139.8,6830573.72],[168067.58,6830584.12],[168077.44,6830558.11],[168110.13,6830543.45],[168145.7,6830543.72]],
     [[167822.03,6830696.99],[167841.3,6830687.63],[167914.13,6830674.96],[167956.83,6830676.52],[167954.22,6830690.78],[167916.23,6830742.2],[167925.59,6830776.84],[167883.48,6830818.46],[167851.08,6830835.14],[167836.29,6830862.34],[167815.93,6830710.23],[167822.03,6830696.99]],
     [[167707.27,6830886.99],[167737.02,6830823.61],[167758.54,6830788.22],[167786.94,6830771.77],[167807.61,6830769.44],[167817.45,6830865.47],[167791.25,6830961.07],[167765.92,6830991.99],[167735.35,6830970.89],[167711.15,6830940.13],[167707.27,6830886.99]],
     [[167793.56,6830996.58],[167790.62,6831049.89],[167773.33,6831053.86],[167762.96,6831071.64],[167736.47,6831083.57],[167745.37,6831058.89],[167793.56,6830996.58]],
     [[167564.02,6831085.58],[167602.12,6831091.71],[167585.37,6831111.34],[167557.38,6831120.41],[167550.62,6831119.29],[167548.11,6831102.41],[167564.02,6831085.58]],
     [[167569.33,6831119.6],[167586.57,6831118.64],[167564.31,6831195.35],[167546.78,6831211.62],[167537.44,6831189.51],[167548.79,6831135.31],[167569.33,6831119.6]],
     [[167598.92,6831125.82],[167598.16,6831142.55],[167580.27,6831163.7],[167592.29,6831124.81],[167598.92,6831125.82]]
    ]
   },
   "properties": {
    "name": null,
    "kind": "river",
    "source": "N50 Kartdata, Kartverket, CC BY 4.0"
   }
  },
  {
   "type": "Feature",
   "geometry": {
    "type": "Polygon",
    "coordinates": [
     [[161176.97,6833736.35],[161134.31,6833665.89],[161131.55,6833648.07],[161114.94,6833644.99],[161119.54,6833679.76],[161162.33,6833717.4],[161167.58,6833743.37],[161153.77,6833776.41],[161120.19,6833798.88],[161090.0,6833921.61],[161034.87,6833995.05],[160989.1,6834011.89],[160933.76,6834045.29],[160901.38,6834050.57],[160863.2,6834072.58],[160850.93,6834094.16],[160778.73,6834120.3],[160714.63,6834102.59],[160587.57,6834124.76],[160511.61,6834082.28],[160425.07,6834068.61],[160400.85,6834071.05],[160375.12,6834095.0],[160362.9,6834097.17],[160349.22,6834087.87],[160321.52,6834040.42],[160278.88,6834028.6],[160198.79,6834044.35],[160093.08,6834027.65],[160045.44,6834048.5],[160020.83,6834050.88],[159956.69,6834039.24],[159937.46,6834053.34],[159912.65,6834056.78],[159904.54,6834069.21],[159889.77,6834068.01],[159875.14,6834053.09],[159834.83,6834057.3],[159797.17,6834073.73],[159740.76,6834040.76],[159696.98,6834032.98],[159655.72,6834007.4],[159599.05,6834001.68],[159437.97,6834062.39],[159434.41,6834086.13],[159417.29,6834097.63],[159352.35,6834108.89],[159314.21,6834102.09],[159282.08,6834135.08],[159285.32,6834172.7],[159270.07,6834189.96],[159144.7,6834260.13],[159104.86,6834310.6],[158993.2,6834359.23],[158945.79,6834387.97],[158764.91,6834404.3],[158596.09,6834482.53],[158427.64,6834504.1],[158384.03,6834531.33],[158305.75,6834556.11],[158282.54,6834574.8],[158227.94,6834589.94],[158146.89,6834600.38],[158028.34,6834600.11],[157863.13,6834579.14],[157839.02,6834582.34],[157792.33,6834612.97],[157744.51,6834622.71],[157710.43,6834604.21],[157647.74,6834585.94],[157623.32,6834587.79],[157602.5,6834601.79],[157461.19,6834620.6],[157398.87,6834581.89],[157355.82,6834585.16],[157309.17,6834574.2],[157245.46,6834588.42],[157182.09,6834561.56],[157123.3,6834558.13],[157076.14,6834535.51],[157036.56,6834538.05],[156980.22,6834631.59],[156934.3,6834664.8],[156917.81,6834712.16],[156897.31,6834739.39],[156811.09,6834752.7],[156758.14,6834811.52],[156694.25,6834810.49],[156671.44,6834823.13],[156614.16,6834828.67],[156564.74,6834871.09],[156516.71,6834932.59],[156448.63,6834959.99],[156431.88,6835024.29],[156427.0,6835066.34],[156436.86,6835124.02],[156424.79,6835156.42],[156388.2,6835169.87],[156306.49,6835229.45],[156091.04,6835318.91],[156016.95,6835424.68],[156005.43,6835511.26],[156033.77,6835583.93],[155997.15,6835608.79],[155979.33,6835635.45],[155979.64,6835696.02],[155920.89,6835821.94],[155904.0,6835874.49],[155904.0,6835910.05],[155930.16,6835834.1],[155993.88,6835692.89],[155988.5,6835633.57],[156038.57,6835600.63],[156050.62,6835582.19],[156019.69,6835514.39],[156031.69,6835479.07],[156031.67,6835428.74],[156096.16,6835347.47],[156126.19,6835322.64],[156168.18,6835299.54],[156199.32,6835295.18],[156261.67,6835267.06],[156332.53,6835229.22],[156383.91,6835190.83],[156451.07,6835164.08],[156458.55,6835146.17],[156446.39,6835115.39],[156441.93,6835047.55],[156458.56,6834974.08],[156518.07,6834947.47],[156573.58,6834890.7],[156690.69,6834826.57],[156724.39,6834821.51],[156752.44,6834828.48],[156799.68,6834817.37],[156829.11,6834823.05],[156865.79,6834772.15],[156908.4,6834751.33],[156966.11,6834689.45],[156985.09,6834644.7],[157038.8,6834559.59],[157091.84,6834561.47],[157119.74,6834577.45],[157166.94,6834576.33],[157202.09,6834589.49],[157233.07,6834627.25],[157227.77,6834675.18],[157272.71,6834698.33],[157432.77,6834721.84],[157483.3,6834711.45],[157510.65,6834687.71],[157580.73,6834679.92],[157696.03,6834708.86],[157713.96,6834695.02],[157773.5,6834684.08],[157839.68,6834643.69],[157879.3,6834635.14],[157905.08,6834645.02],[157914.53,6834635.52],[157906.81,6834614.56],[157921.85,6834602.57],[158103.79,6834618.65],[158312.08,6834600.19],[158353.75,6834557.78],[158402.64,6834545.82],[158457.52,6834511.88],[158508.99,6834507.59],[158541.43,6834514.02],[158689.16,6834461.65],[158723.67,6834439.39],[158778.54,6834418.96],[158829.53,6834422.65],[158907.98,6834403.79],[158942.13,6834403.08],[159102.47,6834329.51],[159125.63,6834297.75],[159240.16,6834228.31],[159293.06,6834183.74],[159303.25,6834161.35],[159292.72,6834136.75],[159313.73,6834116.33],[159339.1,6834113.33],[159363.02,6834121.34],[159407.62,6834116.15],[159441.4,6834095.11],[159446.22,6834072.95],[159510.08,6834047.96],[159615.47,6834022.88],[159647.15,6834025.46],[159705.26,6834047.14],[159790.22,6834090.83],[159861.34,6834069.7],[159882.56,6834072.09],[159912.61,6834091.45],[159953.09,6834056.13],[160056.21,6834061.82],[160109.4,6834038.0],[160204.37,6834058.7],[160287.58,6834044.34],[160315.33,6834058.32],[160341.27,6834100.54],[160367.76,6834111.94],[160419.73,6834086.03],[160512.13,6834097.99],[160558.8,6834138.52],[160576.93,6834144.22],[160679.64,6834128.32],[160710.35,6834113.29],[160778.58,6834132.81],[160858.49,6834097.69],[160861.37,6834087.77],[160902.33,6834061.45],[160963.06,6834046.41],[160975.9,6834031.85],[161016.46,6834011.51],[161072.44,6833995.54],[161103.66,6833926.98],[161137.74,6833822.39],[161193.17,6833745.79],[161230.31,6833677.55],[161234.96,6833652.42],[161217.48,6833651.03],[161176.97,6833736.35]],
     [[156955.12,6834693.25],[156936.47,6834707.54],[156951.79,6834669.49],[156967.91,6834650.31],[156975.1,6834652.51],[156955.12,6834693.25]],
     [[157503.06,6834679.69],[157454.96,6834679.19],[157472.35,6834665.49],[157509.48,6834667.97],[157503.06,6834679.69]],
     [[157491.39,6834693.55],[157454.51,6834712.61],[157422.79,6834709.07],[157457.55,6834691.04],[157491.39,6834693.55]],
     [[157322.14,6834694.15],[157291.15,6834695.72],[157273.48,6834689.59],[157241.69,6834670.23],[157239.56,6834645.67],[157250.26,6834642.98],[157289.9,6834662.25],[157323.75,6834687.48],[157322.14,6834694.15]],
     [[157292.86,6834652.81],[157263.1,6834622.34],[157333.54,6834662.3],[157381.92,6834675.18],[157420.89,6834672.01],[157444.44,6834679.65],[157411.62,6834696.9],[157374.76,6834700.62],[157292.86,6834652.81]],
     [[157541.39,6834669.65],[157494.85,6834650.68],[157441.55,6834670.33],[157379.92,6834649.34],[157296.8,6834635.18],[157236.1,6834592.93],[157329.24,6834583.88],[157362.04,6834591.81],[157398.06,6834589.14],[157460.76,6834626.16],[157623.14,6834612.88],[157640.64,6834601.69],[157670.04,6834599.08],[157700.01,6834604.89],[157750.41,6834629.99],[157794.37,6834622.43],[157843.24,6834591.79],[157862.42,6834593.19],[157695.92,6834684.66],[157665.43,6834683.49],[157636.01,6834667.74],[157574.53,6834663.82],[157541.39,6834669.65]],
     [[156853.26,6834754.64],[156873.37,6834756.3],[156857.29,6834767.64],[156832.82,6834811.0],[156801.0,6834811.03],[156797.33,6834793.85],[156805.61,6834780.8],[156853.26,6834754.64]]
    ]
   },
   "properties": {
    "name": null,
    "kind": "river",
    "source": "N50 Kartdata, Kartverket, CC BY 4.0"
   }
  },
  {
   "type": "Feature",
   "geometry": {
    "type": "Polygon",
    "coordinates": [
     [[171017.7,6840244.62],[171063.2,6840226.69],[171092.68,6840205.11],[171104.84,6840176.03],[171147.38,6840158.26],[171162.78,6840141.94],[171217.93,6840125.29],[171275.68,6840075.04],[171334.54,6840082.45],[171409.6,6840075.41],[171468.35,6840057.56],[171499.79,6840019.05],[171511.76,6840022.8],[171528.28,6840008.92],[171547.1,6840010.73],[171564.83,6839982.0],[171606.23,6839982.58],[171636.54,6840001.32],[171660.32,6840027.88],[171711.7,6840047.91],[171741.99,6840044.38],[171764.73,6840028.57],[171848.08,6840016.89],[171920.8,6840048.24],[172051.32,6840069.45],[172114.88,6840069.67],[172222.19,6840040.52],[172292.93,6840061.04],[172309.96,6840072.97],[172324.35,6840142.06],[172367.71,6840217.07],[172395.95,6840206.69],[172415.32,6840216.7],[172426.02,6840241.81],[172474.22,6840249.92],[172501.17,6840264.7],[172612.02,6840284.32],[172686.57,6840311.58],[172758.71,6840325.45],[172810.78,6840349.61],[172904.61,6840344.81],[172966.23,6840326.04],[173006.26,6840302.24],[173040.49,6840215.61],[173107.37,6840202.34],[173288.39,6840292.0],[173365.83,6840297.6],[173470.85,6840383.82],[173498.12,6840419.46],[173560.57,6840452.41],[173654.41,6840450.01],[173729.74,6840462.55],[173793.06,6840505.35],[173859.31,6840520.44],[173934.62,6840506.6],[174027.59,6840474.8],[174113.31,6840482.95],[174269.85,6840527.77],[174361.44,6840617.38],[174403.12,6840634.01],[174433.78,6840629.11],[174476.09,6840653.03],[174497.99,6840647.0],[174506.44,6840620.43],[174529.34,6840604.83],[174581.13,6840611.58],[174594.4,6840605.87],[174583.98,6840589.27],[174523.33,6840589.74],[174493.27,6840604.44],[174493.59,6840630.14],[174467.71,6840634.76],[174433.74,6840605.69],[174384.32,6840597.79],[174271.62,6840511.47],[174202.78,6840493.47],[174107.01,6840443.39],[174070.67,6840439.82],[174014.07,6840449.18],[173894.72,6840495.62],[173822.14,6840495.91],[173733.19,6840440.06],[173613.11,6840431.09],[173523.83,6840406.28],[173404.46,6840297.8],[173352.56,6840263.51],[173273.03,6840252.45],[173248.67,6840231.72],[173198.59,6840221.8],[173096.72,6840170.11],[173051.11,6840180.56],[173025.99,6840196.34],[172968.02,6840247.44],[172934.13,6840261.64],[172903.56,6840311.71],[172857.26,6840326.3],[172780.66,6840303.68],[172666.06,6840287.83],[172615.99,6840268.62],[172499.49,6840254.64],[172472.92,6840236.36],[172454.84,6840234.06],[172419.22,6840203.75],[172373.02,6840185.13],[172310.21,6840045.31],[172280.27,6840019.1],[172234.56,6840017.32],[172206.4,6839996.21],[172083.2,6840043.62],[172036.37,6840049.15],[171890.16,6839995.59],[171791.83,6840003.08],[171708.02,6840034.43],[171677.85,6840022.72],[171609.34,6839966.93],[171565.59,6839970.19],[171537.68,6839988.94],[171514.43,6839992.84],[171474.51,6840014.16],[171457.57,6840037.81],[171435.18,6840050.0],[171331.89,6840064.98],[171293.23,6840050.84],[171269.36,6840053.11],[171189.86,6840122.9],[171120.94,6840132.36],[171071.04,6840163.4],[171052.51,6840185.82],[170972.35,6840220.12],[170909.33,6840231.84],[170884.26,6840246.11],[170872.11,6840265.78],[170822.48,6840293.8],[170766.77,6840289.16],[170704.33,6840308.2],[170678.79,6840297.1],[170652.85,6840300.27],[170623.94,6840354.49],[170606.28,6840365.1],[170591.2,6840363.34],[170568.8,6840387.19],[170574.44,6840456.47],[170599.2,6840472.64],[170612.63,6840456.11],[170607.36,6840434.84],[170626.69,6840436.26],[170627.45,6840419.82],[170639.56,6840413.89],[170695.68,6840419.35],[170760.52,6840401.15],[170786.38,6840384.07],[170805.36,6840335.77],[170820.95,6840340.52],[170845.57,6840329.01],[170885.43,6840296.18],[170900.68,6840264.93],[171017.7,6840244.62]],
     [[173552.85,6840433.87],[173596.19,6840442.23],[173595.3,6840445.39],[173567.7,6840446.7],[173552.85,6840433.87]],
     [[172762.88,6840322.14],[172799.14,6840328.51],[172821.4,6840345.37],[172762.88,6840322.14]],
     [[171982.71,6840039.99],[171985.24,6840046.04],[171960.14,6840047.7],[171942.11,6840039.82],[171957.68,6840030.78],[171982.71,6840039.99]],
     [[171903.04,6840004.86],[171939.91,6840021.58],[171927.13,6840024.25],[171865.48,6840005.65],[171903.04,6840004.86]],
     [[172177.93,6840017.67],[172198.56,6840021.62],[172134.98,6840056.72],[172089.4,6840063.64],[172085.78,6840056.92],[172177.93,6840017.67]],
     [[172920.59,6840315.22],[172919.76,6840304.32],[172944.61,6840272.7],[173012.61,6840233.44],[173004.12,6840268.46],[172975.42,6840295.09],[172920.59,6840315.22]],
     [[170647.8,6840358.18],[170663.97,6840346.58],[170670.4,6840367.03],[170696.87,6840363.85],[170723.44,6840338.17],[170739.42,6840341.13],[170767.38,6840324.7],[170787.29,6840347.36],[170776.15,6840374.99],[170721.67,6840405.5],[170705.75,6840400.93],[170700.56,6840385.43],[170687.74,6840402.55],[170671.63,6840407.69],[170651.79,6840394.34],[170662.38,6840375.92],[170647.8,6840358.18]]
    ]
   },
   "properties": {
    "name": null,
    "kind": "river",
    "source": "N50 Kartdata, Kartverket, CC BY 4.0"
   }
  },
  {
   "type": "Feature",
   "geometry": {
    "type": "Polygon",
    "coordinates": [
     [[166849.46,6827159.26],[166760.12,6827127.95],[166720.14,6827103.62],[166711.12,6827068.67],[166713.09,6827034.61],[166687.37,6827018.18],[166677.9,6827000.96],[166582.87,6826967.3],[166551.57,6826966.83],[166486.05,6826950.13],[166417.08,6826906.84],[166339.77,6826906.37],[166287.47,6826880.0],[166240.08,6826880.0],[166296.72,6826914.77],[166365.56,6826938.73],[166432.79,6826951.36],[166481.09,6826982.19],[166515.97,6826992.94],[166551.73,6826986.93],[166601.1,6827005.84],[166681.77,6827057.44],[166695.91,6827108.69],[166726.76,6827140.09],[166794.44,6827165.63],[166804.66,6827187.02],[166816.72,6827194.34],[166860.97,6827199.46],[166902.12,6827216.51],[167041.26,6827220.56],[167083.72,6827200.29],[167138.39,6827155.96],[167187.76,6827093.71],[167264.06,6827063.68],[167332.58,6827012.44],[167333.34,6826997.13],[167321.65,6826987.04],[167317.37,6826961.22],[167325.69,6826938.4],[167413.08,6826928.46],[167471.35,6826889.02],[167474.61,6826880.0],[167441.94,6826880.0],[167427.49,6826902.85],[167315.58,6826927.65],[167293.73,6826951.33],[167308.59,6826994.14],[167274.68,6827039.43],[167170.93,6827086.65],[167152.87,6827086.17],[167155.07,6827072.89],[167190.3,6827036.93],[167237.4,6826950.71],[167265.88,6826938.9],[167319.01,6826883.99],[167341.55,6826880.19],[167341.62,6826880.0],[167308.25,6826880.0],[167303.08,6826884.02],[167268.35,6826923.9],[167225.5,6826951.99],[167171.19,6827039.01],[167124.99,6827086.42],[167073.78,6827172.1],[167046.8,6827189.5],[166918.22,6827187.7],[166877.78,6827176.52],[166849.46,6827159.26]],
     [[167103.82,6827169.47],[167111.82,6827135.81],[167170.88,6827096.49],[167118.93,6827168.97],[167103.82,6827169.47]]
    ]
   },
   "properties": {
    "name": null,
    "kind": "river",
    "source": "N50 Kartdata, Kartverket, CC BY 4.0"
   }
  },
  {
   "type": "Feature",
   "geometry": {
    "type": "Polygon",
    "coordinates": [
     [[163479.11,6843255.74],[163522.09,6843228.62],[163539.39,6843206.64],[163554.43,6843158.46],[163578.77,6843141.99],[163677.8,6843024.1],[163676.7,6842985.33],[163698.19,6842957.09],[163801.86,6842919.74],[163827.35,6842915.59],[163838.04,6842923.02],[163874.44,6842914.44],[163970.22,6842842.17],[163996.1,6842811.81],[164204.47,6842732.83],[164320.46,6842644.02],[164433.87,6842519.01],[164499.38,6842408.22],[164521.39,6842400.4],[164564.62,6842364.93],[164587.89,6842336.85],[164603.79,6842300.29],[164690.89,6842252.63],[164748.29,6842143.29],[164817.39,6842063.96],[164867.04,6842020.06],[164929.41,6841940.12],[164954.26,6841922.81],[164985.04,6841877.75],[165045.71,6841819.8],[165061.69,6841813.1],[165116.5,6841751.47],[165159.37,6841663.06],[165157.53,6841629.33],[165170.82,6841590.27],[165171.39,6841551.0],[165156.81,6841502.63],[165165.01,6841468.54],[165139.36,6841316.9],[165100.42,6841239.92],[165131.01,6841185.71],[165120.83,6841153.89],[165121.44,6841075.4],[165103.65,6841009.94],[165082.85,6841021.74],[165107.51,6841058.27],[165117.7,6841119.55],[165107.71,6841137.16],[165118.59,6841193.93],[165115.34,6841208.38],[165093.93,6841227.99],[165094.05,6841272.27],[165106.4,6841321.49],[165131.08,6841353.64],[165153.27,6841422.64],[165157.92,6841466.99],[165142.95,6841491.68],[165162.31,6841552.98],[165136.3,6841674.12],[165096.43,6841751.08],[165048.41,6841806.06],[164924.05,6841919.77],[164861.17,6842010.65],[164809.76,6842045.67],[164732.01,6842133.13],[164714.16,6842159.19],[164706.43,6842208.5],[164694.91,6842226.52],[164632.86,6842275.19],[164600.15,6842289.0],[164517.62,6842384.56],[164481.81,6842411.22],[164437.86,6842489.95],[164366.03,6842563.35],[164312.21,6842634.71],[164273.69,6842666.06],[164124.33,6842756.78],[163998.07,6842797.81],[163888.36,6842895.79],[163804.09,6842904.65],[163696.33,6842949.24],[163669.74,6842984.36],[163664.7,6843026.33],[163613.34,6843064.11],[163566.62,6843115.58],[163501.84,6843226.95],[163443.92,6843264.0],[163458.3,6843264.0],[163479.11,6843255.74]],
     [[165129.18,6841297.74],[165127.95,6841337.82],[165110.99,6841327.4],[165096.67,6841256.5],[165129.18,6841297.74]]
    ]
   },
   "properties": {
    "name": null,
    "kind": "river",
    "source": "N50 Kartdata, Kartverket, CC BY 4.0"
   }
  },
  {
   "type": "Feature",
   "geometry": {
    "type": "Polygon",
    "coordinates": [
     [[168143.28,6827302.37],[168146.41,6827333.05],[168174.85,6827365.11],[168235.81,6827402.18],[168269.59,6827446.11],[168316.59,6827472.12],[168410.28,6827486.14],[168461.46,6827521.52],[168493.2,6827560.75],[168525.65,6827584.11],[168572.21,6827683.55],[168571.34,6827735.95],[168629.21,6827813.02],[168665.16,6827827.38],[168696.86,6827819.71],[168756.78,6827821.42],[168836.9,6827875.86],[168822.33,6827951.45],[168823.57,6827959.44],[168848.3,6827967.35],[168854.58,6828005.48],[168830.05,6828034.0],[168747.14,6828045.36],[168733.59,6828059.46],[168718.89,6828096.72],[168675.35,6828118.2],[168675.22,6828151.02],[168708.09,6828195.02],[168715.44,6828269.96],[168716.51,6828132.3],[168771.61,6828087.74],[168791.18,6828088.41],[168848.5,6828064.3],[168885.51,6828022.29],[168852.5,6827896.3],[168823.5,6827843.29],[168720.3,6827797.53],[168663.2,6827813.71],[168629.75,6827793.93],[168597.43,6827750.42],[168601.36,6827739.88],[168570.38,6827636.09],[168508.42,6827535.44],[168418.5,6827483.3],[168342.5,6827462.3],[168293.5,6827439.3],[168210.5,6827375.29],[168170.51,6827322.3],[168178.5,6827258.29],[168202.5,6827205.3],[168197.84,6827196.8],[168185.3,6827227.61],[168153.0,6827268.62],[168143.28,6827302.37]]
    ]
   },
   "properties": {
    "name": null,
    "kind": "river",
    "source": "N50 Kartdata, Kartverket, CC BY 4.0"
   }
  },
  {
   "type": "Feature",
   "geometry": {
    "type": "Polygon",
    "coordinates": [
     [[165531.08,6833183.35],[165528.09,6833155.23],[165543.01,6833138.18],[165535.75,6833129.11],[165543.64,6833113.9],[165615.99,6833069.13],[165601.81,6832978.81],[165616.58,6832956.26],[165622.72,6832907.1],[165671.34,6832833.78],[165770.37,6832764.19],[165794.31,6832734.37],[165748.05,6832693.61],[165691.97,6832711.35],[165664.76,6832707.76],[165641.26,6832738.34],[165599.42,6832753.02],[165578.61,6832770.83],[165583.06,6832798.11],[165595.05,6832804.79],[165607.26,6832839.76],[165591.01,6832887.31],[165593.96,6832928.65],[165580.03,6832980.56],[165584.37,6833011.32],[165597.94,6833029.3],[165574.46,6833080.76],[165532.81,6833111.45],[165527.51,6833141.67],[165501.13,6833169.38],[165516.16,6833188.21],[165505.24,6833204.97],[165508.25,6833235.37],[165469.26,6833249.78],[165558.63,6833274.58],[165551.31,6833258.39],[165550.65,6833216.9],[165531.08,6833183.35]],
     [[165677.42,6832726.14],[165700.49,6832726.25],[165725.5,6832750.69],[165694.68,6832788.05],[165661.25,6832794.42],[165624.7,6832813.67],[165615.69,6832835.44],[165593.12,6832795.72],[165590.21,6832773.27],[165677.42,6832726.14]]
    ]
   },
   "properties": {
    "name": null,
    "kind": "river",
    "source": "N50 Kartdata, Kartverket, CC BY 4.0"
   }
  },
  {
   "type": "Feature",
   "geometry": {
    "type": "Polygon",
    "coordinates": [
     [[172752.19,6834607.54],[172717.36,6834616.01],[172697.23,6834610.68],[172676.92,6834581.59],[172647.91,6834560.35],[172646.24,6834543.03],[172658.8,6834530.88],[172694.1,6834530.62],[172704.6,6834504.82],[172722.39,6834493.85],[172738.08,6834422.85],[172752.43,6834393.27],[172783.61,6834351.61],[172840.71,6834321.69],[172859.27,6834301.8],[172890.71,6834255.86],[172883.95,6834238.61],[172839.78,6834257.39],[172845.7,6834279.46],[172828.56,6834304.24],[172771.78,6834331.81],[172766.79,6834350.76],[172734.83,6834380.83],[172702.65,6834379.33],[172711.35,6834400.89],[172706.73,6834423.63],[172719.02,6834438.64],[172680.9,6834478.22],[172654.3,6834483.63],[172650.21,6834462.94],[172638.43,6834458.53],[172636.03,6834480.99],[172619.59,6834499.93],[172606.92,6834501.57],[172586.51,6834490.03],[172559.41,6834500.14],[172583.51,6834532.27],[172575.62,6834545.85],[172583.03,6834558.74],[172597.7,6834562.59],[172597.31,6834546.84],[172611.88,6834545.43],[172620.78,6834585.9],[172636.38,6834605.13],[172623.66,6834617.03],[172643.47,6834634.03],[172670.15,6834623.34],[172691.37,6834633.81],[172745.48,6834632.36],[172793.87,6834649.54],[172822.02,6834673.27],[172834.82,6834654.61],[172795.09,6834633.64],[172778.77,6834633.0],[172752.19,6834607.54]]
    ]
   },
   "properties": {
    "name": null,
    "kind": "river",
    "source": "N50 Kartdata, Kartverket, CC BY 4.0"
   }
  },
  {
   "type": "Feature",
   "geometry": {
    "type": "Polygon",
    "coordinates": [
     [[171303.47,6836906.45],[171567.36,6836933.44],[171646.12,6836919.15],[171695.77,6836893.61],[171812.3,6836773.87],[171838.98,6836717.96],[171836.2,6836683.64],[171814.85,6836698.11],[171767.59,6836792.06],[171694.16,6836863.44],[171639.79,6836901.95],[171557.43,6836917.95],[171493.86,6836915.47],[171449.82,6836902.76],[171368.39,6836894.02],[171171.01,6836902.95],[171141.52,6836895.48],[171106.89,6836901.79],[171044.62,6836879.4],[171025.07,6836847.04],[171027.22,6836871.84],[171038.94,6836888.23],[171038.93,6836897.68],[171027.68,6836900.75],[171034.34,6836935.99],[171076.71,6836907.13],[171108.2,6836913.36],[171303.47,6836906.45]]
    ]
   },
   "properties": {
    "name": null,
    "kind": "river",
    "source": "N50 Kartdata, Kartverket, CC BY 4.0"
   }
  },
  {
   "type": "Feature",
   "geometry": {
    "type": "Polygon",
    "coordinates": [
     [[175291.63,6840757.92],[175195.53,6840721.74],[175155.68,6840721.0],[174981.17,6840634.22],[174962.95,6840637.02],[174963.88,6840644.34],[175048.39,6840688.73],[175153.93,6840736.02],[175313.87,6840778.99],[175367.79,6840808.38],[175379.6,6840806.97],[175385.72,6840790.05],[175364.71,6840769.64],[175291.63,6840757.92]]
    ]
   },
   "properties": {
    "name": null,
    "kind": "river",
    "source": "N50 Kartdata, Kartverket, CC BY 4.0"
   }
  },
  {
   "type": "Feature",
   "geometry": {
    "type": "Polygon",
    "coordinates": [
     [[167843.82,6826930.45],[167893.87,6826963.7],[167896.4,6827017.23],[167911.61,6827052.69],[167972.61,6827143.02],[168029.11,6827166.53],[168103.1,6827162.91],[168052.5,6827149.29],[167978.54,6827114.86],[168003.11,6827140.74],[168003.7,6827150.67],[167951.5,6827105.29],[167908.49,6827045.3],[167929.5,6826943.29],[167917.44,6826926.21],[167917.94,6826948.08],[167901.06,6826962.51],[167848.22,6826922.84],[167850.31,6826905.88],[167879.15,6826903.49],[167910.45,6826916.31],[167905.5,6826909.3],[167861.5,6826893.29],[167772.78,6826893.29],[167834.2,6826900.2],[167843.82,6826930.45]]
    ]
   },
   "properties": {
    "name": null,
    "kind": "river",
    "source": "N50 Kartdata, Kartverket, CC BY 4.0"
   }
  },
  {
   "type": "Feature",
   "geometry": {
    "type": "Polygon",
    "coordinates": [
     [[176380.58,6841057.85],[176348.07,6841035.94],[176335.62,6841015.89],[176322.21,6841018.24],[176335.09,6841047.56],[176384.0,6841066.28],[176384.0,6841058.44],[176380.58,6841057.85]]
    ]
   },
   "properties": {
    "name": null,
    "kind": "river",
    "source": "N50 Kartdata, Kartverket, CC BY 4.0"
   }
  }
 ]
}
