{
 "type": "FeatureCollection",
 "crs": {
  "type": "name",
  "properties": {
   "name": "urn:ogc:def:crs:EPSG::25833"
  }
 },
 "bbox": [
  155904,
  6826880,
  176384,
  6843264
 ],
 "features": [
  {
   "type": "Feature",
   "id": "besseggen",
   "geometry": {
    "type": "LineString",
    "coordinates": [
     [170941.4,6833493.7,999.0],
     [170932.78,6833514.9,999.65],
     [170915.14,6833529.8,1002.33],
     [170931.7,6833547.02,1006.09],
     [170944.11,6833567.88,1012.96],
     [170956.77,6833587.61,1019.82],
     [170964.13,6833610.36,1027.19],
     [170978.01,6833629.54,1033.95],
     [170986.65,6833652.45,1040.84],
     [170998.1,6833673.82,1047.88],
     [171011.02,6833694.38,1055.26],
     [171016.55,6833718.62,1061.78],
     [171015.72,6833743.33,1067.55],
     [171019.94,6833767.39,1072.76],
     [171026.2,6833791.56,1078.07],
     [171023.99,6833816.22,1082.8],
     [171022.98,6833840.19,1087.0],
     [171020.83,6833864.96,1091.32],
     [171021.8,6833889.81,1096.22],
     [171027.73,6833913.7,1100.93],
     [171023.24,6833937.12,1106.05],
     [171028.48,6833961.42,1111.3],
     [171038.34,6833984.26,1117.98],
     [171046.76,6834007.73,1124.63],
     [171056.14,6834030.61,1130.28],
     [171062.44,6834054.71,1134.22],
     [171066.12,6834079.4,1137.78],
     [171066.09,6834103.93,1142.14],
     [171070.49,6834127.45,1147.22],
     [171083.34,6834148.22,1152.52],
     [171087.22,6834172.39,1157.52],
     [171082.03,6834196.84,1161.95],
     [171087.36,6834220.38,1166.01],
     [171088.07,6834245.21,1170.4],
     [171082.89,6834269.39,1174.93],
     [171082.47,6834293.93,1179.12],
     [171080.36,6834318.61,1182.55],
     [171066.81,6834339.27,1186.03],
     [171056.42,6834361.96,1190.65],
     [171057.95,6834385.92,1196.38],
     [171050.83,6834408.21,1203.06],
     [171047.75,6834432.54,1208.9],
     [171053.31,6834456.4,1213.05],
     [171046.32,6834479.68,1216.05],
     [171030.52,6834498.73,1219.12],
     [171010.96,6834514.26,1222.26],
     [170990.23,6834528.24,1224.65],
     [170967.94,6834539.11,1226.18],
     [170943.5,6834543.74,1228.55],
     [170918.68,6834546.72,1231.95],
     [170893.71,6834547.79,1236.26],
     [170868.73,6834548.78,1240.25],
     [170843.74,6834549.51,1242.14],
     [170818.76,6834549.74,1244.18],
     [170793.9,6834547.11,1246.17],
     [170771.24,6834546.61,1250.94],
     [170754.58,6834565.12,1258.32],
     [170736.81,6834582.62,1266.72],
     [170720.74,6834601.73,1275.36],
     [170703.96,6834620.27,1282.59],
     [170689.86,6834640.72,1290.61],
     [170679.73,6834663.55,1297.26],
     [170670.89,6834686.91,1300.75],
     [170663.47,6834710.78,1303.93],
     [170657.31,6834734.98,1310.34],
     [170652.05,6834759.43,1319.41],
     [170647.67,6834784.02,1327.06],
     [170649.93,6834808.37,1331.51],
     [170656.99,6834832.36,1335.74],
     [170668.19,6834852.37,1340.19],
     [170692.33,6834857.88,1346.23],
     [170711.93,6834868.49,1360.82],
     [170710.71,6834892.43,1375.12],
     [170687.86,6834901.63,1383.81],
     [170663.0,6834903.6,1383.82],
     [170640.95,6834912.21,1387.27],
     [170634.77,6834932.13,1395.63],
     [170652.7,6834947.9,1404.61],
     [170667.94,6834966.73,1411.52],
     [170674.2,6834990.44,1419.6],
     [170670.15,6835014.84,1427.99],
     [170652.2,6835031.61,1438.08],
     [170630.97,6835044.8,1446.64],
     [170608.71,6835055.53,1454.93],
     [170584.36,6835061.19,1459.95],
     [170560.35,6835067.89,1464.97],
     [170537.37,6835077.69,1468.79],
     [170516.77,6835091.81,1473.74],
     [170499.37,6835109.76,1478.59],
     [170481.42,6835127.15,1482.7],
     [170462.89,6835143.89,1486.76],
     [170441.4,6835156.67,1492.09],
     [170419.94,6835169.48,1499.99],
     [170398.47,6835182.3,1509.66],
     [170377.01,6835195.12,1517.88],
     [170355.64,6835208.07,1523.56],
     [170336.58,6835224.25,1527.24],
     [170317.53,6835240.43,1531.99],
     [170297.66,6835255.4,1538.71],
     [170275.37,6835266.71,1544.65],
     [170253.08,6835278.03,1548.83],
     [170230.01,6835287.6,1552.25],
     [170206.68,6835296.6,1559.1],
     [170182.95,6835303.7,1566.78],
     [170158.0,6835305.12,1574.06],
     [170133.7,6835299.25,1578.65],
     [170109.53,6835292.9,1582.92],
     [170085.7,6835285.34,1587.4],
     [170062.14,6835277.05,1591.05],
     [170038.7,6835269.58,1595.37],
     [170013.71,6835270.18,1599.39],
     [169988.78,6835269.24,1604.06],
     [169964.0,6835266.16,1608.31],
     [169940.05,6835258.99,1612.3],
     [169916.1,6835251.82,1614.77],
     [169891.97,6835245.69,1616.32],
     [169867.0,6835244.45,1617.07],
     [169842.03,6835243.2,1617.83],
     [169817.25,6835246.22,1617.81],
     [169792.49,6835249.67,1617.91],
     [169767.73,6835253.11,1618.94],
     [169742.97,6835256.55,1621.12],
     [169718.21,6835259.99,1624.38],
     [169693.44,6835263.43,1627.12],
     [169668.49,6835264.29,1629.8],
     [169643.49,6835264.56,1632.39],
     [169618.52,6835263.55,1635.59],
     [169593.55,6835262.3,1639.41],
     [169568.67,6835259.86,1642.73],
     [169543.81,6835257.23,1645.81],
     [169518.95,6835254.61,1648.68],
     [169494.15,6835251.57,1651.72],
     [169469.62,6835246.75,1654.71],
     [169445.08,6835241.94,1657.47],
     [169420.86,6835235.98,1659.95],
     [169397.2,6835227.9,1662.48],
     [169373.55,6835219.81,1664.81],
     [169351.77,6835207.72,1666.96],
     [169328.98,6835197.46,1669.27],
     [169307.68,6835184.4,1672.21],
     [169285.85,6835172.23,1676.17],
     [169264.79,6835158.87,1680.92],
     [169245.67,6835142.8,1686.11],
     [169224.87,6835129.12,1690.35],
     [169201.72,6835119.95,1693.49],
     [169177.45,6835113.97,1695.66],
     [169153.17,6835107.98,1697.88],
     [169128.28,6835105.95,1699.89],
     [169103.34,6835104.21,1701.41],
     [169078.91,6835098.99,1702.47],
     [169054.51,6835093.55,1703.72],
     [169030.11,6835088.11,1705.12],
     [169005.75,6835082.48,1706.8],
     [168981.23,6835077.76,1708.53],
     [168956.92,6835072.43,1711.01],
     [168932.74,6835066.19,1713.61],
     [168908.17,6835061.92,1715.62],
     [168883.33,6835061.45,1716.43],
     [168858.69,6835065.72,1716.51],
     [168833.79,6835067.16,1716.6],
     [168808.8,6835067.58,1716.57],
     [168785.45,6835074.6,1716.46],
     [168763.19,6835085.97,1716.16],
     [168740.18,6835095.56,1716.03],
     [168716.46,6835103.48,1715.74],
     [168692.75,6835111.39,1715.03],
     [168668.32,6835116.67,1713.98],
     [168644.05,6835122.59,1712.95],
     [168619.94,6835129.23,1712.32],
     [168596.07,6835136.55,1711.71],
     [168572.62,6835145.21,1711.24],
     [168548.99,6835153.34,1710.83],
     [168527.61,6835166.29,1710.66],
     [168504.48,6835175.54,1710.25],
     [168480.91,6835183.86,1709.85],
     [168457.45,6835192.5,1708.77],
     [168433.55,6835190.91,1707.04],
     [168409.3,6835184.96,1704.71],
     [168384.57,6835181.32,1702.52],
     [168359.83,6835177.68,1700.87],
     [168335.1,6835174.05,1699.48],
     [168310.52,6835169.78,1698.22],
     [168286.98,6835161.38,1697.06],
     [168262.63,6835155.78,1696.23],
     [168238.42,6835149.63,1696.05],
     [168214.52,6835142.29,1696.55],
     [168190.62,6835134.96,1697.77],
     [168166.52,6835128.48,1699.86],
     [168141.86,6835124.39,1702.73],
     [168117.19,6835120.3,1706.2],
     [168094.15,6835111.13,1709.88],
     [168071.28,6835101.25,1713.85],
     [168047.11,6835094.87,1717.71],
     [168023.98,6835085.39,1721.43],
     [168000.3,6835077.39,1725.0],
     [167976.3,6835070.46,1728.68],
     [167952.06,6835064.35,1732.1],
     [167929.62,6835053.68,1735.02],
     [167906.26,6835045.04,1737.65],
     [167882.39,6835038.89,1739.97],
     [167858.45,6835046.08,1740.8],
     [167834.88,6835054.41,1740.08],
     [167811.06,6835061.96,1738.26],
     [167787.07,6835068.98,1736.7],
     [167763.27,6835076.6,1735.54],
     [167739.2,6835083.27,1734.78],
     [167714.83,6835088.77,1734.35],
     [167690.53,6835094.58,1734.4],
     [167666.1,6835099.85,1734.27],
     [167641.57,6835103.94,1733.54],
     [167616.63,6835102.26,1731.33],
     [167591.82,6835099.64,1728.24],
     [167567.35,6835094.48,1724.67],
     [167542.89,6835089.32,1721.55],
     [167517.97,6835087.49,1718.73],
     [167493.03,6835085.81,1716.12],
     [167468.18,6835083.06,1713.73],
     [167443.95,6835077.34,1711.42],
     [167419.98,6835070.23,1709.77],
     [167395.86,6835063.67,1708.56],
     [167372.94,6835054.17,1708.0],
     [167350.01,6835045.1,1706.73],
     [167325.38,6835040.85,1703.86],
     [167300.74,6835036.6,1699.41],
     [167276.62,6835030.95,1694.5],
     [167254.91,6835018.65,1690.3],
     [167230.83,6835012.3,1687.17],
     [167205.85,6835011.42,1684.35],
     [167181.65,6835005.66,1681.33],
     [167157.66,6834998.64,1677.88],
     [167136.77,6834985.02,1674.57],
     [167116.07,6834971.01,1671.44],
     [167096.55,6834955.42,1668.25],
     [167075.03,6834942.71,1664.25],
     [167053.5,6834930.0,1659.91],
     [167030.57,6834921.98,1655.35],
     [167005.6,6834920.82,1648.76],
     [166981.46,6834927.08,1640.7],
     [166957.04,6834932.42,1631.93],
     [166932.56,6834937.46,1624.5],
     [166908.02,6834942.26,1619.36],
     [166883.46,6834946.92,1618.68],
     [166858.9,6834951.59,1620.87],
     [166834.26,6834955.83,1624.62],
     [166809.6,6834959.9,1625.91],
     [166784.9,6834963.77,1626.48],
     [166760.2,6834967.65,1627.48],
     [166735.36,6834969.37,1628.31],
     [166710.73,6834966.26,1630.68],
     [166686.57,6834959.84,1631.84],
     [166662.78,6834952.32,1631.22],
     [166639.72,6834942.66,1627.63],
     [166616.66,6834933.01,1621.25],
     [166593.6,6834923.35,1614.67],
     [166570.36,6834914.13,1604.21],
     [166547.07,6834905.06,1594.11],
     [166523.77,6834895.99,1581.65],
     [166500.72,6834886.32,1573.03],
     [166477.66,6834876.66,1561.12],
     [166454.62,6834866.96,1548.75],
     [166431.63,6834857.14,1533.53],
     [166408.64,6834847.31,1519.33],
     [166385.65,6834837.48,1510.28],
     [166363.03,6834826.92,1504.9],
     [166341.16,6834814.91,1501.89],
     [166316.51,6834810.74,1496.46],
     [166291.85,6834806.58,1489.68],
     [166267.51,6834800.89,1483.56],
     [166242.71,6834800.27,1476.5],
     [166218.05,6834796.79,1468.21],
     [166193.47,6834792.22,1459.13],
     [166168.8,6834788.21,1447.45],
     [166144.07,6834784.54,1438.73],
     [166119.34,6834780.88,1429.3],
     [166094.55,6834777.86,1425.4],
     [166069.57,6834777.05,1422.85],
     [166044.58,6834776.24,1420.64],
     [166019.64,6834774.77,1416.43],
     [165994.81,6834771.86,1411.61],
     [165970.03,6834774.93,1407.02],
     [165945.06,6834776.03,1403.41],
     [165920.28,6834778.7,1395.79],
     [165896.12,6834784.81,1388.22],
     [165873.64,6834795.69,1380.46],
     [165851.62,6834807.45,1362.6],
     [165827.53,6834813.39,1362.2],
     [165803.29,6834819.47,1363.45],
     [165781.54,6834829.99,1377.1],
     [165761.26,6834844.57,1375.09],
     [165740.49,6834858.42,1373.21],
     [165724.29,6834877.23,1373.03],
     [165720.99,6834900.76,1373.27],
     [165717.32,6834924.5,1373.59],
     [165701.55,6834943.73,1374.6],
     [165691.97,6834966.57,1375.03],
     [165674.89,6834982.97,1374.61],
     [165667.9,6835005.97,1373.3],
     [165667.99,6835030.78,1372.68],
     [165670.12,6835048.91,1373.75],
     [165647.52,6835038.72,1375.9],
     [165623.03,6835034.08,1379.12],
     [165601.48,6835023.74,1382.68],
     [165585.2,6835006.02,1386.01],
     [165566.04,6834990.34,1388.89],
     [165545.47,6834976.53,1391.21],
     [165522.55,6834985.72,1393.3],
     [165501.36,6834998.91,1396.11],
     [165478.26,6835007.41,1400.23],
     [165455.47,6835017.3,1406.78],
     [165435.47,6835032.05,1414.13],
     [165411.02,6835036.33,1421.43],
     [165389.55,6835048.73,1428.1],
     [165366.86,6835057.15,1434.86],
     [165343.9,6835065.01,1440.69],
     [165319.91,6835068.68,1445.89],
     [165305.63,6835088.73,1450.45],
     [165285.55,6835103.35,1455.28],
     [165267.88,6835120.75,1459.38],
     [165251.27,6835139.06,1462.52],
     [165229.4,6835151.14,1466.1],
     [165209.68,6835165.75,1470.84],
     [165189.06,6835179.3,1476.11],
     [165164.56,6835177.3,1480.31],
     [165142.36,6835166.41,1483.98],
     [165117.64,6835162.86,1486.77],
     [165094.62,6835154.24,1488.76],
     [165069.96,6835151.19,1489.57],
     [165044.99,6835151.98,1490.63],
     [165021.71,6835159.63,1492.31],
     [165000.42,6835172.58,1494.38],
     [164977.0,6835181.03,1496.86],
     [164952.99,6835186.83,1500.2],
     [164929.29,6835193.89,1503.57],
     [164906.58,6835204.02,1507.27],
     [164887.3,6835218.6,1511.64],
     [164865.23,6835229.62,1516.6],
     [164842.48,6835239.36,1521.29],
     [164818.14,6835244.52,1524.64],
     [164793.15,6835244.1,1528.35],
     [164768.19,6835244.22,1532.71],
     [164744.32,6835250.5,1537.72],
     [164721.08,6835250.88,1541.64],
     [164696.24,6835249.22,1544.88],
     [164672.02,6835247.16,1547.7],
     [164647.41,6835245.38,1551.26],
     [164622.74,6835241.57,1556.19],
     [164598.51,6835235.46,1562.08],
     [164573.76,6835232.57,1566.32],
     [164548.92,6835232.76,1567.75],
     [164524.19,6835232.38,1567.0],
     [164499.54,6835228.37,1565.45],
     [164475.44,6835222.15,1562.46],
     [164456.81,6835208.98,1556.83],
     [164433.68,6835208.54,1550.28],
     [164408.92,6835210.64,1543.93],
     [164384.28,6835206.63,1540.17],
     [164359.85,6835201.44,1539.67],
     [164335.99,6835194.12,1540.99],
     [164311.21,6835193.29,1543.15],
     [164289.56,6835204.76,1543.62],
     [164275.57,6835225.33,1542.87],
     [164257.87,6835242.78,1539.7],
     [164237.13,6835256.56,1535.64],
     [164213.9,6835265.55,1531.81],
     [164190.97,6835274.48,1528.3],
     [164169.45,6835285.64,1524.55],
     [164146.18,6835293.15,1520.71],
     [164122.46,6835287.09,1517.05],
     [164104.39,6835271.93,1513.19],
     [164083.59,6835259.42,1508.64],
     [164062.61,6835246.38,1504.09],
     [164038.72,6835239.79,1498.63],
     [164017.75,6835227.27,1492.6],
     [163999.76,6835210.5,1486.3],
     [163985.12,6835190.39,1481.1],
     [163969.2,6835171.13,1477.49],
     [163954.04,6835151.42,1475.46],
     [163940.28,6835130.55,1475.5],
     [163921.38,6835116.57,1476.81],
     [163897.9,6835108.86,1477.99],
     [163874.55,6835100.74,1478.9],
     [163850.34,6835095.55,1479.68],
     [163825.65,6835093.47,1480.87],
     [163802.54,6835085.57,1483.03],
     [163786.27,6835066.66,1486.2],
     [163764.21,6835056.09,1489.94],
     [163741.34,6835046.54,1492.91],
     [163716.57,6835043.45,1494.09],
     [163691.61,6835043.54,1494.45],
     [163666.98,6835041.48,1495.01],
     [163642.32,6835042.98,1496.77],
     [163617.37,6835041.53,1498.83],
     [163592.65,6835038.41,1501.17],
     [163568.33,6835036.69,1503.68],
     [163544.06,6835041.13,1506.3],
     [163521.1,6835050.01,1507.7],
     [163500.67,6835063.72,1509.29],
     [163476.6,6835062.57,1510.97],
     [163455.3,6835074.92,1512.69],
     [163432.06,6835075.83,1511.92],
     [163408.68,6835067.19,1508.58],
     [163385.18,6835058.78,1503.61],
     [163362.31,6835048.76,1498.14],
     [163338.1,6835048.46,1492.52],
     [163318.23,6835040.32,1486.27],
     [163293.65,6835044.0,1480.23],
     [163269.95,6835050.35,1475.54],
     [163250.14,6835064.16,1472.46],
     [163230.54,6835077.33,1470.03],
     [163205.6,6835077.19,1467.93],
     [163180.85,6835073.83,1465.7],
     [163156.86,6835066.98,1463.07],
     [163133.6,6835058.23,1459.31],
     [163116.88,6835039.68,1455.14],
     [163097.44,6835024.07,1451.26],
     [163075.04,6835013.05,1448.06],
     [163055.23,6834998.02,1445.0],
     [163034.97,6834983.43,1441.54],
     [163015.19,6834968.63,1437.73],
     [162993.4,6834959.0,1434.5],
     [162974.12,6834943.32,1432.68],
     [162952.88,6834932.04,1431.31],
     [162931.74,6834920.55,1430.45],
     [162919.02,6834899.37,1430.02],
     [162895.61,6834896.1,1431.33],
     [162874.09,6834883.46,1433.29],
     [162849.68,6834883.88,1435.99],
     [162825.71,6834879.24,1438.74],
     [162801.35,6834879.66,1442.2],
     [162777.17,6834876.99,1445.48],
     [162757.18,6834891.66,1449.54],
     [162737.7,6834907.12,1453.43],
     [162715.09,6834916.88,1457.81],
     [162690.54,6834921.22,1462.09],
     [162666.44,6834926.78,1466.37],
     [162645.14,6834936.15,1470.49],
     [162624.2,6834948.92,1474.24],
     [162601.24,6834954.58,1477.49],
     [162576.88,6834956.24,1479.49],
     [162554.09,6834966.5,1480.58],
     [162529.85,6834969.84,1480.67],
     [162504.98,6834971.74,1480.46],
     [162481.01,6834965.3,1479.39],
     [162457.69,6834956.32,1479.12],
     [162434.95,6834947.25,1478.75],
     [162417.5,6834929.84,1477.64],
     [162397.14,6834915.5,1474.88],
     [162378.35,6834899.43,1472.26],
     [162363.31,6834881.02,1470.29],
     [162342.73,6834866.97,1468.92],
     [162320.43,6834867.72,1467.63],
     [162300.44,6834878.25,1467.12],
     [162276.5,6834871.2,1466.63],
     [162253.19,6834872.31,1464.47],
     [162234.45,6834886.86,1459.55],
     [162210.79,6834886.58,1452.81],
     [162188.21,6834877.12,1445.88],
     [162165.69,6834883.0,1439.98],
     [162142.15,6834887.78,1434.89],
     [162117.52,6834886.21,1430.05],
     [162095.87,6834877.93,1426.09],
     [162071.3,6834881.96,1423.48],
     [162048.55,6834891.58,1421.71],
     [162024.28,6834892.61,1420.61],
     [161999.83,6834890.36,1419.69],
     [161975.47,6834887.82,1420.05],
     [161951.02,6834892.53,1421.42],
     [161926.23,6834891.21,1422.99],
     [161901.7,6834887.17,1422.87],
     [161876.74,6834885.82,1420.72],
     [161851.84,6834883.6,1417.4],
     [161826.88,6834883.19,1414.72],
     [161802.85,6834888.86,1412.66],
     [161778.49,6834889.8,1411.34],
     [161756.22,6834878.57,1409.41],
     [161732.74,6834871.54,1406.98],
     [161709.63,6834862.81,1403.94],
     [161684.99,6834864.83,1400.99],
     [161660.45,6834869.52,1398.14],
     [161636.68,6834877.2,1395.24],
     [161612.22,6834881.46,1392.5],
     [161587.41,6834883.19,1389.31],
     [161562.86,6834887.27,1385.08],
     [161538.58,6834886.84,1380.53],
     [161514.65,6834890.2,1376.63],
     [161490.35,6834885.58,1374.26],
     [161467.08,6834876.63,1372.44],
     [161443.13,6834869.8,1369.81],
     [161420.57,6834860.45,1366.23],
     [161396.9,6834853.24,1361.95],
     [161372.22,6834855.8,1357.1],
     [161347.55,6834856.45,1352.54],
     [161323.91,6834861.92,1347.92],
     [161301.56,6834872.49,1343.68],
     [161278.52,6834877.13,1339.98],
     [161254.22,6834882.67,1336.78],
     [161230.36,6834889.09,1333.88],
     [161206.05,6834885.05,1329.47],
     [161181.88,6834879.32,1323.84],
     [161158.35,6834873.03,1317.23],
     [161133.69,6834876.5,1311.02],
     [161109.09,6834873.7,1304.6],
     [161087.18,6834881.3,1297.79],
     [161064.4,6834872.13,1289.75],
     [161050.86,6834853.99,1281.14],
     [161026.93,6834849.94,1272.41],
     [161007.31,6834835.42,1263.15],
     [160993.99,6834817.57,1253.24],
     [160971.27,6834807.77,1242.82],
     [160953.81,6834792.31,1232.07],
     [160943.79,6834769.48,1220.84],
     [160926.97,6834752.71,1210.0],
     [160910.71,6834734.55,1200.28],
     [160903.85,6834713.93,1192.47],
     [160915.02,6834692.38,1186.27],
     [160922.8,6834669.51,1181.48],
     [160929.74,6834645.84,1176.61],
     [160946.93,6834628.83,1171.27],
     [160960.74,6834612.87,1165.62],
     [160971.46,6834591.4,1160.86],
     [160987.98,6834573.49,1157.54],
     [160996.34,6834552.51,1154.5],
     [160992.77,6834529.12,1150.74],
     [160991.97,6834507.11,1144.67],
     [160996.08,6834483.7,1137.41],
     [160994.78,6834463.89,1129.9],
     [160998.63,6834445.56,1122.53],
     [160994.26,6834422.06,1114.99],
     [160988.48,6834398.94,1106.64],
     [160984.84,6834374.35,1098.44],
     [160984.94,6834350.04,1090.34],
     [160992.28,6834326.52,1082.29],
     [160995.59,6834302.9,1074.11],
     [161005.69,6834284.58,1066.09],
     [161017.75,6834266.59,1059.6],
     [161028.6,6834244.85,1053.83],
     [161050.8,6834233.43,1049.25],
     [161072.03,6834221.12,1045.25],
     [161088.8,6834203.15,1042.18],
     [161105.49,6834185.42,1039.14],
     [161126.4,6834173.21,1035.69],
     [161138.21,6834151.23,1030.67],
     [161153.99,6834132.36,1025.73],
     [161175.09,6834120.24,1021.13],
     [161191.65,6834101.89,1017.92],
     [161199.04,6834078.32,1014.68],
     [161210.64,6834056.49,1011.88],
     [161225.23,6834036.21,1010.15]
    ]
   },
   "properties": {
    "name": "Besseggen: Gjendesheim – Memurubu",
    "role": "main",
    "source": "Turrutebasen (Tur- og friluftsruter), Kartverket",
    "sourceUpdated": "2026-09-02",
    "sampleStepM": 25.0,
    "smoothing": "3-sample box over 25 m samples",
    "lengthM": 13675.0,
    "pathLengthM": 13689.2,
    "ascentM": 1083,
    "descentM": 1072,
    "rawAscentM": 1196,
    "unsmoothedAscentM": 1154,
    "rawVertices": 1661,
    "heightSource": "548/548 samples from the 2 m grid, the rest from 4 m",
    "highPoint": {
     "i": 200,
     "name": "Veslfjellet",
     "elevM": 1741
    },
    "cumM": [
     0.0,
     25.0,
     50.0,
     75.0,
     100.0,
     125.0,
     150.0,
     175.0,
     200.0,
     225.0,
     250.0,
     275.0,
     300.0,
     325.0,
     350.0,
     375.0,
     400.0,
     425.0,
     450.0,
     475.0,
     500.0,
     525.0,
     550.0,
     575.0,
     600.0,
     625.0,
     650.0,
     675.0,
     700.0,
     725.0,
     750.0,
     775.0,
     800.0,
     825.0,
     850.0,
     875.0,
     900.0,
     925.0,
     950.0,
     975.0,
     1000.0,
     1025.0,
     1050.0,
     1075.0,
     1100.0,
     1125.0,
     1150.0,
     1175.0,
     1200.0,
     1225.0,
     1250.0,
     1275.0,
     1300.0,
     1325.0,
     1350.0,
     1375.0,
     1400.0,
     1425.0,
     1450.0,
     1475.0,
     1500.0,
     1525.0,
     1550.0,
     1575.0,
     1600.0,
     1625.0,
     1650.0,
     1675.0,
     1700.0,
     1725.0,
     1750.0,
     1775.0,
     1800.0,
     1825.0,
     1850.0,
     1875.0,
     1900.0,
     1925.0,
     1950.0,
     1975.0,
     2000.0,
     2025.0,
     2050.0,
     2075.0,
     2100.0,
     2125.0,
     2150.0,
     2175.0,
     2200.0,
     2225.0,
     2250.0,
     2275.0,
     2300.0,
     2325.0,
     2350.0,
     2375.0,
     2400.0,
     2425.0,
     2450.0,
     2475.0,
     2500.0,
     2525.0,
     2550.0,
     2575.0,
     2600.0,
     2625.0,
     2650.0,
     2675.0,
     2700.0,
     2725.0,
     2750.0,
     2775.0,
     2800.0,
     2825.0,
     2850.0,
     2875.0,
     2900.0,
     2925.0,
     2950.0,
     2975.0,
     3000.0,
     3025.0,
     3050.0,
     3075.0,
     3100.0,
     3125.0,
     3150.0,
     3175.0,
     3200.0,
     3225.0,
     3250.0,
     3275.0,
     3300.0,
     3325.0,
     3350.0,
     3375.0,
     3400.0,
     3425.0,
     3450.0,
     3475.0,
     3500.0,
     3525.0,
     3550.0,
     3575.0,
     3600.0,
     3625.0,
     3650.0,
     3675.0,
     3700.0,
     3725.0,
     3750.0,
     3775.0,
     3800.0,
     3825.0,
     3850.0,
     3875.0,
     3900.0,
     3925.0,
     3950.0,
     3975.0,
     4000.0,
     4025.0,
     4050.0,
     4075.0,
     4100.0,
     4125.0,
     4150.0,
     4175.0,
     4200.0,
     4225.0,
     4250.0,
     4275.0,
     4300.0,
     4325.0,
     4350.0,
     4375.0,
     4400.0,
     4425.0,
     4450.0,
     4475.0,
     4500.0,
     4525.0,
     4550.0,
     4575.0,
     4600.0,
     4625.0,
     4650.0,
     4675.0,
     4700.0,
     4725.0,
     4750.0,
     4775.0,
     4800.0,
     4825.0,
     4850.0,
     4875.0,
     4900.0,
     4925.0,
     4950.0,
     4975.0,
     5000.0,
     5025.0,
     5050.0,
     5075.0,
     5100.0,
     5125.0,
     5150.0,
     5175.0,
     5200.0,
     5225.0,
     5250.0,
     5275.0,
     5300.0,
     5325.0,
     5350.0,
     5375.0,
     5400.0,
     5425.0,
     5450.0,
     5475.0,
     5500.0,
     5525.0,
     5550.0,
     5575.0,
     5600.0,
     5625.0,
     5650.0,
     5675.0,
     5700.0,
     5725.0,
     5750.0,
     5775.0,
     5800.0,
     5825.0,
     5850.0,
     5875.0,
     5900.0,
     5925.0,
     5950.0,
     5975.0,
     6000.0,
     6025.0,
     6050.0,
     6075.0,
     6100.0,
     6125.0,
     6150.0,
     6175.0,
     6200.0,
     6225.0,
     6250.0,
     6275.0,
     6300.0,
     6325.0,
     6350.0,
     6375.0,
     6400.0,
     6425.0,
     6450.0,
     6475.0,
     6500.0,
     6525.0,
     6550.0,
     6575.0,
     6600.0,
     6625.0,
     6650.0,
     6675.0,
     6700.0,
     6725.0,
     6750.0,
     6775.0,
     6800.0,
     6825.0,
     6850.0,
     6875.0,
     6900.0,
     6925.0,
     6950.0,
     6975.0,
     7000.0,
     7025.0,
     7050.0,
     7075.0,
     7100.0,
     7125.0,
     7150.0,
     7175.0,
     7200.0,
     7225.0,
     7250.0,
     7275.0,
     7300.0,
     7325.0,
     7350.0,
     7375.0,
     7400.0,
     7425.0,
     7450.0,
     7475.0,
     7500.0,
     7525.0,
     7550.0,
     7575.0,
     7600.0,
     7625.0,
     7650.0,
     7675.0,
     7700.0,
     7725.0,
     7750.0,
     7775.0,
     7800.0,
     7825.0,
     7850.0,
     7875.0,
     7900.0,
     7925.0,
     7950.0,
     7975.0,
     8000.0,
     8025.0,
     8050.0,
     8075.0,
     8100.0,
     8125.0,
     8150.0,
     8175.0,
     8200.0,
     8225.0,
     8250.0,
     8275.0,
     8300.0,
     8325.0,
     8350.0,
     8375.0,
     8400.0,
     8425.0,
     8450.0,
     8475.0,
     8500.0,
     8525.0,
     8550.0,
     8575.0,
     8600.0,
     8625.0,
     8650.0,
     8675.0,
     8700.0,
     8725.0,
     8750.0,
     8775.0,
     8800.0,
     8825.0,
     8850.0,
     8875.0,
     8900.0,
     8925.0,
     8950.0,
     8975.0,
     9000.0,
     9025.0,
     9050.0,
     9075.0,
     9100.0,
     9125.0,
     9150.0,
     9175.0,
     9200.0,
     9225.0,
     9250.0,
     9275.0,
     9300.0,
     9325.0,
     9350.0,
     9375.0,
     9400.0,
     9425.0,
     9450.0,
     9475.0,
     9500.0,
     9525.0,
     9550.0,
     9575.0,
     9600.0,
     9625.0,
     9650.0,
     9675.0,
     9700.0,
     9725.0,
     9750.0,
     9775.0,
     9800.0,
     9825.0,
     9850.0,
     9875.0,
     9900.0,
     9925.0,
     9950.0,
     9975.0,
     10000.0,
     10025.0,
     10050.0,
     10075.0,
     10100.0,
     10125.0,
     10150.0,
     10175.0,
     10200.0,
     10225.0,
     10250.0,
     10275.0,
     10300.0,
     10325.0,
     10350.0,
     10375.0,
     10400.0,
     10425.0,
     10450.0,
     10475.0,
     10500.0,
     10525.0,
     10550.0,
     10575.0,
     10600.0,
     10625.0,
     10650.0,
     10675.0,
     10700.0,
     10725.0,
     10750.0,
     10775.0,
     10800.0,
     10825.0,
     10850.0,
     10875.0,
     10900.0,
     10925.0,
     10950.0,
     10975.0,
     11000.0,
     11025.0,
     11050.0,
     11075.0,
     11100.0,
     11125.0,
     11150.0,
     11175.0,
     11200.0,
     11225.0,
     11250.0,
     11275.0,
     11300.0,
     11325.0,
     11350.0,
     11375.0,
     11400.0,
     11425.0,
     11450.0,
     11475.0,
     11500.0,
     11525.0,
     11550.0,
     11575.0,
     11600.0,
     11625.0,
     11650.0,
     11675.0,
     11700.0,
     11725.0,
     11750.0,
     11775.0,
     11800.0,
     11825.0,
     11850.0,
     11875.0,
     11900.0,
     11925.0,
     11950.0,
     11975.0,
     12000.0,
     12025.0,
     12050.0,
     12075.0,
     12100.0,
     12125.0,
     12150.0,
     12175.0,
     12200.0,
     12225.0,
     12250.0,
     12275.0,
     12300.0,
     12325.0,
     12350.0,
     12375.0,
     12400.0,
     12425.0,
     12450.0,
     12475.0,
     12500.0,
     12525.0,
     12550.0,
     12575.0,
     12600.0,
     12625.0,
     12650.0,
     12675.0,
     12700.0,
     12725.0,
     12750.0,
     12775.0,
     12800.0,
     12825.0,
     12850.0,
     12875.0,
     12900.0,
     12925.0,
     12950.0,
     12975.0,
     13000.0,
     13025.0,
     13050.0,
     13075.0,
     13100.0,
     13125.0,
     13150.0,
     13175.0,
     13200.0,
     13225.0,
     13250.0,
     13275.0,
     13300.0,
     13325.0,
     13350.0,
     13375.0,
     13400.0,
     13425.0,
     13450.0,
     13475.0,
     13500.0,
     13525.0,
     13550.0,
     13575.0,
     13600.0,
     13625.0,
     13650.0,
     13675.0
    ],
    "kmMarks": [
     {"km":1,"i":40},
     {"km":2,"i":80},
     {"km":3,"i":120},
     {"km":4,"i":160},
     {"km":5,"i":200},
     {"km":6,"i":240},
     {"km":7,"i":280},
     {"km":8,"i":320},
     {"km":9,"i":360},
     {"km":10,"i":400},
     {"km":11,"i":440},
     {"km":12,"i":480},
     {"km":13,"i":520}
    ],
    "waypoints": [
     {"id":"gjendesheim","i":0},
     {"id":"veslfjellet","i":200},
     {"id":"besseggen","i":247},
     {"id":"bandet","i":304},
     {"id":"bjornboltjonne","i":391},
     {"id":"memurubu","i":547}
    ]
   }
  },
  {
   "type": "Feature",
   "id": "gjendesheim-bessheim",
   "geometry": {
    "type": "LineString",
    "coordinates": [
     [170973.18,6833460.8,998.34],
     [170973.2,6833460.8,998.34],
     [170976.21,6833461.91,998.23],
     [170976.81,6833462.13,998.3],
     [170979.37,6833463.9,999.75],
     [170981.63,6833467.04,1001.25],
     [170983.57,6833469.07,1001.82],
     [170985.81,6833468.43,1002.26],
     [170987.65,6833467.47,1002.46],
     [170989.2,6833467.21,1002.64],
     [170995.22,6833466.68,1003.75],
     [170998.96,6833467.33,1004.67],
     [171000.29,6833467.64,1004.99],
     [171002.42,6833466.62,1005.27],
     [171004.92,6833466.16,1005.85],
     [171007.57,6833467.29,1006.69],
     [171009.59,6833467.79,1007.27],
     [171013.49,6833467.97,1008.09],
     [171014.15,6833468.46,1008.32],
     [171015.02,6833469.29,1008.66],
     [171017.46,6833469.44,1009.13],
     [171018.83,6833469.26,1009.35],
     [171021.14,6833468.3,1009.74],
     [171023.2,6833469.19,1010.38],
     [171028.2,6833469.14,1011.48],
     [171035.85,6833469.31,1013.56],
     [171042.35,6833470.21,1015.33],
     [171045.31,6833470.18,1015.99],
     [171045.35,6833470.39,1016.04],
     [171047.48,6833475.75,1017.46],
     [171048.15,6833479.04,1018.6],
     [171048.14,6833483.6,1020.11],
     [171045.5,6833488.93,1021.38],
     [171043.18,6833492.59,1021.96],
     [171041.58,6833495.84,1022.16],
     [171040.59,6833499.97,1022.46],
     [171038.71,6833502.93,1022.63],
     [171037.05,6833506.38,1022.96],
     [171037.79,6833507.75,1023.31],
     [171038.2,6833508.31,1023.54],
     [171039.21,6833508.52,1023.91],
     [171042.4,6833508.54,1024.66],
     [171045.04,6833509.09,1025.41],
     [171046.93,6833508.82,1025.83],
     [171047.79,6833508.5,1025.99],
     [171049.82,6833508.63,1026.61],
     [171053.01,6833509.09,1027.31],
     [171056.55,6833509.83,1028.29],
     [171058.94,6833510.28,1028.89],
     [171061.71,6833510.83,1029.37],
     [171067.51,6833513.3,1031.07],
     [171075.33,6833516.58,1033.13],
     [171079.42,6833517.84,1034.35],
     [171082.7,6833518.63,1035.13],
     [171085.4,6833519.0,1035.57],
     [171087.46,6833518.65,1035.84],
     [171090.49,6833518.59,1036.32],
     [171093.82,6833519.38,1036.96],
     [171096.91,6833521.81,1037.61],
     [171099.14,6833523.9,1038.04],
     [171100.89,6833525.55,1038.3],
     [171103.22,6833526.89,1038.59],
     [171106.64,6833527.99,1039.06],
     [171109.29,6833528.41,1039.66],
     [171111.62,6833528.93,1040.38],
     [171113.24,6833529.47,1040.89],
     [171115.95,6833531.08,1041.71],
     [171122.61,6833534.62,1043.12],
     [171129.92,6833538.3,1044.73],
     [171134.48,6833540.51,1045.95],
     [171140.44,6833543.03,1047.19],
     [171144.85,6833544.98,1048.07],
     [171148.92,6833547.81,1048.97],
     [171149.58,6833548.27,1049.03],
     [171152.83,6833550.87,1049.68],
     [171153.64,6833551.87,1049.95],
     [171154.45,6833552.51,1050.13],
     [171155.11,6833552.68,1050.21],
     [171159.95,6833553.8,1050.95],
     [171165.04,6833555.0,1051.81],
     [171169.81,6833555.87,1052.65],
     [171173.83,6833556.7,1053.41],
     [171178.86,6833558.71,1054.35],
     [171183.4,6833561.16,1055.41],
     [171184.73,6833561.87,1055.7],
     [171186.61,6833563.47,1056.31],
     [171187.98,6833564.64,1056.78],
     [171189.15,6833565.28,1057.1],
     [171190.3,6833565.49,1057.12],
     [171193.05,6833565.68,1057.35],
     [171193.92,6833565.83,1057.55],
     [171194.67,6833566.28,1057.85],
     [171195.78,6833567.33,1058.38],
     [171197.14,6833568.46,1058.92],
     [171197.8,6833570.39,1059.54],
     [171198.32,6833571.21,1059.85],
     [171198.67,6833571.65,1060.0],
     [171199.14,6833571.94,1060.09],
     [171200.29,6833572.73,1060.32],
     [171201.2,6833574.18,1060.65],
     [171201.55,6833574.58,1060.77],
     [171202.89,6833575.14,1060.92],
     [171205.15,6833575.82,1061.07],
     [171214.9,6833577.86,1061.77],
     [171223.46,6833579.82,1062.44],
     [171228.82,6833582.15,1063.11],
     [171233.14,6833583.28,1063.74],
     [171238.05,6833584.97,1064.29],
     [171240.55,6833585.92,1064.61],
     [171243.43,6833586.26,1064.76],
     [171248.26,6833586.4,1065.29],
     [171250.36,6833586.61,1065.57],
     [171251.26,6833586.88,1065.74],
     [171251.75,6833587.27,1065.86],
     [171253.4,6833587.96,1066.2],
     [171254.75,6833588.39,1066.53],
     [171256.48,6833588.17,1066.85],
     [171259.26,6833588.75,1067.49],
     [171260.73,6833589.28,1067.81],
     [171262.73,6833589.58,1068.15],
     [171266.48,6833590.88,1068.75],
     [171274.95,6833595.08,1070.2],
     [171277.1,6833595.96,1070.45],
     [171279.22,6833594.76,1070.35],
     [171280.35,6833594.44,1070.39],
     [171282.36,6833592.6,1070.41],
     [171286.52,6833590.22,1070.62],
     [171289.32,6833588.22,1070.39],
     [171291.79,6833586.34,1070.35],
     [171296.11,6833585.71,1070.67],
     [171297.39,6833584.68,1070.76],
     [171299.02,6833585.27,1071.1],
     [171304.36,6833586.41,1072.17],
     [171314.33,6833589.38,1074.31],
     [171324.43,6833590.97,1076.66],
     [171334.45,6833594.0,1077.1],
     [171341.86,6833597.35,1078.19],
     [171350.14,6833603.11,1079.23],
     [171352.34,6833604.45,1079.71],
     [171354.26,6833605.72,1080.13],
     [171356.67,6833606.15,1080.5],
     [171360.82,6833606.53,1081.14],
     [171364.28,6833605.92,1081.66],
     [171369.76,6833605.19,1082.56],
     [171373.82,6833605.77,1083.17],
     [171379.47,6833607.93,1084.02],
     [171382.57,6833608.92,1084.41],
     [171384.77,6833610.38,1084.6],
     [171389.02,6833613.96,1084.75],
     [171402.0,6833622.16,1085.6],
     [171417.36,6833634.07,1086.71],
     [171425.85,6833638.83,1087.14],
     [171425.93,6833638.99,1087.15],
     [171425.98,6833639.59,1087.18],
     [171429.07,6833642.87,1087.32],
     [171431.43,6833645.06,1087.54],
     [171433.27,6833646.92,1087.85],
     [171434.59,6833647.62,1088.0],
     [171442.27,6833651.24,1088.75],
     [171449.86,6833654.64,1089.4],
     [171453.29,6833655.61,1089.67],
     [171454.75,6833656.76,1089.96],
     [171458.98,6833660.09,1090.51],
     [171460.95,6833661.32,1090.84],
     [171462.67,6833661.79,1090.59],
     [171464.26,6833662.83,1090.66],
     [171465.3,6833663.75,1090.74],
     [171466.2,6833665.04,1090.95],
     [171467.46,6833666.6,1091.22],
     [171469.2,6833668.08,1091.33],
     [171471.23,6833669.07,1091.29],
     [171473.24,6833670.96,1091.29],
     [171476.14,6833673.47,1091.09],
     [171485.08,6833678.25,1091.45],
     [171496.57,6833684.5,1091.85],
     [171504.67,6833688.59,1092.46],
     [171510.36,6833690.72,1092.71],
     [171518.87,6833693.67,1093.16],
     [171523.69,6833695.45,1093.13],
     [171526.73,6833697.01,1093.14],
     [171529.86,6833698.87,1093.0],
     [171530.83,6833699.7,1093.07],
     [171531.85,6833700.93,1093.12],
     [171537.36,6833706.26,1092.78],
     [171539.33,6833707.75,1092.5],
     [171539.58,6833707.93,1092.44],
     [171541.38,6833708.43,1092.27],
     [171543.72,6833709.48,1092.09],
     [171546.05,6833711.5,1092.08],
     [171551.39,6833716.92,1092.7],
     [171554.71,6833720.06,1092.88],
     [171558.31,6833722.84,1093.26],
     [171559.35,6833723.51,1093.24],
     [171562.3,6833724.21,1093.22],
     [171563.51,6833724.9,1093.36],
     [171565.06,6833726.41,1093.71],
     [171566.83,6833727.54,1093.94],
     [171569.77,6833728.96,1094.34],
     [171573.21,6833730.44,1094.72],
     [171575.52,6833731.12,1094.84],
     [171580.14,6833730.74,1094.68],
     [171582.72,6833731.29,1094.81],
     [171586.27,6833733.01,1095.16],
     [171589.15,6833735.28,1095.52],
     [171591.54,6833736.25,1095.66],
     [171597.65,6833738.86,1096.16],
     [171602.95,6833743.09,1096.97],
     [171608.17,6833746.59,1097.76],
     [171611.02,6833748.34,1098.05],
     [171617.33,6833754.73,1098.84],
     [171617.86,6833755.96,1098.99],
     [171621.3,6833758.58,1099.62],
     [171622.99,6833760.71,1100.1],
     [171625.55,6833764.45,1100.77],
     [171627.53,6833767.02,1101.12],
     [171628.68,6833768.46,1101.27],
     [171630.45,6833769.59,1101.41],
     [171633.12,6833770.01,1101.28],
     [171633.86,6833770.26,1101.21],
     [171635.22,6833771.69,1101.3],
     [171638.14,6833776.07,1101.65],
     [171639.05,6833777.47,1101.89],
     [171640.52,6833778.66,1101.97],
     [171641.84,6833779.2,1101.9],
     [171642.93,6833780.25,1102.04],
     [171644.58,6833782.37,1102.37],
     [171647.23,6833786.37,1102.86],
     [171648.17,6833787.66,1102.83],
     [171651.01,6833790.18,1103.14],
     [171654.68,6833793.38,1103.52],
     [171656.05,6833794.54,1103.61],
     [171659.0,6833798.12,1104.16],
     [171663.13,6833803.06,1104.5],
     [171668.12,6833808.59,1104.7],
     [171672.42,6833811.43,1105.02],
     [171678.21,6833814.92,1105.13],
     [171681.54,6833816.86,1105.09],
     [171683.52,6833817.0,1105.1],
     [171686.27,6833816.44,1105.31],
     [171691.89,6833817.59,1105.73],
     [171696.01,6833818.28,1105.87],
     [171699.32,6833817.47,1105.82],
     [171702.88,6833818.28,1105.52],
     [171710.43,6833820.11,1104.89],
     [171714.44,6833820.89,1104.33],
     [171715.05,6833820.6,1104.25],
     [171716.45,6833818.69,1104.07],
     [171717.86,6833816.25,1103.96],
     [171718.27,6833816.04,1103.93],
     [171720.21,6833816.46,1103.8],
     [171725.43,6833818.88,1104.1],
     [171731.01,6833821.11,1104.3],
     [171736.01,6833821.83,1104.89],
     [171736.4,6833821.92,1104.97],
     [171738.33,6833821.8,1105.33],
     [171739.64,6833821.92,1105.58],
     [171742.7,6833823.67,1105.97],
     [171745.58,6833825.92,1106.27],
     [171746.9,6833827.36,1106.35],
     [171748.46,6833829.69,1106.3],
     [171749.73,6833831.92,1106.19],
     [171750.61,6833836.0,1106.03],
     [171750.55,6833841.63,1106.19],
     [171750.35,6833852.54,1106.55],
     [171751.23,6833865.37,1106.46],
     [171751.79,6833873.71,1106.38],
     [171752.98,6833879.92,1106.67],
     [171753.42,6833881.55,1106.75],
     [171756.7,6833886.96,1107.05],
     [171760.83,6833892.89,1107.26],
     [171763.44,6833897.39,1107.41],
     [171765.17,6833900.93,1107.37],
     [171765.7,6833902.58,1107.26],
     [171766.6,6833903.79,1107.28],
     [171767.14,6833904.48,1107.29],
     [171768.85,6833908.32,1107.13],
     [171770.64,6833911.67,1106.98],
     [171771.33,6833913.7,1106.87],
     [171771.87,6833916.79,1106.53],
     [171772.9,6833918.71,1106.42],
     [171773.74,6833919.58,1106.43],
     [171775.15,6833920.45,1106.53],
     [171777.77,6833922.02,1106.63],
     [171779.5,6833923.84,1106.46],
     [171783.24,6833927.39,1106.68],
     [171784.53,6833929.12,1106.69],
     [171785.11,6833930.5,1106.64],
     [171787.77,6833933.72,1106.74],
     [171789.95,6833936.67,1106.98],
     [171790.85,6833937.49,1107.12],
     [171791.48,6833938.33,1107.15],
     [171791.96,6833939.78,1107.03],
     [171793.34,6833943.69,1106.83],
     [171794.2,6833947.02,1106.63],
     [171796.02,6833950.8,1106.59],
     [171796.33,6833951.52,1106.57],
     [171796.14,6833951.96,1106.44],
     [171795.67,6833953.06,1106.12],
     [171795.76,6833954.08,1105.97],
     [171796.5,6833956.54,1105.74],
     [171797.11,6833958.09,1105.69],
     [171797.17,6833960.28,1105.45],
     [171796.8,6833963.14,1105.27],
     [171796.08,6833973.16,1105.34],
     [171795.26,6833988.71,1105.33],
     [171793.43,6834002.61,1104.91],
     [171792.2,6834009.55,1104.77],
     [171791.97,6834016.8,1104.44],
     [171792.06,6834019.64,1104.23],
     [171791.57,6834022.92,1103.94],
     [171790.3,6834026.54,1103.51],
     [171790.17,6834027.54,1103.41],
     [171790.45,6834028.74,1103.34],
     [171790.67,6834029.78,1103.29],
     [171790.91,6834030.36,1103.27],
     [171790.51,6834032.75,1103.03],
     [171789.77,6834035.53,1102.75],
     [171789.61,6834036.87,1102.64],
     [171789.7,6834039.98,1102.41],
     [171789.84,6834042.72,1102.19],
     [171790.1,6834044.84,1102.02],
     [171789.18,6834048.25,1101.46],
     [171788.74,6834050.78,1100.94],
     [171789.23,6834053.34,1100.59],
     [171789.73,6834056.95,1100.14],
     [171789.81,6834060.61,1099.79],
     [171789.38,6834062.02,1099.67],
     [171788.52,6834063.26,1099.5],
     [171787.53,6834065.53,1099.3],
     [171785.76,6834071.95,1098.87],
     [171784.04,6834078.05,1097.95],
     [171783.68,6834082.8,1097.04],
     [171784.21,6834084.93,1096.65],
     [171785.35,6834086.64,1096.51],
     [171785.79,6834087.74,1096.37],
     [171785.73,6834088.75,1096.18],
     [171784.92,6834090.75,1095.7],
     [171785.1,6834093.47,1095.28],
     [171785.49,6834095.67,1094.98],
     [171785.33,6834099.06,1094.49],
     [171785.13,6834102.46,1094.08],
     [171785.66,6834105.17,1093.76],
     [171787.63,6834109.2,1093.28],
     [171789.2,6834113.29,1092.77],
     [171790.76,6834117.17,1092.22],
     [171791.69,6834118.92,1091.97],
     [171793.38,6834120.91,1091.65],
     [171794.43,6834122.33,1091.34],
     [171794.77,6834122.66,1091.28],
     [171795.58,6834123.01,1091.24],
     [171797.55,6834124.42,1090.97],
     [171799.52,6834126.16,1090.63],
     [171800.9,6834127.76,1090.31],
     [171802.17,6834129.69,1090.04],
     [171804.15,6834134.62,1089.62],
     [171808.42,6834149.24,1089.04],
     [171814.64,6834171.71,1087.76],
     [171819.05,6834188.75,1086.26],
     [171822.67,6834200.5,1084.97],
     [171826.11,6834209.87,1083.67],
     [171827.65,6834212.2,1083.26],
     [171828.28,6834214.05,1082.92],
     [171828.42,6834219.88,1081.96],
     [171829.26,6834221.71,1081.8],
     [171829.31,6834222.89,1081.64],
     [171828.79,6834225.8,1081.22],
     [171828.92,6834228.2,1080.96],
     [171829.21,6834231.25,1080.52],
     [171829.6,6834233.46,1080.17],
     [171830.03,6834234.43,1080.0],
     [171831.15,6834235.83,1079.7],
     [171833.33,6834237.27,1079.49],
     [171834.06,6834237.75,1079.42],
     [171834.88,6834238.7,1079.23],
     [171836.09,6834240.35,1078.86],
     [171837.51,6834242.45,1078.58],
     [171838.8,6834244.53,1078.19],
     [171839.02,6834245.57,1078.03],
     [171839.36,6834246.55,1077.87],
     [171839.8,6834247.59,1077.68],
     [171841.39,6834249.43,1077.41],
     [171842.69,6834251.16,1077.16],
     [171843.43,6834252.62,1076.95],
     [171845.21,6834254.14,1076.66],
     [171846.73,6834256.0,1076.36],
     [171848.42,6834258.66,1075.94],
     [171850.05,6834260.78,1075.59],
     [171851.88,6834263.92,1075.12],
     [171852.64,6834265.87,1075.21],
     [171854.6,6834270.61,1075.45],
     [171857.58,6834276.87,1075.45],
     [171858.94,6834280.26,1075.44],
     [171860.83,6834286.47,1075.44],
     [171861.71,6834289.69,1075.4],
     [171861.8,6834291.01,1075.38],
     [171861.88,6834293.51,1075.23],
     [171861.94,6834297.5,1074.72],
     [171861.27,6834300.32,1074.15],
     [171860.39,6834302.58,1073.52],
     [171860.02,6834304.82,1072.88],
     [171859.99,6834307.54,1072.13],
     [171860.19,6834309.79,1071.57],
     [171861.39,6834313.2,1070.75],
     [171862.2,6834315.2,1070.32],
     [171862.38,6834317.04,1070.01],
     [171862.33,6834318.88,1069.77],
     [171862.14,6834323.62,1069.54],
     [171862.86,6834327.84,1069.66],
     [171865.36,6834331.13,1069.5],
     [171867.42,6834333.53,1069.35],
     [171869.67,6834337.22,1069.41],
     [171874.45,6834343.65,1069.01],
     [171879.42,6834349.25,1068.4],
     [171882.63,6834352.92,1067.92],
     [171884.83,6834356.8,1067.6],
     [171888.15,6834360.41,1066.69],
     [171890.24,6834362.59,1066.31],
     [171893.61,6834366.24,1065.95],
     [171896.17,6834369.69,1065.94],
     [171899.51,6834373.59,1065.7],
     [171901.26,6834376.78,1065.6],
     [171902.55,6834381.05,1065.57],
     [171903.42,6834385.24,1065.59],
     [171905.26,6834391.93,1065.58],
     [171907.8,6834395.41,1065.24],
     [171910.61,6834398.84,1064.84],
     [171913.43,6834403.18,1064.64],
     [171915.27,6834407.28,1064.52],
     [171917.39,6834411.19,1064.61],
     [171921.33,6834416.73,1064.41],
     [171924.73,6834421.79,1064.44],
     [171928.92,6834425.56,1064.49],
     [171931.77,6834427.07,1064.33],
     [171934.95,6834430.28,1064.33],
     [171936.72,6834433.17,1064.37],
     [171938.85,6834437.42,1064.29],
     [171941.12,6834440.71,1064.05],
     [171942.98,6834444.17,1063.86],
     [171944.23,6834447.87,1063.77],
     [171945.65,6834452.03,1063.69],
     [171947.39,6834457.5,1063.6],
     [171950.15,6834463.93,1063.48],
     [171952.98,6834470.88,1063.45],
     [171956.26,6834479.2,1063.42],
     [171959.59,6834488.62,1063.19],
     [171963.85,6834498.33,1062.81],
     [171966.02,6834503.62,1062.61],
     [171968.33,6834509.08,1062.39],
     [171972.45,6834514.9,1062.26],
     [171975.37,6834519.46,1062.2],
     [171977.84,6834523.84,1061.96],
     [171978.92,6834527.67,1061.67],
     [171979.49,6834530.79,1061.43],
     [171980.42,6834537.16,1060.87],
     [171978.85,6834545.91,1060.29],
     [171977.75,6834553.38,1060.09],
     [171977.85,6834557.75,1060.01],
     [171978.98,6834562.01,1059.79],
     [171979.26,6834567.12,1059.45],
     [171978.32,6834572.53,1058.99],
     [171979.23,6834575.84,1058.66],
     [171980.65,6834580.25,1058.15],
     [171982.52,6834585.82,1057.61],
     [171984.97,6834589.51,1057.17],
     [171989.0,6834594.37,1056.48],
     [171990.85,6834597.21,1056.06],
     [171993.94,6834600.62,1055.6],
     [171997.57,6834603.75,1054.98],
     [172001.26,6834608.78,1053.95],
     [172007.86,6834618.38,1052.3],
     [172010.39,6834622.75,1051.62],
     [172011.94,6834625.78,1051.23],
     [172014.24,6834629.01,1050.79],
     [172016.58,6834633.4,1050.51],
     [172019.33,6834639.19,1050.21],
     [172021.64,6834642.84,1050.02],
     [172023.86,6834646.08,1049.85],
     [172025.95,6834649.57,1049.66],
     [172030.08,6834656.3,1049.02],
     [172032.33,6834660.93,1048.48],
     [172034.11,6834663.81,1048.06],
     [172038.54,6834668.63,1047.09],
     [172041.63,6834671.88,1046.38],
     [172043.96,6834674.42,1046.0],
     [172045.27,6834677.78,1045.59],
     [172047.3,6834681.24,1045.29],
     [172050.41,6834689.08,1044.62],
     [172053.75,6834694.42,1044.05],
     [172055.26,6834697.17,1043.7],
     [172059.21,6834702.39,1043.06],
     [172060.94,6834704.86,1042.81],
     [172063.07,6834708.52,1042.51],
     [172065.94,6834718.04,1041.83],
     [172067.37,6834723.66,1041.46],
     [172068.6,6834727.46,1041.13],
     [172070.36,6834729.89,1040.84],
     [172072.91,6834732.68,1040.31],
     [172075.53,6834734.78,1039.73],
     [172080.48,6834736.49,1038.77],
     [172085.36,6834737.88,1037.71],
     [172089.32,6834740.17,1036.98],
     [172092.2,6834741.79,1036.6],
     [172097.3,6834742.43,1035.87],
     [172100.8,6834744.05,1035.02],
     [172103.49,6834747.63,1034.15],
     [172106.83,6834751.7,1033.29],
     [172111.98,6834756.34,1032.1],
     [172115.36,6834759.01,1031.47],
     [172118.96,6834760.54,1030.75],
     [172123.02,6834759.95,1030.15],
     [172126.66,6834758.68,1029.62],
     [172129.93,6834757.55,1028.97],
     [172133.7,6834756.94,1028.13],
     [172137.86,6834757.84,1027.15],
     [172141.87,6834758.99,1026.3],
     [172146.58,6834760.92,1025.16],
     [172149.23,6834763.22,1024.44],
     [172152.95,6834768.25,1023.27],
     [172155.15,6834770.68,1022.79],
     [172158.76,6834772.42,1022.07],
     [172162.48,6834771.78,1021.31],
     [172167.25,6834770.05,1019.93],
     [172170.13,6834768.25,1019.19],
     [172173.36,6834766.11,1018.28],
     [172178.14,6834767.96,1016.87],
     [172180.99,6834769.58,1016.38],
     [172183.8,6834770.35,1015.95],
     [172188.05,6834770.33,1015.19],
     [172192.74,6834771.95,1014.49],
     [172196.09,6834772.47,1013.96],
     [172199.93,6834773.2,1013.77],
     [172204.37,6834774.04,1013.6],
     [172211.55,6834775.59,1013.61],
     [172212.7,6834776.08,1013.64],
     [172218.91,6834780.91,1013.88],
     [172222.86,6834784.16,1013.83],
     [172227.48,6834788.08,1013.77],
     [172230.77,6834792.44,1013.66],
     [172233.92,6834796.5,1013.47],
     [172238.33,6834803.38,1012.86],
     [172240.7,6834806.92,1012.68],
     [172244.02,6834812.96,1012.55],
     [172245.99,6834816.71,1012.55],
     [172248.9,6834822.12,1012.66],
     [172250.27,6834826.93,1012.61],
     [172250.89,6834832.96,1012.35],
     [172252.7,6834839.74,1012.15],
     [172255.86,6834844.97,1011.82],
     [172257.58,6834848.43,1011.66],
     [172261.26,6834854.07,1011.56],
     [172265.83,6834859.5,1011.51],
     [172268.41,6834863.45,1011.41],
     [172276.59,6834870.35,1010.78],
     [172282.99,6834874.47,1009.56],
     [172289.15,6834877.87,1007.91],
     [172292.61,6834878.71,1007.31],
     [172298.51,6834879.42,1006.49],
     [172301.71,6834879.36,1006.08],
     [172307.51,6834878.32,1005.22],
     [172312.35,6834877.57,1005.03],
     [172313.71,6834877.37,1005.16],
     [172314.61,6834879.75,1005.2],
     [172316.71,6834885.33,1005.18],
     [172318.0,6834888.72,1005.14],
     [172317.74,6834893.66,1005.1],
     [172320.81,6834899.57,1005.02],
     [172323.14,6834905.47,1004.98],
     [172324.48,6834910.31,1004.4],
     [172325.96,6834913.64,1003.78],
     [172327.8,6834917.22,1003.33],
     [172328.25,6834921.61,1003.18],
     [172329.9,6834927.89,1002.38],
     [172331.39,6834935.82,1001.25],
     [172335.06,6834941.25,999.56],
     [172337.58,6834944.7,998.6],
     [172343.62,6834951.42,997.05],
     [172345.95,6834954.17,996.55],
     [172345.29,6834959.47,995.85],
     [172345.06,6834964.3,994.92],
     [172346.4,6834969.51,993.87],
     [172346.34,6834972.87,993.42],
     [172344.82,6834976.36,993.37],
     [172345.63,6834981.33,992.69],
     [172347.06,6834985.04,992.23],
     [172348.0,6834988.76,993.01],
     [172347.95,6834993.95,994.63],
     [172351.89,6834996.79,995.48],
     [172353.79,6834999.62,996.01],
     [172355.18,6835006.78,997.27],
     [172356.46,6835010.54,997.99],
     [172357.16,6835013.52,998.56],
     [172358.63,6835021.66,999.93],
     [172360.77,6835025.44,1000.46],
     [172363.42,6835031.78,1000.7],
     [172365.93,6835037.63,1000.28],
     [172363.95,6835043.53,1000.4],
     [172366.47,6835048.84,1000.92],
     [172373.45,6835052.86,1001.23],
     [172375.61,6835057.75,1002.07],
     [172376.4,6835063.91,1003.45],
     [172377.63,6835068.74,1003.88],
     [172379.18,6835073.44,1004.21],
     [172379.68,6835077.35,1004.6],
     [172381.0,6835080.91,1004.8],
     [172381.84,6835088.27,1005.28],
     [172384.46,6835093.65,1005.27],
     [172387.1,6835096.38,1005.22],
     [172389.85,6835098.87,1005.04],
     [172396.73,6835104.86,1004.29],
     [172397.85,6835107.7,1004.12],
     [172402.67,6835110.06,1003.48],
     [172405.53,6835111.88,1003.07],
     [172409.63,6835114.61,1002.41],
     [172414.12,6835116.24,1001.58],
     [172418.08,6835118.69,1000.85],
     [172423.68,6835120.01,999.96],
     [172432.98,6835122.56,998.67],
     [172439.21,6835126.11,997.65],
     [172442.8,6835126.89,996.84],
     [172446.54,6835128.67,996.13],
     [172452.31,6835133.18,995.44],
     [172455.0,6835136.25,995.2],
     [172459.96,6835138.77,995.12],
     [172462.45,6835140.68,995.1],
     [172466.63,6835142.88,994.92],
     [172470.34,6835145.62,994.82],
     [172473.6,6835150.26,994.69],
     [172482.02,6835154.88,992.88],
     [172488.47,6835159.97,992.6],
     [172490.51,6835162.82,993.04],
     [172489.26,6835166.65,994.25],
     [172489.78,6835169.87,995.08],
     [172489.92,6835174.6,996.3],
     [172490.86,6835182.42,997.92],
     [172493.62,6835192.05,998.77],
     [172494.8,6835194.3,998.98],
     [172495.34,6835195.34,999.06],
     [172497.88,6835200.24,999.39],
     [172499.95,6835203.15,999.75],
     [172502.52,6835207.48,1000.19],
     [172504.18,6835213.28,1000.29],
     [172505.69,6835216.04,1000.17],
     [172507.43,6835218.94,1000.11],
     [172509.75,6835225.5,1000.01],
     [172510.21,6835229.71,1000.27],
     [172513.38,6835241.47,1001.23],
     [172515.71,6835244.06,1001.23],
     [172516.96,6835246.81,1001.29],
     [172518.25,6835250.55,1001.57],
     [172519.47,6835253.89,1001.94],
     [172520.56,6835260.35,1002.97],
     [172524.14,6835269.79,1004.39],
     [172526.47,6835273.39,1004.71],
     [172530.91,6835279.61,1004.89],
     [172532.5,6835282.77,1004.9],
     [172534.75,6835291.1,1005.27],
     [172538.12,6835299.16,1005.39],
     [172542.27,6835307.12,1005.96],
     [172546.44,6835317.75,1006.65],
     [172548.16,6835323.84,1006.78],
     [172550.55,6835331.24,1007.04],
     [172551.42,6835336.62,1007.54],
     [172555.82,6835345.14,1008.73],
     [172557.38,6835348.16,1008.93],
     [172561.86,6835354.57,1008.91],
     [172564.73,6835360.72,1009.24],
     [172566.12,6835367.57,1009.46],
     [172567.42,6835370.37,1009.22],
     [172568.9,6835377.34,1009.72],
     [172569.14,6835380.71,1009.25],
     [172570.5,6835384.88,1008.24],
     [172572.52,6835393.3,1010.26],
     [172575.28,6835396.01,1010.26],
     [172584.27,6835401.83,1011.08],
     [172590.08,6835404.85,1010.68],
     [172598.07,6835402.18,1008.8],
     [172601.81,6835402.63,1008.61],
     [172605.54,6835402.85,1008.58],
     [172610.39,6835401.09,1007.98],
     [172614.27,6835404.07,1007.82],
     [172617.39,6835406.45,1007.58],
     [172623.12,6835409.07,1007.46],
     [172628.48,6835409.63,1007.55],
     [172632.13,6835413.55,1007.63],
     [172634.79,6835415.93,1007.2],
     [172639.56,6835420.37,1006.85],
     [172645.81,6835424.76,1007.6],
     [172648.38,6835426.35,1007.84],
     [172652.5,6835425.77,1007.47],
     [172661.31,6835422.44,1005.95],
     [172663.73,6835419.66,1005.25],
     [172666.62,6835415.36,1004.77],
     [172678.17,6835419.85,1004.42],
     [172681.67,6835419.01,1003.83],
     [172685.79,6835420.18,1003.24],
     [172690.26,6835424.23,1003.21],
     [172694.99,6835426.64,1002.68],
     [172699.83,6835429.89,1002.76],
     [172703.1,6835430.84,1002.44],
     [172711.57,6835428.52,1001.97],
     [172716.65,6835427.89,1001.54],
     [172720.18,6835429.1,1001.37],
     [172725.76,6835430.36,1001.13],
     [172732.46,6835432.18,1000.77],
     [172744.96,6835433.05,999.05],
     [172750.02,6835432.85,998.55],
     [172753.19,6835432.87,998.08],
     [172757.04,6835434.59,997.89],
     [172761.74,6835434.59,997.32],
     [172764.73,6835433.66,996.93],
     [172768.33,6835430.35,996.47],
     [172771.03,6835432.22,996.48],
     [172777.8,6835433.63,995.89],
     [172784.21,6835434.09,995.35],
     [172788.11,6835433.46,994.99],
     [172792.78,6835434.16,994.92],
     [172795.73,6835435.76,994.81],
     [172798.42,6835437.02,994.69],
     [172804.1,6835439.22,994.25],
     [172809.1,6835443.22,994.33],
     [172814.36,6835446.97,994.3],
     [172821.15,6835450.76,993.97],
     [172823.96,6835452.55,994.07],
     [172829.32,6835455.19,994.09],
     [172832.51,6835456.54,993.93],
     [172836.31,6835457.94,993.93],
     [172840.25,6835460.09,993.88],
     [172847.57,6835464.54,993.37],
     [172851.73,6835463.05,993.06],
     [172854.84,6835466.32,993.6],
     [172860.89,6835471.42,993.83],
     [172869.61,6835476.46,993.89],
     [172873.66,6835478.57,993.89],
     [172880.66,6835484.12,994.1],
     [172889.18,6835489.32,993.91],
     [172892.44,6835490.58,993.74],
     [172897.25,6835492.45,993.38],
     [172907.1,6835496.53,993.17],
     [172910.24,6835497.86,993.13],
     [172918.64,6835500.59,992.76],
     [172922.97,6835503.03,992.49],
     [172926.92,6835503.97,992.18],
     [172934.65,6835510.52,991.54],
     [172937.35,6835511.96,991.53],
     [172939.19,6835514.71,992.03],
     [172943.49,6835514.35,991.64],
     [172950.49,6835515.96,991.37],
     [172953.84,6835517.28,991.31],
     [172959.37,6835518.56,990.87],
     [172967.72,6835521.55,990.26],
     [172971.77,6835522.47,990.05],
     [172975.3,6835524.9,990.15],
     [172983.02,6835530.23,990.3],
     [172988.24,6835534.18,990.25],
     [172991.44,6835534.05,989.83],
     [172995.12,6835535.44,989.62],
     [172998.55,6835537.29,989.68],
     [173002.91,6835538.96,989.59],
     [173006.01,6835540.61,989.7],
     [173008.86,6835541.99,989.79],
     [173011.79,6835542.9,989.61],
     [173015.14,6835544.06,989.26],
     [173019.44,6835545.17,988.85],
     [173025.91,6835543.72,987.51],
     [173027.83,6835541.03,986.87],
     [173030.45,6835538.34,986.16],
     [173034.95,6835538.13,985.98],
     [173039.45,6835538.72,986.29],
     [173043.74,6835539.53,986.44],
     [173049.89,6835540.95,986.21],
     [173059.1,6835543.27,985.62],
     [173066.02,6835544.61,985.26],
     [173073.44,6835546.33,984.69],
     [173082.43,6835549.72,983.56],
     [173089.27,6835552.68,982.59],
     [173097.25,6835555.64,982.0],
     [173104.75,6835558.67,982.2],
     [173110.36,6835561.42,982.06],
     [173115.4,6835563.37,981.58],
     [173121.51,6835565.64,981.29],
     [173127.9,6835567.38,980.69],
     [173133.95,6835568.87,980.03],
     [173140.01,6835569.86,979.43],
     [173148.14,6835570.61,978.38],
     [173155.07,6835571.15,977.86],
     [173161.96,6835572.07,977.11],
     [173167.54,6835572.93,976.5],
     [173171.6,6835573.5,975.95],
     [173176.02,6835573.97,975.64],
     [173182.13,6835574.25,975.16],
     [173187.39,6835574.44,974.61],
     [173192.3,6835574.04,974.08],
     [173197.57,6835572.86,973.51],
     [173202.22,6835571.94,972.92],
     [173205.84,6835570.39,972.37],
     [173210.37,6835568.03,971.55],
     [173213.64,6835565.38,970.83],
     [173215.72,6835563.29,970.37],
     [173217.41,6835561.16,969.92],
     [173219.27,6835558.2,969.26],
     [173220.49,6835555.91,968.73],
     [173222.22,6835551.9,968.17],
     [173223.97,6835545.56,967.36],
     [173225.21,6835540.12,966.82],
     [173225.92,6835537.9,966.57],
     [173227.5,6835533.4,966.07],
     [173230.1,6835531.3,965.69],
     [173232.7,6835528.8,965.39],
     [173234.9,6835526.5,965.05],
     [173237.0,6835524.1,964.73],
     [173239.3,6835521.7,964.42],
     [173241.9,6835519.3,964.1],
     [173244.3,6835517.1,963.75],
     [173246.4,6835515.1,963.43],
     [173249.3,6835512.7,963.13],
     [173251.7,6835510.9,962.84],
     [173254.4,6835509.5,962.52],
     [173257.9,6835508.2,962.04],
     [173260.7,6835507.3,961.73],
     [173263.5,6835505.7,961.48],
     [173265.0,6835504.6,961.39],
     [173267.51,6835503.18,961.29],
     [173270.48,6835499.13,961.13],
     [173268.37,6835498.01,961.23],
     [173269.75,6835493.76,961.03],
     [173270.0,6835490.2,960.74],
     [173270.22,6835487.6,960.52],
     [173270.08,6835485.71,960.4],
     [173269.35,6835479.89,960.06],
     [173267.86,6835472.99,959.51],
     [173267.31,6835470.86,959.34],
     [173264.96,6835463.45,958.94],
     [173263.98,6835460.73,958.84],
     [173262.47,6835456.89,958.73]
    ]
   },
   "properties": {
    "name": "Gjendesheim-Bessheim",
    "role": "connector",
    "from": "Gjendesheim",
    "source": "Turrutebasen (Tur- og friluftsruter), Kartverket",
    "sourceUpdated": "2026-09-02",
    "lengthM": 3718.5,
    "clipped": false
   }
  },
  {
   "type": "Feature",
   "id": "gjendesheim-sikkilsdalsseter",
   "geometry": {
    "type": "LineString",
    "coordinates": [
     [170971.5,6833463.0,998.29],
     [170973.18,6833460.8,998.34],
     [170977.3,6833455.4,998.42],
     [170979.9,6833452.6,998.5],
     [170983.2,6833448.5,998.5],
     [170986.0,6833444.8,998.56],
     [170988.3,6833441.5,998.58],
     [170991.1,6833437.3,998.58],
     [170994.11,6833433.5,998.6],
     [170996.4,6833430.0,998.6],
     [170999.3,6833426.0,998.66],
     [171002.1,6833421.6,998.8],
     [171004.4,6833418.3,998.89],
     [171007.7,6833413.5,999.0],
     [171010.3,6833409.8,999.1],
     [171012.4,6833406.1,999.1],
     [171015.89,6833400.35,999.2],
     [171174.39,6833048.21,988.17],
     [171328.08,6832966.59,987.97],
     [171400.8,6832906.56,986.49],
     [171470.07,6832893.9,982.32],
     [171572.5,6832809.9,978.09],
     [171575.7,6832807.6,978.11],
     [171579.6,6832805.2,978.14],
     [171582.7,6832803.4,978.13],
     [171586.9,6832800.8,978.15],
     [171591.7,6832797.7,978.12],
     [171595.8,6832794.7,978.1],
     [171599.7,6832792.2,978.18],
     [171603.4,6832789.8,978.15],
     [171607.1,6832787.3,978.11],
     [171611.2,6832784.4,978.09],
     [171614.7,6832782.0,978.05],
     [171618.8,6832778.6,978.0],
     [171622.0,6832776.3,977.99],
     [171625.0,6832773.7,978.0],
     [171630.9,6832768.4,978.07],
     [171632.8,6832766.5,978.08],
     [171635.1,6832764.7,978.15],
     [171637.6,6832761.7,978.11],
     [171640.8,6832758.5,978.18],
     [171643.7,6832755.0,978.26],
     [171646.7,6832751.8,978.26],
     [171649.3,6832748.7,978.33],
     [171652.6,6832745.2,978.4],
     [171656.0,6832740.8,978.48],
     [171658.5,6832737.6,978.49],
     [171661.3,6832733.8,978.58],
     [171663.5,6832730.7,978.67],
     [171666.2,6832727.1,978.73],
     [171669.3,6832722.8,978.79],
     [171672.0,6832718.7,978.9],
     [171675.0,6832714.3,978.95],
     [171677.7,6832710.1,979.01],
     [171680.3,6832705.8,979.2],
     [171682.99,6832701.4,979.29],
     [171685.7,6832697.3,979.38],
     [171687.6,6832694.0,979.51],
     [171690.5,6832689.4,979.7],
     [171693.3,6832684.9,979.88],
     [171695.7,6832681.1,980.03],
     [171697.8,6832677.5,980.11],
     [171700.5,6832673.2,980.26],
     [171703.49,6832668.7,980.27],
     [171706.3,6832664.3,980.3],
     [171709.1,6832660.2,980.34],
     [171712.1,6832655.7,980.38],
     [171714.3,6832652.7,980.26],
     [171717.3,6832648.8,980.21],
     [171719.6,6832645.8,980.19],
     [171722.3,6832642.6,980.19],
     [171725.6,6832638.9,980.15],
     [171728.1,6832636.2,980.19],
     [171731.0,6832632.8,980.17],
     [171733.7,6832629.9,980.15],
     [171736.3,6832627.1,980.18],
     [171739.5,6832623.7,980.27],
     [171742.0,6832621.01,980.29],
     [171745.9,6832616.8,980.4],
     [171749.4,6832613.1,980.47],
     [171752.2,6832609.7,980.6],
     [171755.3,6832605.8,980.7],
     [171757.8,6832602.3,980.79],
     [171760.88,6832597.79,980.98],
     [171763.1,6832592.9,981.04],
     [171765.4,6832587.8,981.03],
     [171766.8,6832584.0,980.94],
     [171767.8,6832580.3,980.98],
     [171769.1,6832576.4,980.88],
     [171770.1,6832572.4,980.8],
     [171770.8,6832568.5,980.75],
     [171772.0,6832564.0,980.8],
     [171772.8,6832559.0,980.66],
     [171773.7,6832555.0,980.59],
     [171774.8,6832549.9,980.55],
     [171775.7,6832545.4,980.57],
     [171776.6,6832540.8,980.52],
     [171777.2,6832536.3,980.41],
     [171778.1,6832531.5,980.29],
     [171779.1,6832526.8,980.21],
     [171779.8,6832522.5,980.1],
     [171781.0,6832517.5,979.94],
     [171782.1,6832511.7,979.74],
     [171782.9,6832506.8,979.57],
     [171784.1,6832502.0,979.45],
     [171785.0,6832497.3,979.21],
     [171786.4,6832492.4,978.95],
     [171787.7,6832487.1,978.83],
     [171789.3,6832482.6,978.55],
     [171790.6,6832478.0,978.3],
     [171792.5,6832473.5,978.15],
     [171793.7,6832469.1,977.86],
     [171795.8,6832464.3,977.69],
     [171797.4,6832459.3,977.42],
     [171798.9,6832455.3,977.26],
     [171800.4,6832451.4,977.26],
     [171802.0,6832447.1,977.08],
     [171804.0,6832442.1,977.0],
     [171806.9,6832436.6,976.82],
     [171809.6,6832432.7,976.76],
     [171813.0,6832428.8,976.68],
     [171816.1,6832425.5,976.68],
     [171820.3,6832422.8,976.54],
     [171825.3,6832421.2,976.47],
     [171830.2,6832420.5,976.31],
     [171834.3,6832420.5,976.16],
     [171838.9,6832421.6,975.83],
     [171843.3,6832423.3,975.57],
     [171847.8,6832425.4,975.23],
     [171852.1,6832428.3,974.95],
     [171855.7,6832430.9,974.67],
     [171859.3,6832434.4,974.32],
     [171862.0,6832437.2,974.08],
     [171865.5,6832440.3,973.83],
     [171868.6,6832444.1,973.59],
     [171871.4,6832447.6,973.39],
     [171874.5,6832451.3,973.26],
     [171877.7,6832454.9,973.17],
     [171880.7,6832459.4,973.11],
     [171883.2,6832463.1,973.07],
     [171886.2,6832467.9,972.91],
     [171888.9,6832471.8,972.9],
     [171891.7,6832476.5,972.86],
     [171894.7,6832481.3,972.7],
     [171897.5,6832486.0,972.54],
     [171900.6,6832490.0,972.48],
     [171903.7,6832494.6,972.33],
     [171907.3,6832499.1,972.27],
     [171910.4,6832503.8,972.2],
     [171913.9,6832508.2,972.14],
     [171917.4,6832512.1,972.16],
     [171921.5,6832516.4,972.16],
     [171926.63,6832522.04,972.18],
     [171928.6,6832524.2,972.19],
     [171932.9,6832528.6,972.15],
     [171936.5,6832532.3,972.08],
     [171940.3,6832536.1,972.09],
     [171944.6,6832540.7,972.06],
     [171948.1,6832544.4,972.08],
     [171951.8,6832548.4,972.06],
     [171956.0,6832552.4,971.98],
     [171959.8,6832556.5,971.96],
     [171962.7,6832559.4,971.93],
     [171966.8,6832563.5,971.87],
     [171970.6,6832567.6,971.83],
     [171973.5,6832570.8,971.76],
     [171977.5,6832575.1,971.69],
     [171981.7,6832579.2,971.65],
     [171985.7,6832583.6,971.55],
     [171989.4,6832587.3,971.54],
     [171992.6,6832590.6,971.52],
     [171996.6,6832594.9,971.49],
     [172000.9,6832599.1,971.41],
     [172005.4,6832604.2,971.39],
     [172010.0,6832608.5,971.38],
     [172013.6,6832612.3,971.35],
     [172016.4,6832615.3,971.37],
     [172019.2,6832618.5,971.35],
     [172022.1,6832621.4,971.33],
     [172025.1,6832624.3,971.36],
     [172027.7,6832627.0,971.37],
     [172030.6,6832630.0,971.33],
     [172033.4,6832633.0,971.34],
     [172036.0,6832636.1,971.4],
     [172038.8,6832639.0,971.32],
     [172042.0,6832642.2,971.3],
     [172044.9,6832645.2,971.32],
     [172047.9,6832648.3,971.38],
     [172050.9,6832651.8,971.34],
     [172053.4,6832654.5,971.33],
     [172056.1,6832657.6,971.4],
     [172059.1,6832660.6,971.39],
     [172062.0,6832663.9,971.4],
     [172065.1,6832666.8,971.38],
     [172068.0,6832670.1,971.45],
     [172070.9,6832673.3,971.47],
     [172073.5,6832676.2,971.5],
     [172076.5,6832679.1,971.57],
     [172079.0,6832682.0,971.6],
     [172082.0,6832685.2,971.62],
     [172085.0,6832688.6,971.66],
     [172087.7,6832691.6,971.76],
     [172090.6,6832694.7,971.84],
     [172093.4,6832697.7,971.96],
     [172096.5,6832701.4,972.16],
     [172099.2,6832704.6,972.35],
     [172102.2,6832707.8,972.6],
     [172104.7,6832710.7,972.79],
     [172107.5,6832713.9,973.1],
     [172110.2,6832717.1,973.41],
     [172112.7,6832720.1,973.72],
     [172115.7,6832723.4,974.03],
     [172119.6,6832727.7,974.36],
     [172123.4,6832732.3,974.66],
     [172127.4,6832737.2,974.99],
     [172130.9,6832741.1,975.34],
     [172134.5,6832745.3,975.68],
     [172138.6,6832750.0,976.11],
     [172142.5,6832754.7,976.45],
     [172145.7,6832758.6,976.67],
     [172149.6,6832763.1,976.83],
     [172153.3,6832767.1,976.89],
     [172156.4,6832770.8,976.89],
     [172160.2,6832775.2,976.8],
     [172163.8,6832778.7,976.8],
     [172167.4,6832782.8,976.75],
     [172171.0,6832786.4,976.67],
     [172174.6,6832789.3,976.54],
     [172178.5,6832792.3,976.42],
     [172182.4,6832795.1,976.28],
     [172186.2,6832797.5,976.14],
     [172190.3,6832799.7,976.03],
     [172194.5,6832801.1,975.78],
     [172199.1,6832802.8,975.6],
     [172203.4,6832804.0,975.52],
     [172208.0,6832805.2,975.27],
     [172213.0,6832806.0,975.06],
     [172217.7,6832806.4,974.92],
     [172221.9,6832806.5,974.8],
     [172226.5,6832806.9,974.62],
     [172231.5,6832806.8,974.45],
     [172234.01,6832806.96,974.36],
     [172247.9,6832806.06,973.61],
     [172256.73,6832805.57,973.41],
     [172261.14,6832805.42,973.34],
     [172269.15,6832805.39,973.16],
     [172274.91,6832805.32,972.97],
     [172276.46,6832805.24,972.91],
     [172277.73,6832805.11,972.86],
     [172278.86,6832804.92,972.81],
     [172279.86,6832804.69,972.77],
     [172281.4,6832804.28,972.71],
     [172282.98,6832803.88,972.65],
     [172285.16,6832803.21,972.52],
     [172289.24,6832801.91,972.33],
     [172292.42,6832800.93,972.28],
     [172291.71,6832799.65,972.29],
     [172288.24,6832792.75,972.28],
     [172284.01,6832783.14,972.2],
     [172280.67,6832775.3,972.16],
     [172277.81,6832768.0,972.1],
     [172274.17,6832757.64,972.08],
     [172271.09,6832748.33,972.13],
     [172268.39,6832738.88,972.2],
     [172265.96,6832729.01,972.2],
     [172262.97,6832714.69,972.21],
     [172260.4,6832701.07,972.28],
     [172257.85,6832685.35,971.96],
     [172256.55,6832679.02,970.98],
     [172254.67,6832669.82,968.27],
     [172252.96,6832660.94,968.59],
     [172250.69,6832649.25,970.89],
     [172250.14,6832646.34,971.98],
     [172248.83,6832640.92,972.54],
     [172248.3,6832638.5,972.59],
     [172247.05,6832632.18,972.67],
     [172246.24,6832628.89,972.69],
     [172244.69,6832623.89,972.8],
     [172249.62,6832622.78,972.9],
     [172253.88,6832621.81,973.13],
     [172259.19,6832620.67,973.66],
     [172265.83,6832619.24,974.48],
     [172269.8,6832618.27,975.01],
     [172274.5,6832617.09,975.6],
     [172279.77,6832615.85,976.29],
     [172285.31,6832614.48,976.96],
     [172289.66,6832613.39,977.34],
     [172291.96,6832612.88,977.5],
     [172297.96,6832611.51,977.9],
     [172300.16,6832611.08,977.99],
     [172306.8,6832610.06,978.34],
     [172309.62,6832609.68,978.42],
     [172315.26,6832608.97,978.51],
     [172321.03,6832608.19,978.62],
     [172324.42,6832607.84,978.71],
     [172325.48,6832607.74,978.74],
     [172326.1,6832607.78,978.75],
     [172327.88,6832607.8,978.8],
     [172328.81,6832607.85,978.8],
     [172330.9,6832608.05,978.8],
     [172331.71,6832608.11,978.79],
     [172334.64,6832608.57,978.76],
     [172335.42,6832608.71,978.75],
     [172337.19,6832609.16,978.69],
     [172338.55,6832609.59,978.64],
     [172340.97,6832610.66,978.58],
     [172342.93,6832611.75,978.58],
     [172343.99,6832612.3,978.58],
     [172345.87,6832613.64,978.51],
     [172347.63,6832614.93,978.5],
     [172350.06,6832617.01,978.42],
     [172352.22,6832618.88,978.39],
     [172354.53,6832620.93,978.31],
     [172357.3,6832623.19,978.12],
     [172359.55,6832625.0,977.94],
     [172360.97,6832626.05,977.79],
     [172364.72,6832629.08,977.41],
     [172368.17,6832631.84,976.99],
     [172371.54,6832634.63,976.71],
     [172372.48,6832635.44,976.58],
     [172375.65,6832638.28,976.32],
     [172378.11,6832640.63,976.19],
     [172380.55,6832643.08,976.08],
     [172382.15,6832644.85,976.11],
     [172384.03,6832647.05,976.0],
     [172384.87,6832648.04,975.98],
     [172386.54,6832650.13,976.03],
     [172387.64,6832651.81,975.95],
     [172388.94,6832654.27,975.85],
     [172389.66,6832655.73,975.82],
     [172391.88,6832660.18,975.61],
     [172392.48,6832661.23,975.53],
     [172394.04,6832664.36,975.28],
     [172394.47,6832665.03,975.22],
     [172395.04,6832666.23,975.12],
     [172395.41,6832666.97,975.07],
     [172396.98,6832669.51,974.81],
     [172397.88,6832671.21,974.62],
     [172400.44,6832675.18,974.14],
     [172401.08,6832676.17,974.03],
     [172403.22,6832679.02,973.7],
     [172403.85,6832679.82,973.62],
     [172405.75,6832682.06,973.29],
     [172407.81,6832684.32,972.98],
     [172408.46,6832685.05,972.86],
     [172410.64,6832687.33,972.51],
     [172413.37,6832690.02,972.2],
     [172414.74,6832691.31,972.07],
     [172422.57,6832695.91,971.47],
     [172425.7,6832698.5,971.22],
     [172429.0,6832701.2,970.97],
     [172432.3,6832703.8,970.79],
     [172435.4,6832706.4,970.49],
     [172438.5,6832708.8,970.3],
     [172441.8,6832711.5,970.17],
     [172445.3,6832714.3,969.97],
     [172448.7,6832716.7,969.82],
     [172451.8,6832719.2,969.7],
     [172455.4,6832721.8,969.54],
     [172459.0,6832724.1,969.32],
     [172462.4,6832726.4,968.5],
     [172464.8,6832727.9,968.77],
     [172465.9,6832728.7,968.99],
     [172468.1,6832730.39,969.44],
     [172472.3,6832733.9,969.45],
     [172475.2,6832736.9,969.37],
     [172478.0,6832740.2,969.29],
     [172480.8,6832743.3,969.22],
     [172483.5,6832746.7,969.13],
     [172485.9,6832749.9,969.05],
     [172488.5,6832753.2,968.96],
     [172491.2,6832756.6,968.89],
     [172493.6,6832759.9,968.8],
     [172496.2,6832763.2,968.72],
     [172498.6,6832766.7,968.7],
     [172502.0,6832772.28,968.79],
     [172505.0,6832777.04,968.76],
     [172506.54,6832779.79,968.77],
     [172509.73,6832785.25,968.79],
     [172514.45,6832791.41,968.63],
     [172517.94,6832795.78,968.46],
     [172519.67,6832798.09,968.4],
     [172522.3,6832801.5,968.3],
     [172524.8,6832805.2,968.19],
     [172527.4,6832808.8,968.06],
     [172530.0,6832812.5,968.03],
     [172532.7,6832816.4,968.0],
     [172536.71,6832822.78,967.82],
     [172544.2,6832828.3,967.89],
     [172548.0,6832830.5,967.84],
     [172552.0,6832831.9,967.8],
     [172555.91,6832833.1,967.71],
     [172559.7,6832834.3,967.6],
     [172563.7,6832835.4,967.7],
     [172567.6,6832836.5,967.91],
     [172571.8,6832837.7,967.97],
     [172576.8,6832839.2,968.04],
     [172579.4,6832839.9,968.09],
     [172583.4,6832841.0,968.13],
     [172587.5,6832842.0,968.19],
     [172591.7,6832843.2,968.21],
     [172595.69,6832844.2,968.18],
     [172599.8,6832845.2,968.14],
     [172603.7,6832846.3,968.09],
     [172607.8,6832847.6,968.19],
     [172611.7,6832849.1,968.23],
     [172615.4,6832851.1,968.36],
     [172617.2,6832852.5,968.41],
     [172618.9,6832848.3,968.47],
     [172621.6,6832844.8,968.62],
     [172624.3,6832841.6,968.78],
     [172626.69,6832838.3,968.98],
     [172629.3,6832834.7,969.33],
     [172631.5,6832831.1,969.79],
     [172633.5,6832827.7,970.24],
     [172635.6,6832823.9,970.59],
     [172637.4,6832820.3,970.89],
     [172638.9,6832816.5,970.99],
     [172640.1,6832812.5,971.09],
     [172641.8,6832809.0,971.26],
     [172643.8,6832805.4,971.36],
     [172646.4,6832802.2,971.4],
     [172649.2,6832799.4,971.39],
     [172651.5,6832796.2,971.39],
     [172653.6,6832792.4,971.36],
     [172655.7,6832788.7,971.23],
     [172657.9,6832785.2,971.2],
     [172660.2,6832781.9,971.25],
     [172661.7,6832780.3,971.25],
     [172667.9,6832780.97,971.2],
     [172688.49,6832786.4,970.95],
     [172699.81,6832791.23,970.9],
     [172712.06,6832796.48,970.98],
     [172717.32,6832798.35,970.93],
     [172722.52,6832797.74,970.84],
     [172726.75,6832797.68,970.8],
     [172732.21,6832798.22,970.64],
     [172735.79,6832798.73,970.51],
     [172736.88,6832798.78,970.47],
     [172740.72,6832799.35,970.34],
     [172743.74,6832799.68,970.32],
     [172747.65,6832800.24,970.48],
     [172753.05,6832801.08,970.73],
     [172756.22,6832801.57,970.8],
     [172758.43,6832802.12,970.77],
     [172760.97,6832803.02,970.73],
     [172764.57,6832804.25,970.68],
     [172767.98,6832805.63,970.58],
     [172770.85,6832806.44,970.59],
     [172774.86,6832807.44,970.54],
     [172778.84,6832808.35,970.52],
     [172782.48,6832808.89,970.53],
     [172785.42,6832809.52,970.5],
     [172788.04,6832809.78,970.52],
     [172792.06,6832810.66,970.61],
     [172793.94,6832810.99,970.72],
     [172795.48,6832811.36,970.78],
     [172801.46,6832813.4,971.12],
     [172803.01,6832814.09,971.29],
     [172804.89,6832814.65,971.5],
     [172806.87,6832815.66,971.62],
     [172809.0,6832817.21,971.77],
     [172810.65,6832818.61,971.86],
     [172812.37,6832820.03,971.88],
     [172813.83,6832820.96,972.08],
     [172815.1,6832821.57,972.25],
     [172816.39,6832822.09,972.43],
     [172818.37,6832822.83,972.76],
     [172819.14,6832823.4,972.82],
     [172820.18,6832824.71,972.86],
     [172821.55,6832826.15,973.08],
     [172823.1,6832827.57,973.31],
     [172824.25,6832828.51,973.49],
     [172826.95,6832830.91,973.8],
     [172828.26,6832831.98,973.95],
     [172830.85,6832833.91,974.19],
     [172832.6,6832834.8,974.33],
     [172834.19,6832835.23,974.3],
     [172836.2,6832835.83,974.23],
     [172839.13,6832837.1,974.17],
     [172842.03,6832838.04,974.2],
     [172846.47,6832839.88,973.86],
     [172849.51,6832840.62,973.77],
     [172852.66,6832841.33,973.79],
     [172854.29,6832841.67,973.92],
     [172856.24,6832842.17,974.07],
     [172858.46,6832842.67,974.33],
     [172860.25,6832843.14,974.54],
     [172860.89,6832843.2,974.66],
     [172862.36,6832843.72,974.9],
     [172863.9,6832844.16,975.18],
     [172865.78,6832845.62,975.54],
     [172867.78,6832846.99,975.89],
     [172870.37,6832848.49,976.1],
     [172872.19,6832849.54,976.2],
     [172875.18,6832850.52,976.4],
     [172876.69,6832850.79,976.48],
     [172878.94,6832851.31,976.47],
     [172880.34,6832851.76,976.46],
     [172881.41,6832852.42,976.47],
     [172882.96,6832854.04,976.39],
     [172884.61,6832855.88,976.29],
     [172887.19,6832859.5,976.32],
     [172889.12,6832862.0,976.4],
     [172890.99,6832864.17,976.49],
     [172892.82,6832866.56,976.64],
     [172894.57,6832868.64,976.74],
     [172898.91,6832873.35,976.73],
     [172901.07,6832875.64,976.83],
     [172903.11,6832878.16,976.97],
     [172904.83,6832880.96,977.06],
     [172906.91,6832883.32,977.1],
     [172908.52,6832884.86,977.12],
     [172910.83,6832886.38,977.05],
     [172912.83,6832887.62,977.04],
     [172916.19,6832889.18,976.85],
     [172920.95,6832892.22,976.88],
     [172924.97,6832895.77,977.02],
     [172926.94,6832898.02,976.9],
     [172929.95,6832900.89,976.87],
     [172935.68,6832906.01,977.11],
     [172939.26,6832908.75,977.02],
     [172941.34,6832910.93,976.94],
     [172943.01,6832912.94,976.81],
     [172945.19,6832915.52,976.67],
     [172947.41,6832918.02,976.56],
     [172948.62,6832919.52,976.51],
     [172950.31,6832921.17,976.35],
     [172952.36,6832923.18,976.24],
     [172954.37,6832924.52,976.12],
     [172956.39,6832926.15,975.99],
     [172958.88,6832927.5,975.9],
     [172960.56,6832928.28,975.89],
     [172961.42,6832928.39,975.91],
     [172962.04,6832928.65,975.91],
     [172962.87,6832928.89,975.93],
     [172963.5,6832929.08,975.95],
     [172964.49,6832929.24,976.01],
     [172965.3,6832929.12,976.09],
     [172966.23,6832928.86,976.19],
     [172967.71,6832928.95,976.33],
     [172969.02,6832929.96,976.34],
     [172970.1,6832931.68,976.23],
     [172970.92,6832933.56,976.37],
     [172971.34,6832935.81,976.64],
     [172971.71,6832938.33,976.86],
     [172972.64,6832940.66,977.03],
     [172973.94,6832942.47,977.05],
     [172975.96,6832944.22,977.01],
     [172977.47,6832944.99,977.03],
     [172979.92,6832946.02,977.0],
     [172982.03,6832947.08,976.99],
     [172985.38,6832949.23,976.99],
     [172988.3,6832951.4,976.91],
     [172989.69,6832952.26,976.87],
     [172992.45,6832954.11,976.86],
     [172997.55,6832955.13,976.87],
     [173001.87,6832955.72,976.91],
     [173004.33,6832955.77,976.91],
     [173008.32,6832957.08,976.98],
     [173010.46,6832958.28,977.0],
     [173012.36,6832958.84,977.04],
     [173014.6,6832958.79,977.11],
     [173018.51,6832957.59,977.27],
     [173021.43,6832956.88,977.33],
     [173025.42,6832957.16,977.4],
     [173031.09,6832958.76,977.36],
     [173036.3,6832960.09,977.3],
     [173039.96,6832961.08,977.25],
     [173042.04,6832961.92,977.28],
     [173044.15,6832964.03,977.21],
     [173047.51,6832966.84,977.27],
     [173052.21,6832970.64,977.4],
     [173055.99,6832973.08,977.56],
     [173059.31,6832973.89,977.96],
     [173064.29,6832975.49,978.23],
     [173067.31,6832976.74,978.25],
     [173069.8,6832977.36,978.39],
     [173071.98,6832978.34,978.48],
     [173074.48,6832980.53,978.49],
     [173076.73,6832981.82,978.52],
     [173080.15,6832982.75,978.71],
     [173082.45,6832983.47,978.86],
     [173085.02,6832983.39,979.21],
     [173088.86,6832982.56,980.12],
     [173092.6,6832981.82,981.03],
     [173097.41,6832980.98,982.27],
     [173111.07,6832991.08,981.46],
     [173126.76,6832997.66,982.02],
     [173149.34,6833002.63,983.39],
     [173189.7,6833014.98,984.55],
     [173210.02,6833017.13,986.04],
     [173231.14,6833017.19,986.71],
     [173232.84,6833016.88,987.16],
     [173263.76,6833011.15,989.49],
     [173289.04,6833001.78,991.19],
     [173299.46,6832994.78,991.84],
     [173307.6,6832984.99,992.27],
     [173322.45,6832971.55,996.04],
     [173334.08,6832965.92,996.2],
     [173356.67,6832959.06,996.73],
     [173372.77,6832962.37,998.56],
     [173388.68,6832959.59,999.27],
     [173404.46,6832953.34,999.86],
     [173420.36,6832947.7,1000.96],
     [173435.42,6832945.83,1001.82],
     [173450.69,6832946.98,1002.4],
     [173466.07,6832950.25,1002.68],
     [173481.48,6832954.75,1005.54],
     [173496.84,6832959.54,1007.46],
     [173513.58,6832964.36,1011.36],
     [173530.22,6832968.35,1015.96],
     [173546.84,6832971.14,1016.26],
     [173563.61,6832972.39,1019.09],
     [173576.55,6832971.55,1021.02],
     [173589.54,6832969.69,1023.54],
     [173602.61,6832968.67,1024.16],
     [173615.76,6832970.34,1025.6],
     [173626.57,6832973.5,1025.47],
     [173637.15,6832971.45,1026.05],
     [173644.19,6832963.8,1026.0],
     [173693.13,6832967.47,1036.1],
     [173698.01,6832974.45,1036.71],
     [173717.16,6832974.97,1042.11],
     [173739.05,6832975.8,1043.35],
     [173755.31,6832976.68,1043.37],
     [173769.09,6832978.21,1043.35],
     [173782.15,6832981.23,1043.38],
     [173792.08,6832984.68,1044.13],
     [173802.41,6832987.35,1044.67],
     [173817.28,6832986.35,1045.57],
     [173832.17,6832983.04,1047.37],
     [173846.15,6832982.9,1047.86],
     [173857.22,6832988.86,1046.92],
     [173867.5,6832998.48,1045.1],
     [173877.67,6833007.81,1044.02],
     [173888.48,6833012.95,1043.9],
     [173901.69,6833010.4,1042.85],
     [173915.72,6833003.8,1042.81],
     [173929.76,6833000.56,1042.73],
     [173942.06,6833005.28,1044.34],
     [173953.97,6833013.03,1044.64],
     [173965.74,6833016.53,1044.34],
     [173979.09,6833010.14,1043.53],
     [173992.29,6833004.01,1043.62],
     [174005.07,6833009.32,1043.98],
     [174018.23,6833017.73,1044.43],
     [174028.19,6833019.35,1045.38],
     [174038.52,6833017.67,1046.15],
     [174049.02,6833014.6,1046.98],
     [174063.83,6833010.76,1046.76],
     [174078.26,6833007.23,1046.05],
     [174091.92,6833002.7,1045.46],
     [174104.38,6832995.87,1046.43],
     [174113.37,6832988.13,1047.39],
     [174122.13,6832979.96,1048.1],
     [174131.55,6832973.47,1047.58],
     [174145.05,6832969.66,1044.62],
     [174159.9,6832968.96,1041.4],
     [174175.29,6832969.02,1040.73],
     [174188.4,6832968.14,1040.91],
     [174200.86,6832965.56,1042.5],
     [174212.05,6832960.36,1043.96],
     [174221.76,6832951.96,1042.78],
     [174231.61,6832943.65,1041.63],
     [174245.2,6832938.32,1043.33],
     [174259.81,6832934.98,1041.54],
     [174272.73,6832929.64,1045.05],
     [174280.97,6832921.34,1046.46],
     [174287.23,6832910.39,1048.6],
     [174292.43,6832898.18,1049.94],
     [174298.93,6832882.47,1053.25],
     [174306.37,6832868.19,1054.29],
     [174316.02,6832856.5,1055.83],
     [174328.52,6832848.35,1057.69],
     [174343.41,6832843.15,1059.81],
     [174359.69,6832840.23,1060.47],
     [174376.4,6832838.9,1060.61],
     [174394.18,6832838.5,1061.94],
     [174411.44,6832838.91,1062.85],
     [174428.39,6832839.95,1064.13],
     [174445.16,6832841.46,1064.35],
     [174461.94,6832843.27,1065.01],
     [174476.99,6832845.06,1064.94],
     [174492.14,6832846.88,1065.47],
     [174507.36,6832848.49,1065.84],
     [174522.64,6832849.7,1067.32],
     [174537.94,6832850.26,1068.67],
     [174551.85,6832850.05,1069.24],
     [174565.76,6832849.46,1068.22],
     [174579.64,6832849.08,1069.37],
     [174593.49,6832849.51,1070.3],
     [174608.93,6832851.45,1071.69],
     [174624.33,6832853.74,1072.72],
     [174639.83,6832854.62,1074.65],
     [174651.79,6832853.54,1075.94],
     [174663.69,6832851.89,1076.43],
     [174675.45,6832850.99,1077.02],
     [174691.77,6832852.71,1078.68],
     [174707.74,6832857.73,1079.39],
     [174723.15,6832865.43,1080.27],
     [174737.76,6832875.3,1080.31],
     [174751.39,6832886.77,1079.16],
     [174763.84,6832899.26,1079.94],
     [174772.54,6832908.94,1080.11],
     [174782.01,6832917.05,1080.03],
     [174794.55,6832922.58,1080.74],
     [174807.62,6832927.53,1081.79],
     [174819.7,6832935.44,1082.03],
     [174830.58,6832945.25,1080.67],
     [174841.53,6832955.16,1079.5],
     [174854.85,6832964.45,1078.98],
     [174869.35,6832971.67,1079.06],
     [174884.66,6832976.96,1079.55],
     [174898.74,6832980.31,1080.24],
     [174913.01,6832982.26,1081.52],
     [174928.56,6832982.56,1084.02],
     [174944.19,6832981.57,1086.23],
     [174959.85,6832979.99,1088.4],
     [174975.42,6832978.61,1089.21],
     [174990.82,6832978.13,1090.43],
     [175005.99,6832979.34,1091.54],
     [175019.79,6832982.46,1091.8],
     [175033.29,6832987.27,1091.65],
     [175046.56,6832993.28,1091.4],
     [175059.66,6832999.99,1090.87],
     [175072.63,6833006.91,1091.14],
     [175086.23,6833013.98,1091.72],
     [175099.6,6833021.15,1091.94],
     [175112.51,6833029.04,1092.07],
     [175121.3,6833035.29,1092.06],
     [175129.99,6833041.69,1092.26],
     [175138.95,6833047.59,1092.15],
     [175154.02,6833055.23,1092.93],
     [175169.92,6833061.16,1093.89],
     [175186.47,6833066.02,1094.56],
     [175203.47,6833070.48,1095.87],
     [175219.44,6833074.73,1096.75],
     [175235.37,6833079.4,1098.38],
     [175250.79,6833084.93,1099.6],
     [175265.23,6833091.74,1100.22],
     [175278.25,6833100.23,1099.25],
     [175289.37,6833110.85,1100.42],
     [175297.32,6833121.74,1099.44],
     [175304.63,6833133.35,1099.28],
     [175312.45,6833144.49,1098.93],
     [175322.2,6833155.01,1099.12],
     [175333.22,6833164.16,1098.45],
     [175345.37,6833172.21,1098.53],
     [175358.45,6833179.38,1098.93],
     [175372.3,6833185.85,1099.26],
     [175387.22,6833192.18,1099.87],
     [175401.68,6833198.82,1100.86],
     [175414.51,6833206.65,1100.82],
     [175424.52,6833216.53,1099.84],
     [175430.91,6833229.09,1097.37],
     [175434.38,6833243.75,1098.07],
     [175436.07,6833259.62,1099.37],
     [175437.09,6833275.81,1099.77],
     [175438.73,6833292.94,1100.11],
     [175441.02,6833309.47,1100.45],
     [175443.6,6833325.64,1101.35],
     [175446.02,6833341.67,1102.96],
     [175447.88,6833357.86,1104.07],
     [175448.78,6833374.43,1104.88],
     [175448.89,6833387.13,1105.15],
     [175449.76,6833399.64,1105.51],
     [175452.57,6833411.68,1106.21],
     [175457.43,6833421.43,1106.17],
     [175464.26,6833430.13,1106.87],
     [175472.07,6833437.5,1108.39],
     [175480.87,6833443.44,1109.02],
     [175490.54,6833447.09,1111.17],
     [175504.46,6833448.26,1113.03],
     [175518.57,6833449.14,1115.27],
     [175528.37,6833452.09,1116.75],
     [175537.38,6833457.04,1117.37],
     [175548.53,6833466.35,1117.71],
     [175557.49,6833477.91,1118.0],
     [175562.36,6833487.15,1117.93],
     [175567.15,6833496.24,1117.08],
     [175573.27,6833504.12,1117.0],
     [175582.01,6833510.13,1117.96],
     [175592.23,6833513.64,1117.29],
     [175607.78,6833514.58,1116.62],
     [175623.39,6833512.28,1117.61],
     [175639.2,6833508.87,1119.45],
     [175653.57,6833506.32,1121.12],
     [175668.04,6833504.75,1122.53],
     [175682.35,6833504.56,1123.53],
     [175696.31,6833506.13,1123.37],
     [175709.66,6833509.86,1122.9],
     [175723.03,6833516.11,1123.28],
     [175736.06,6833523.43,1122.05],
     [175749.39,6833530.37,1120.93],
     [175764.0,6833535.82,1119.95],
     [175779.19,6833539.21,1119.53],
     [175794.61,6833540.5,1119.63],
     [175812.28,6833539.36,1120.27],
     [175829.69,6833535.86,1120.9],
     [175846.89,6833530.58,1122.34],
     [175863.85,6833524.11,1123.68],
     [175880.58,6833517.0,1124.87],
     [175894.98,6833510.7,1125.56],
     [175909.23,6833504.31,1126.47],
     [175923.28,6833497.74,1127.11],
     [175926.23,6833496.28,1127.23],
     [175937.16,6833490.9,1127.72],
     [175950.8,6833483.68,1127.63],
     [175964.93,6833475.79,1126.59],
     [175978.9,6833467.7,1126.53],
     [175992.78,6833459.36,1126.27],
     [176006.57,6833450.76,1126.1],
     [176020.31,6833441.86,1126.21],
     [176034.0,6833432.66,1126.26],
     [176047.5,6833423.32,1125.72],
     [176061.28,6833414.83,1124.86],
     [176075.74,6833408.78,1124.01],
     [176091.73,6833406.07,1122.57],
     [176094.31,6833406.05,1122.52],
     [176108.38,6833405.89,1122.49],
     [176125.43,6833406.68,1122.86],
     [176142.64,6833406.87,1123.98],
     [176159.75,6833405.52,1124.84],
     [176176.47,6833402.26,1125.3],
     [176192.14,6833396.42,1125.42],
     [176206.1,6833387.31,1125.14],
     [176217.12,6833375.72,1124.99],
     [176227.17,6833362.88,1125.86],
     [176237.46,6833351.36,1126.05],
     [176249.12,6833343.66,1126.5],
     [176261.33,6833341.59,1127.15],
     [176274.9,6833342.7,1127.78],
     [176289.15,6833344.96,1128.39],
     [176303.39,6833346.31,1128.53],
     [176314.39,6833345.65,1127.97],
     [176325.13,6833344.13,1127.79],
     [176335.78,6833343.02,1128.02],
     [176350.19,6833343.6,1128.16],
     [176364.64,6833345.81,1128.67],
     [176379.18,6833348.43,1128.6]
    ]
   },
   "properties": {
    "name": "Gjendesheim-Sikkilsdalsseter",
    "role": "connector",
    "from": "Gjendesheim",
    "source": "Turrutebasen (Tur- og friluftsruter), Kartverket",
    "sourceUpdated": "2026-09-02",
    "lengthM": 7106.9,
    "clipped": true
   }
  },
  {
   "type": "Feature",
   "id": "memurubu-glitterheim",
   "geometry": {
    "type": "LineString",
    "coordinates": [
     [161568.43,6834886.36,1386.98],
     [161572.2,6834891.98,1388.44],
     [161580.38,6834904.2,1391.51],
     [161588.48,6834910.04,1394.25],
     [161599.32,6834919.05,1398.32],
     [161612.27,6834928.66,1402.75],
     [161618.8,6834932.86,1404.27],
     [161635.95,6834943.0,1405.55],
     [161651.58,6834951.25,1405.92],
     [161660.35,6834956.66,1406.01],
     [161672.92,6834963.13,1405.36],
     [161684.02,6834967.78,1404.93],
     [161705.65,6834976.24,1404.47],
     [161717.68,6834982.25,1404.44],
     [161727.38,6834988.97,1404.41],
     [161733.23,6834991.21,1404.54],
     [161738.24,6834993.76,1404.66],
     [161744.26,6834998.0,1404.73],
     [161753.87,6835007.57,1404.31],
     [161756.53,6835010.0,1404.33],
     [161758.55,6835010.78,1404.34],
     [161761.1,6835011.08,1404.29],
     [161771.68,6835007.88,1404.42],
     [161775.8,6835007.35,1404.28],
     [161783.74,6835006.46,1404.34],
     [161787.3,6835005.34,1404.24],
     [161795.38,6835003.8,1403.41],
     [161801.28,6835004.21,1402.21],
     [161802.67,6835004.97,1401.81],
     [161804.39,6835006.79,1400.98],
     [161804.86,6835008.64,1400.23],
     [161804.76,6835009.72,1399.75],
     [161801.86,6835014.43,1398.34],
     [161798.38,6835021.21,1396.84],
     [161797.31,6835025.15,1396.02],
     [161797.11,6835028.13,1395.45],
     [161797.39,6835029.94,1395.03],
     [161798.58,6835031.42,1394.59],
     [161801.77,6835038.92,1392.15],
     [161807.45,6835042.68,1388.36],
     [161809.52,6835044.91,1386.58],
     [161810.27,6835046.36,1385.78],
     [161810.46,6835047.99,1385.4],
     [161810.17,6835051.35,1384.4],
     [161810.02,6835053.45,1383.9],
     [161810.02,6835055.71,1383.71],
     [161810.05,6835057.67,1383.68],
     [161810.21,6835058.79,1383.64],
     [161813.24,6835064.29,1382.4],
     [161819.83,6835070.81,1379.87],
     [161824.65,6835076.54,1378.17],
     [161829.35,6835082.39,1376.39],
     [161834.02,6835088.58,1374.79],
     [161838.05,6835099.35,1373.25],
     [161839.73,6835104.45,1372.46],
     [161840.91,6835106.56,1371.97],
     [161843.3,6835109.51,1370.76],
     [161844.05,6835111.09,1370.32],
     [161844.52,6835119.2,1368.79],
     [161844.7,6835121.26,1368.31],
     [161846.06,6835124.87,1367.22],
     [161849.92,6835133.58,1364.81],
     [161852.61,6835138.71,1363.37],
     [161855.82,6835141.61,1362.31],
     [161856.36,6835142.96,1361.91],
     [161856.42,6835143.71,1361.71],
     [161856.2,6835147.88,1360.68],
     [161856.3,6835149.96,1360.33],
     [161861.29,6835165.45,1355.84],
     [161868.61,6835180.17,1351.19],
     [161871.33,6835187.27,1348.86],
     [161871.67,6835190.59,1347.87],
     [161871.35,6835199.07,1346.32],
     [161872.3,6835207.69,1344.55],
     [161872.39,6835214.12,1342.74],
     [161872.58,6835215.68,1342.38],
     [161872.69,6835216.3,1342.24],
     [161875.02,6835217.12,1341.78],
     [161875.49,6835218.16,1341.54],
     [161875.57,6835219.09,1341.35],
     [161875.54,6835221.12,1340.93],
     [161872.35,6835225.22,1340.08],
     [161862.92,6835235.71,1337.6],
     [161859.52,6835237.43,1336.66],
     [161857.76,6835237.45,1336.05],
     [161856.36,6835237.38,1335.39],
     [161854.86,6835237.5,1334.68],
     [161851.51,6835239.72,1333.1],
     [161849.65,6835240.88,1332.58],
     [161848.91,6835241.08,1332.4],
     [161845.67,6835240.83,1331.78],
     [161845.18,6835240.93,1331.71],
     [161844.27,6835241.33,1331.54],
     [161842.66,6835245.62,1330.49],
     [161841.45,6835246.98,1330.07],
     [161836.12,6835248.29,1328.72],
     [161834.14,6835249.53,1327.94],
     [161833.42,6835251.48,1326.98],
     [161833.51,6835254.12,1325.64],
     [161838.1,6835263.91,1320.58],
     [161838.4,6835265.33,1319.93],
     [161838.29,6835266.22,1319.51],
     [161838.08,6835266.87,1319.26],
     [161835.06,6835269.26,1318.0],
     [161834.46,6835270.38,1317.49],
     [161834.38,6835270.96,1317.25],
     [161837.74,6835278.12,1315.05],
     [161837.78,6835280.2,1314.41],
     [161836.53,6835283.39,1313.24],
     [161836.42,6835285.11,1312.53],
     [161836.45,6835286.3,1312.05],
     [161839.27,6835294.53,1308.98],
     [161838.99,6835296.57,1308.28],
     [161836.8,6835298.26,1307.46],
     [161832.17,6835300.4,1306.09],
     [161829.14,6835303.42,1304.76],
     [161828.8,6835304.59,1304.39],
     [161828.8,6835306.17,1303.87],
     [161829.83,6835312.64,1301.36],
     [161830.33,6835319.6,1299.07],
     [161831.08,6835320.99,1298.67],
     [161834.46,6835323.8,1298.43],
     [161838.96,6835327.22,1298.09],
     [161841.07,6835329.83,1297.73],
     [161842.76,6835333.47,1296.96],
     [161843.76,6835336.48,1296.3],
     [161845.22,6835338.95,1296.03],
     [161845.45,6835340.25,1295.75],
     [161845.01,6835343.25,1294.9],
     [161844.9,6835345.91,1294.14],
     [161845.33,6835355.03,1291.01],
     [161847.26,6835363.88,1287.89],
     [161851.09,6835373.79,1285.41],
     [161851.23,6835375.61,1284.91],
     [161850.65,6835377.74,1284.27],
     [161841.72,6835387.29,1280.87],
     [161835.73,6835395.1,1278.9],
     [161834.62,6835397.71,1278.33],
     [161834.49,6835399.24,1278.04],
     [161834.93,6835400.78,1277.83],
     [161835.33,6835401.7,1277.73],
     [161841.51,6835408.63,1277.49],
     [161844.81,6835413.6,1277.23],
     [161852.73,6835426.45,1275.99],
     [161857.95,6835439.33,1275.04],
     [161860.29,6835443.25,1274.96],
     [161862.71,6835446.01,1275.02],
     [161863.46,6835447.46,1274.9],
     [161866.64,6835453.13,1274.35],
     [161874.25,6835464.5,1274.4],
     [161878.55,6835471.58,1274.16],
     [161882.2,6835478.36,1273.6],
     [161886.61,6835489.98,1272.61],
     [161889.79,6835495.71,1272.6],
     [161895.78,6835503.42,1272.72],
     [161900.15,6835509.06,1272.13],
     [161902.53,6835515.04,1271.39],
     [161903.99,6835517.51,1271.27],
     [161908.61,6835522.37,1271.34],
     [161912.42,6835525.78,1271.17],
     [161915.05,6835527.84,1270.75],
     [161917.17,6835529.88,1270.26],
     [161923.36,6835536.88,1268.9],
     [161929.12,6835541.01,1268.58],
     [161936.59,6835544.43,1268.44],
     [161942.11,6835546.45,1268.3],
     [161944.33,6835547.28,1268.27],
     [161947.47,6835550.99,1267.66],
     [161948.83,6835551.38,1267.65],
     [161958.02,6835554.29,1267.23],
     [161959.7,6835555.54,1267.08],
     [161965.11,6835560.84,1266.54],
     [161973.22,6835566.68,1266.27],
     [161974.7,6835567.76,1266.23],
     [161976.55,6835568.11,1266.41],
     [161978.21,6835568.29,1266.52],
     [161980.76,6835568.65,1266.61],
     [161981.83,6835569.45,1266.41],
     [161987.0,6835577.1,1265.13],
     [161988.66,6835578.92,1264.79],
     [161990.17,6835579.68,1264.64],
     [162005.21,6835585.39,1263.07],
     [162008.64,6835587.2,1262.7],
     [162018.15,6835593.29,1262.68],
     [162022.42,6835594.58,1262.73],
     [162024.7,6835595.41,1262.71],
     [162033.07,6835601.41,1261.87],
     [162038.4,6835603.43,1261.85],
     [162044.45,6835607.23,1261.75],
     [162060.12,6835615.29,1261.0],
     [162077.66,6835624.58,1259.62],
     [162092.69,6835632.57,1259.36],
     [162100.77,6835636.58,1259.14],
     [162101.93,6835637.55,1259.19],
     [162103.86,6835640.29,1259.16],
     [162105.23,6835642.46,1259.12],
     [162106.83,6835643.52,1259.16],
     [162109.55,6835646.03,1258.98],
     [162113.11,6835648.26,1258.8],
     [162129.77,6835658.5,1258.88],
     [162139.86,6835660.92,1259.33],
     [162144.11,6835662.63,1259.28],
     [162149.95,6835666.4,1259.1],
     [162154.17,6835672.59,1258.87],
     [162159.76,6835680.62,1258.31],
     [162171.68,6835700.54,1257.83],
     [162180.02,6835714.17,1257.73],
     [162186.21,6835720.02,1257.46],
     [162191.23,6835723.79,1257.47],
     [162205.68,6835733.75,1258.16],
     [162215.73,6835743.64,1258.68],
     [162221.01,6835749.92,1259.19],
     [162223.66,6835753.59,1259.06],
     [162227.51,6835760.4,1258.93],
     [162229.82,6835766.33,1259.18],
     [162234.63,6835782.13,1259.36],
     [162236.48,6835792.58,1259.53],
     [162236.36,6835804.12,1259.63],
     [162236.41,6835808.41,1259.74],
     [162237.44,6835814.62,1259.95],
     [162244.37,6835829.66,1260.39],
     [162247.48,6835840.42,1260.63],
     [162250.32,6835849.3,1260.24],
     [162255.92,6835863.16,1259.63],
     [162258.8,6835873.28,1259.12],
     [162261.2,6835881.74,1258.62],
     [162262.64,6835886.57,1258.29],
     [162266.08,6835893.35,1257.9],
     [162271.7,6835899.54,1257.25],
     [162275.69,6835908.05,1256.97],
     [162277.09,6835911.53,1257.04],
     [162277.57,6835917.43,1256.83],
     [162277.08,6835922.18,1256.53],
     [162276.92,6835923.9,1256.46],
     [162273.99,6835937.85,1255.33],
     [162270.72,6835948.3,1253.74],
     [162269.58,6835963.93,1251.86],
     [162267.65,6835972.21,1251.31],
     [162267.19,6835975.19,1251.18],
     [162267.48,6835977.99,1251.14],
     [162271.2,6835994.82,1250.8],
     [162270.82,6836001.67,1250.21],
     [162269.57,6836007.31,1249.69],
     [162268.92,6836011.07,1249.2],
     [162268.45,6836021.82,1248.14],
     [162270.07,6836042.15,1246.78],
     [162272.63,6836057.53,1246.28],
     [162274.63,6836067.49,1246.18],
     [162277.55,6836081.48,1245.45],
     [162281.27,6836094.53,1244.42],
     [162284.61,6836103.55,1243.54],
     [162287.64,6836108.89,1243.09],
     [162293.26,6836116.37,1242.28],
     [162296.39,6836121.46,1241.73],
     [162299.45,6836127.16,1241.33],
     [162302.16,6836133.7,1240.41],
     [162304.08,6836146.18,1238.73],
     [162306.61,6836153.98,1237.24],
     [162308.54,6836159.58,1236.81],
     [162308.51,6836167.06,1236.14],
     [162310.73,6836182.53,1234.41],
     [162314.27,6836194.88,1232.94],
     [162314.64,6836206.38,1231.35],
     [162316.72,6836218.04,1229.32],
     [162323.93,6836234.8,1226.85],
     [162332.46,6836254.1,1224.2],
     [162337.57,6836263.86,1223.12],
     [162339.53,6836274.11,1221.06],
     [162340.23,6836281.11,1219.51],
     [162342.85,6836289.31,1218.09],
     [162349.53,6836304.0,1215.94],
     [162358.5,6836319.96,1213.77],
     [162368.33,6836331.33,1212.19],
     [162378.89,6836341.76,1210.98],
     [162382.42,6836345.47,1210.7],
     [162385.16,6836348.67,1210.49],
     [162386.62,6836351.42,1210.55],
     [162389.92,6836357.16,1210.82],
     [162392.57,6836364.42,1210.49],
     [162395.86,6836371.62,1209.93],
     [162396.78,6836377.78,1210.12],
     [162397.54,6836381.96,1210.28],
     [162400.14,6836390.04,1210.26],
     [162402.95,6836397.04,1210.07],
     [162405.52,6836404.12,1209.84],
     [162408.78,6836408.68,1209.82],
     [162413.7,6836414.05,1209.69],
     [162417.64,6836417.79,1209.28],
     [162419.86,6836421.01,1209.05],
     [162421.7,6836423.46,1208.94],
     [162424.73,6836425.92,1208.77],
     [162434.79,6836430.26,1208.8],
     [162441.39,6836433.2,1208.8],
     [162446.12,6836436.4,1208.46],
     [162448.04,6836438.3,1208.27],
     [162452.08,6836442.38,1207.66],
     [162459.37,6836453.08,1206.62],
     [162467.33,6836464.84,1206.12],
     [162479.8,6836481.36,1205.89],
     [162488.02,6836497.69,1205.52],
     [162490.97,6836504.16,1205.44],
     [162497.93,6836514.53,1205.19],
     [162505.77,6836523.18,1204.67],
     [162519.14,6836539.27,1202.68],
     [162530.77,6836551.85,1201.62],
     [162538.26,6836562.83,1200.8],
     [162547.83,6836577.11,1199.59],
     [162553.45,6836588.17,1198.45],
     [162555.61,6836590.76,1198.21],
     [162557.52,6836592.61,1198.07],
     [162560.79,6836594.46,1197.96],
     [162563.33,6836596.84,1197.77],
     [162569.99,6836602.0,1197.4],
     [162573.26,6836608.74,1196.84],
     [162576.67,6836611.63,1196.71],
     [162579.17,6836612.78,1196.66],
     [162582.24,6836615.71,1196.51],
     [162585.08,6836618.0,1196.4],
     [162588.85,6836620.22,1196.27],
     [162595.67,6836624.5,1196.08],
     [162600.23,6836630.0,1195.85],
     [162604.92,6836636.09,1195.62],
     [162613.27,6836649.0,1195.38],
     [162616.73,6836655.37,1195.23],
     [162618.01,6836658.03,1195.17],
     [162619.3,6836660.98,1195.14],
     [162621.02,6836663.31,1195.18],
     [162632.92,6836672.1,1195.1],
     [162635.29,6836675.79,1195.1],
     [162636.98,6836679.3,1195.1],
     [162638.2,6836683.32,1195.14],
     [162650.03,6836697.76,1195.1],
     [162653.42,6836703.96,1195.2],
     [162659.73,6836719.92,1195.29],
     [162663.79,6836726.35,1195.49],
     [162671.4,6836736.79,1195.56],
     [162687.61,6836757.23,1195.56],
     [162694.23,6836768.99,1195.71],
     [162700.12,6836780.62,1195.89],
     [162705.65,6836792.17,1195.49],
     [162717.46,6836814.27,1194.4],
     [162723.19,6836826.69,1193.5],
     [162729.21,6836842.02,1192.02],
     [162736.27,6836857.16,1191.03],
     [162742.14,6836870.56,1189.42],
     [162746.57,6836880.79,1188.12],
     [162754.05,6836894.53,1186.87],
     [162759.95,6836908.46,1185.97],
     [162761.86,6836916.01,1185.16],
     [162764.36,6836924.87,1184.17],
     [162766.0,6836934.92,1183.77],
     [162766.35,6836944.95,1183.21],
     [162766.38,6836948.83,1183.2],
     [162773.27,6836965.45,1182.42],
     [162778.93,6836980.04,1181.2],
     [162782.39,6836990.7,1180.29],
     [162788.67,6837001.96,1179.78],
     [162794.83,6837014.63,1179.37],
     [162805.31,6837028.42,1179.01],
     [162810.98,6837043.02,1178.33],
     [162814.6,6837054.14,1177.81],
     [162817.04,6837066.0,1177.6],
     [162821.6,6837075.68,1177.95],
     [162826.76,6837086.33,1178.78],
     [162831.93,6837096.25,1179.63],
     [162832.68,6837101.14,1179.85],
     [162832.21,6837104.71,1180.03],
     [162831.92,6837106.2,1180.0],
     [162831.92,6837107.73,1179.92],
     [162832.16,6837110.59,1179.89],
     [162835.95,6837118.88,1179.78],
     [162837.41,6837123.7,1179.6],
     [162837.95,6837130.36,1179.19],
     [162838.52,6837135.08,1179.03],
     [162841.61,6837144.71,1179.25],
     [162844.9,6837154.09,1179.41],
     [162850.15,6837162.84,1179.27],
     [162858.02,6837174.84,1178.58],
     [162861.61,6837179.14,1178.59],
     [162874.49,6837194.26,1179.72],
     [162879.82,6837204.01,1180.03],
     [162882.24,6837210.58,1180.25],
     [162885.22,6837221.8,1180.38],
     [162887.31,6837230.11,1180.28],
     [162889.4,6837235.58,1180.11],
     [162891.17,6837242.08,1179.85],
     [162891.74,6837246.92,1179.8],
     [162900.22,6837264.17,1179.31],
     [162908.58,6837281.55,1179.24],
     [162912.7,6837288.69,1179.16],
     [162916.01,6837298.95,1179.27],
     [162921.58,6837312.38,1178.98],
     [162923.78,6837328.43,1179.38],
     [162926.35,6837335.34,1179.49],
     [162931.05,6837343.25,1179.7],
     [162932.77,6837348.41,1180.03],
     [162934.32,6837352.99,1180.11],
     [162934.79,6837355.13,1180.05],
     [162935.18,6837357.8,1179.87],
     [162935.7,6837359.82,1179.65],
     [162938.88,6837368.38,1179.87],
     [162943.77,6837381.51,1179.86],
     [162944.96,6837388.12,1179.7],
     [162945.05,6837400.71,1178.92],
     [162946.23,6837404.32,1178.62],
     [162948.79,6837410.41,1178.37],
     [162954.35,6837420.13,1177.61],
     [162960.48,6837433.11,1177.51],
     [162964.61,6837446.24,1177.9],
     [162965.3,6837450.3,1177.78],
     [162965.84,6837456.25,1177.66],
     [162966.02,6837467.71,1177.4],
     [162967.11,6837478.92,1177.61],
     [162967.2,6837484.33,1177.58],
     [162968.08,6837492.91,1176.62],
     [162969.55,6837503.61,1175.84],
     [162968.62,6837523.28,1175.37],
     [162967.9,6837540.29,1175.74],
     [162966.9,6837554.01,1176.18],
     [162965.98,6837566.45,1176.27],
     [162965.37,6837588.44,1176.2],
     [162964.19,6837604.96,1176.74],
     [162962.64,6837619.85,1177.01],
     [162961.8,6837629.57,1177.34],
     [162955.99,6837644.93,1180.74],
     [162952.37,6837652.41,1182.03],
     [162949.84,6837658.91,1181.71],
     [162946.62,6837667.05,1181.1],
     [162945.73,6837680.49,1178.98],
     [162945.57,6837688.62,1178.36],
     [162943.23,6837700.34,1178.54],
     [162937.89,6837720.61,1177.71],
     [162936.17,6837732.63,1177.71],
     [162932.08,6837743.03,1178.45],
     [162928.28,6837756.99,1178.34],
     [162924.33,6837766.2,1178.2],
     [162919.15,6837774.86,1178.08],
     [162912.04,6837790.74,1177.49],
     [162908.43,6837797.74,1177.69],
     [162904.58,6837803.76,1177.66],
     [162896.6,6837809.07,1177.98],
     [162884.65,6837816.28,1178.78],
     [162877.61,6837822.97,1179.78],
     [162867.85,6837830.18,1180.53],
     [162856.58,6837839.82,1180.82],
     [162844.05,6837853.55,1180.58],
     [162830.53,6837863.07,1180.5],
     [162807.73,6837877.06,1180.26],
     [162787.32,6837886.44,1180.02],
     [162779.6,6837891.37,1179.7],
     [162774.77,6837894.17,1179.74],
     [162749.24,6837903.56,1180.45],
     [162728.86,6837911.17,1180.31],
     [162720.86,6837914.83,1179.76],
     [162705.73,6837924.01,1179.28],
     [162697.19,6837925.42,1179.8],
     [162690.24,6837925.28,1180.17],
     [162685.33,6837926.38,1180.41],
     [162667.95,6837935.51,1180.76],
     [162656.12,6837941.19,1180.71],
     [162648.79,6837942.91,1180.08],
     [162643.41,6837940.41,1179.4],
     [162641.44,6837939.39,1179.21],
     [162637.93,6837939.62,1178.74],
     [162633.53,6837941.22,1177.87],
     [162620.15,6837947.38,1176.76],
     [162614.76,6837949.05,1176.33],
     [162607.21,6837949.68,1176.05],
     [162594.43,6837953.74,1175.83],
     [162583.6,6837955.8,1175.65],
     [162575.38,6837957.37,1175.68],
     [162565.59,6837962.18,1175.9],
     [162555.98,6837966.26,1175.59],
     [162547.83,6837970.12,1175.3],
     [162540.01,6837976.59,1175.88],
     [162534.46,6837983.52,1177.06],
     [162528.41,6837989.96,1177.31],
     [162517.01,6838002.2,1178.17],
     [162510.04,6838009.78,1179.26],
     [162505.35,6838014.17,1179.52],
     [162503.29,6838019.16,1179.8],
     [162502.83,6838029.38,1180.16],
     [162502.33,6838036.01,1179.95],
     [162500.56,6838048.1,1178.95],
     [162500.7,6838057.56,1178.61],
     [162498.38,6838065.87,1178.64],
     [162496.3,6838073.46,1178.69],
     [162489.73,6838092.18,1178.53],
     [162489.55,6838096.37,1178.53],
     [162489.8,6838099.47,1178.6],
     [162494.16,6838110.93,1178.78],
     [162497.38,6838120.67,1178.33],
     [162500.65,6838133.93,1177.65],
     [162502.05,6838146.64,1176.53],
     [162503.55,6838154.11,1176.43],
     [162504.18,6838158.17,1176.59],
     [162505.92,6838169.79,1177.07],
     [162506.03,6838170.55,1177.11],
     [162504.64,6838182.32,1178.45],
     [162503.35,6838197.2,1179.43],
     [162501.27,6838207.67,1179.81],
     [162498.91,6838216.16,1179.93],
     [162494.75,6838221.33,1179.96],
     [162492.81,6838224.19,1180.09],
     [162489.93,6838233.54,1180.91],
     [162488.26,6838238.87,1181.8],
     [162488.59,6838242.19,1182.54],
     [162488.79,6838250.29,1184.38],
     [162487.9,6838255.19,1185.15],
     [162483.68,6838260.37,1186.15],
     [162477.48,6838263.76,1186.71],
     [162475.78,6838265.9,1186.68],
     [162474.2,6838270.26,1186.87],
     [162470.8,6838278.9,1188.47],
     [162466.55,6838288.02,1189.95],
     [162461.48,6838296.44,1191.63],
     [162458.02,6838303.79,1192.98],
     [162451.45,6838311.86,1193.38],
     [162444.57,6838316.08,1193.76],
     [162434.4,6838324.8,1194.27],
     [162432.54,6838327.89,1194.14],
     [162432.29,6838330.57,1194.04],
     [162432.39,6838332.44,1193.99],
     [162433.51,6838336.05,1194.15],
     [162434.76,6838341.89,1194.41],
     [162437.86,6838346.75,1194.29],
     [162442.05,6838349.0,1193.97],
     [162446.92,6838350.3,1193.46],
     [162450.7,6838351.87,1192.95],
     [162456.51,6838359.51,1192.38],
     [162461.1,6838364.43,1191.85],
     [162463.17,6838366.14,1191.53],
     [162466.86,6838367.19,1190.78],
     [162468.43,6838367.76,1190.49],
     [162471.02,6838369.96,1190.25],
     [162476.68,6838372.2,1189.55],
     [162483.05,6838373.88,1189.23],
     [162487.2,6838374.98,1189.0],
     [162492.68,6838379.29,1189.16],
     [162496.21,6838380.0,1188.98],
     [162501.6,6838380.44,1188.51],
     [162504.79,6838380.58,1188.21],
     [162508.37,6838381.88,1188.13],
     [162511.82,6838383.0,1188.18],
     [162516.2,6838384.12,1188.42],
     [162518.23,6838385.07,1188.56],
     [162526.28,6838389.29,1188.37],
     [162533.43,6838393.93,1187.98],
     [162544.15,6838401.93,1186.68],
     [162546.07,6838404.47,1186.42],
     [162547.51,6838408.42,1186.03],
     [162549.41,6838413.67,1185.54],
     [162551.48,6838419.57,1185.61],
     [162553.61,6838422.51,1185.49],
     [162557.1,6838424.22,1185.18],
     [162561.86,6838427.13,1184.87],
     [162565.82,6838429.46,1184.52],
     [162568.99,6838435.13,1184.18],
     [162571.07,6838436.79,1183.92],
     [162573.67,6838438.4,1183.58],
     [162576.12,6838438.91,1183.24],
     [162577.79,6838440.47,1183.04],
     [162581.68,6838444.21,1182.98],
     [162585.83,6838448.17,1182.7],
     [162589.67,6838451.33,1182.3],
     [162591.88,6838454.5,1181.99],
     [162593.98,6838455.68,1181.76],
     [162596.95,6838457.44,1181.51],
     [162604.43,6838459.07,1180.97],
     [162613.95,6838461.7,1180.12],
     [162622.9,6838464.08,1179.24],
     [162627.55,6838467.0,1178.75],
     [162631.55,6838472.79,1178.58],
     [162637.06,6838480.39,1178.41],
     [162643.08,6838492.2,1178.35],
     [162645.43,6838500.71,1178.25],
     [162645.21,6838503.79,1178.25],
     [162645.19,6838505.68,1178.1],
     [162645.32,6838507.2,1177.94],
     [162646.3,6838509.83,1177.7],
     [162647.13,6838512.11,1177.58],
     [162648.45,6838515.29,1177.78],
     [162649.18,6838517.83,1177.74],
     [162649.66,6838520.72,1177.64],
     [162649.64,6838524.84,1177.61],
     [162649.28,6838529.05,1177.66],
     [162653.4,6838534.83,1177.21],
     [162656.29,6838542.01,1176.85],
     [162659.25,6838549.47,1176.44],
     [162659.66,6838556.62,1176.48],
     [162658.29,6838567.86,1177.01],
     [162658.92,6838582.16,1177.13],
     [162661.02,6838587.58,1176.84],
     [162664.92,6838592.2,1176.53],
     [162670.87,6838595.83,1176.17],
     [162674.45,6838598.66,1175.99],
     [162676.93,6838602.28,1175.84],
     [162680.89,6838614.78,1176.18],
     [162681.71,6838622.59,1176.45],
     [162683.3,6838636.17,1176.75],
     [162685.18,6838643.38,1176.8],
     [162692.05,6838663.29,1176.27],
     [162696.23,6838676.25,1176.27],
     [162701.27,6838689.71,1176.21],
     [162705.06,6838697.17,1175.97],
     [162706.39,6838702.59,1175.88],
     [162708.53,6838707.95,1175.93],
     [162713.1,6838717.04,1175.93],
     [162715.63,6838722.78,1175.83],
     [162717.09,6838729.13,1175.64],
     [162718.08,6838733.29,1175.6],
     [162720.55,6838741.86,1175.79],
     [162721.95,6838746.74,1176.16],
     [162723.92,6838751.52,1176.2],
     [162725.99,6838758.76,1175.97],
     [162727.25,6838765.54,1176.3],
     [162730.38,6838770.64,1175.99],
     [162731.64,6838774.54,1175.91],
     [162732.64,6838777.4,1175.74],
     [162733.05,6838779.66,1175.62],
     [162733.05,6838785.43,1175.66],
     [162734.3,6838788.38,1175.59],
     [162736.67,6838793.72,1175.77],
     [162737.42,6838799.84,1175.91],
     [162737.93,6838803.33,1175.77],
     [162738.84,6838807.2,1175.76],
     [162740.75,6838812.57,1175.89],
     [162743.71,6838821.39,1175.59],
     [162745.83,6838824.21,1175.49],
     [162748.55,6838827.29,1175.66],
     [162749.24,6838830.05,1175.78],
     [162748.49,6838833.12,1176.01],
     [162747.8,6838834.76,1176.16],
     [162747.73,6838837.42,1176.4],
     [162748.57,6838839.82,1176.63],
     [162751.63,6838844.8,1176.95],
     [162753.36,6838847.25,1176.79],
     [162755.74,6838850.47,1176.39],
     [162758.28,6838854.91,1176.24],
     [162763.68,6838859.82,1176.76],
     [162766.67,6838865.46,1177.05],
     [162771.26,6838872.55,1176.17],
     [162774.27,6838877.72,1175.58],
     [162777.08,6838882.55,1175.57],
     [162787.07,6838896.74,1175.73],
     [162791.76,6838909.47,1176.16],
     [162794.14,6838920.63,1176.14],
     [162797.05,6838927.46,1175.86],
     [162802.89,6838944.16,1175.72],
     [162811.33,6838957.47,1175.34],
     [162819.92,6838970.24,1175.44],
     [162830.68,6838983.95,1175.53],
     [162839.61,6838994.51,1176.18],
     [162844.82,6839001.26,1176.41],
     [162848.36,6839007.27,1176.33],
     [162853.25,6839014.46,1176.25],
     [162857.94,6839018.61,1175.71],
     [162861.35,6839024.27,1175.57],
     [162861.89,6839029.46,1175.6],
     [162861.27,6839036.93,1176.0],
     [162861.43,6839040.45,1176.18],
     [162861.62,6839049.13,1176.22],
     [162861.92,6839052.88,1176.12],
     [162863.3,6839056.06,1176.06],
     [162865.96,6839058.32,1176.11],
     [162867.67,6839060.58,1176.16],
     [162869.23,6839063.81,1176.13],
     [162871.12,6839068.25,1176.2],
     [162874.5,6839079.97,1176.25],
     [162876.36,6839085.41,1176.21],
     [162881.48,6839097.7,1175.92],
     [162889.07,6839116.38,1176.06],
     [162890.3,6839121.28,1176.13],
     [162893.68,6839123.12,1175.72],
     [162896.27,6839126.02,1175.74],
     [162904.99,6839131.13,1175.76],
     [162913.99,6839139.11,1176.02],
     [162922.61,6839145.93,1176.12],
     [162927.02,6839152.28,1176.21],
     [162930.96,6839157.37,1176.22],
     [162936.72,6839164.37,1176.29],
     [162940.54,6839170.05,1176.14],
     [162942.77,6839175.75,1176.1],
     [162944.43,6839179.5,1176.0],
     [162948.09,6839183.97,1175.88],
     [162951.11,6839191.37,1176.23],
     [162953.04,6839196.92,1176.13],
     [162954.67,6839200.38,1176.18],
     [162957.52,6839204.2,1176.21],
     [162961.64,6839207.87,1176.3],
     [162965.24,6839213.04,1176.39],
     [162966.59,6839217.34,1176.55],
     [162967.39,6839222.11,1176.71],
     [162968.24,6839232.45,1177.1],
     [162971.23,6839243.14,1177.18],
     [162972.29,6839247.42,1177.17],
     [162973.54,6839249.67,1177.13],
     [162977.51,6839252.87,1177.13],
     [162984.6,6839258.29,1177.3],
     [162989.2,6839259.97,1177.23],
     [162994.86,6839266.45,1177.93],
     [162998.19,6839269.83,1178.01],
     [162999.64,6839270.95,1177.94],
     [163003.36,6839277.7,1178.3],
     [163006.99,6839281.05,1178.39],
     [163014.02,6839289.95,1178.42],
     [163020.69,6839295.99,1178.55],
     [163022.8,6839300.17,1178.65],
     [163025.49,6839305.07,1178.57],
     [163027.96,6839312.99,1179.0],
     [163033.52,6839322.65,1179.22],
     [163035.55,6839327.37,1179.13],
     [163035.98,6839332.46,1179.34],
     [163035.38,6839337.33,1179.72],
     [163033.71,6839342.23,1179.95],
     [163033.1,6839348.28,1179.81],
     [163033.48,6839351.66,1179.64],
     [163039.14,6839360.32,1178.61],
     [163042.31,6839366.0,1177.07],
     [163043.02,6839371.0,1176.57],
     [163043.1,6839376.35,1176.63],
     [163044.98,6839380.67,1176.33],
     [163053.83,6839394.59,1175.61],
     [163058.02,6839404.72,1175.5],
     [163063.6,6839417.57,1175.65],
     [163067.26,6839427.79,1176.03],
     [163074.64,6839436.72,1176.07],
     [163086.34,6839447.42,1176.0],
     [163097.39,6839459.45,1175.87],
     [163102.67,6839463.67,1175.77],
     [163111.39,6839469.54,1176.07],
     [163118.79,6839474.35,1176.75],
     [163121.04,6839477.34,1177.08],
     [163122.76,6839480.38,1177.3],
     [163126.46,6839483.96,1177.47],
     [163131.36,6839487.74,1177.36],
     [163134.48,6839490.66,1177.16],
     [163141.41,6839497.68,1176.64],
     [163148.84,6839508.84,1176.3],
     [163154.14,6839513.94,1176.18],
     [163155.11,6839516.45,1176.07],
     [163155.73,6839518.17,1176.04],
     [163157.83,6839520.88,1176.08],
     [163162.73,6839523.3,1175.87],
     [163166.91,6839528.31,1175.96],
     [163173.65,6839536.58,1175.85],
     [163179.64,6839542.92,1175.91],
     [163185.91,6839546.93,1176.24],
     [163190.1,6839550.59,1176.3],
     [163193.6,6839554.54,1175.98],
     [163195.62,6839556.38,1175.7],
     [163204.64,6839558.58,1175.75],
     [163217.38,6839561.12,1176.04],
     [163227.86,6839564.09,1176.0],
     [163233.17,6839568.01,1175.97],
     [163245.68,6839576.34,1175.87],
     [163256.3,6839581.59,1175.83],
     [163268.27,6839585.67,1175.61],
     [163273.38,6839587.61,1175.63],
     [163285.99,6839592.16,1175.41],
     [163293.39,6839596.26,1175.48],
     [163307.0,6839602.33,1175.84],
     [163317.1,6839607.74,1175.96],
     [163322.17,6839609.43,1175.92],
     [163324.24,6839610.21,1175.92],
     [163325.92,6839611.37,1176.02],
     [163330.3,6839617.36,1176.19],
     [163332.71,6839623.82,1175.91],
     [163332.98,6839627.21,1175.88],
     [163333.98,6839630.71,1175.92],
     [163334.95,6839633.92,1176.02],
     [163336.82,6839635.12,1176.08],
     [163339.18,6839635.34,1176.15],
     [163340.97,6839634.14,1176.17],
     [163342.68,6839633.53,1176.25],
     [163344.9,6839634.82,1176.42],
     [163351.7,6839640.96,1176.34],
     [163353.84,6839641.14,1176.32],
     [163357.01,6839641.07,1176.2],
     [163359.36,6839641.04,1175.87],
     [163361.39,6839642.05,1175.73],
     [163363.26,6839644.03,1175.78],
     [163366.85,6839649.84,1176.36],
     [163368.99,6839653.03,1176.59],
     [163376.66,6839656.87,1177.2],
     [163383.77,6839661.05,1177.39],
     [163389.35,6839663.78,1177.38],
     [163392.8,6839666.55,1177.47],
     [163397.71,6839669.04,1177.46],
     [163400.27,6839670.12,1177.39],
     [163406.01,6839678.36,1177.43],
     [163411.23,6839686.94,1177.53],
     [163415.58,6839691.29,1177.23],
     [163418.89,6839700.02,1177.41],
     [163423.41,6839709.36,1177.55],
     [163426.68,6839716.39,1177.7],
     [163433.74,6839724.99,1177.37],
     [163441.12,6839732.62,1177.21],
     [163443.38,6839737.09,1177.1],
     [163444.24,6839741.25,1177.12],
     [163445.89,6839742.65,1177.1],
     [163448.37,6839744.28,1177.14],
     [163452.9,6839745.08,1177.21],
     [163457.01,6839747.04,1177.37],
     [163459.67,6839750.18,1177.59],
     [163463.67,6839757.33,1177.57],
     [163471.48,6839770.16,1177.41],
     [163480.07,6839780.34,1176.99],
     [163488.11,6839787.22,1176.02],
     [163492.25,6839792.65,1175.69],
     [163494.01,6839796.92,1175.75],
     [163498.94,6839806.87,1176.5],
     [163504.2,6839814.38,1176.86],
     [163508.12,6839817.77,1176.68],
     [163517.21,6839823.26,1176.09],
     [163524.33,6839828.99,1175.8],
     [163530.61,6839835.36,1175.8],
     [163541.05,6839849.39,1175.95],
     [163544.21,6839860.13,1175.71],
     [163547.42,6839864.17,1175.68],
     [163552.36,6839872.71,1175.4],
     [163553.17,6839876.23,1175.34],
     [163552.77,6839879.91,1175.32],
     [163550.88,6839895.0,1175.51],
     [163549.0,6839905.92,1175.49],
     [163549.35,6839908.72,1175.43],
     [163550.49,6839910.51,1175.3],
     [163552.24,6839911.72,1175.19],
     [163555.76,6839915.91,1175.41],
     [163560.82,6839927.83,1176.35],
     [163563.17,6839934.25,1176.5],
     [163564.85,6839937.37,1176.54],
     [163565.36,6839940.63,1176.72],
     [163565.41,6839943.41,1176.83],
     [163565.81,6839950.47,1177.03],
     [163566.73,6839959.5,1177.05],
     [163566.51,6839963.89,1177.09],
     [163565.3,6839968.66,1177.13],
     [163565.34,6839972.74,1177.32],
     [163567.0,6839979.22,1177.5],
     [163567.99,6839983.39,1177.23],
     [163568.26,6839987.28,1177.1],
     [163568.8,6839998.82,1176.91],
     [163567.47,6840005.72,1176.76],
     [163566.24,6840012.38,1176.7],
     [163566.26,6840014.69,1176.68],
     [163567.99,6840027.08,1176.42],
     [163567.15,6840032.64,1176.34],
     [163565.04,6840040.75,1176.26],
     [163563.71,6840046.88,1175.83],
     [163563.68,6840048.71,1175.81],
     [163564.39,6840051.55,1175.92],
     [163570.89,6840057.93,1175.33],
     [163577.87,6840065.93,1175.2],
     [163582.45,6840072.71,1175.46],
     [163589.39,6840083.78,1175.64],
     [163592.7,6840088.71,1175.6],
     [163597.69,6840095.51,1175.87],
     [163606.57,6840106.37,1176.21],
     [163611.82,6840114.92,1176.26],
     [163612.42,6840119.36,1176.35],
     [163611.77,6840124.32,1176.54],
     [163611.7,6840126.28,1176.6],
     [163612.36,6840128.53,1176.6],
     [163616.61,6840133.56,1176.77],
     [163618.81,6840136.57,1176.94],
     [163619.93,6840139.43,1177.15],
     [163622.27,6840141.9,1177.31],
     [163623.23,6840144.3,1177.45],
     [163625.1,6840151.12,1177.7],
     [163625.48,6840155.88,1177.92],
     [163626.65,6840157.86,1177.95],
     [163627.77,6840159.95,1177.92],
     [163629.14,6840162.97,1177.82],
     [163633.24,6840171.14,1177.37],
     [163637.14,6840181.88,1176.07],
     [163638.49,6840188.92,1175.41],
     [163638.85,6840194.68,1175.21],
     [163639.5,6840196.82,1175.15],
     [163640.02,6840198.79,1175.1],
     [163645.45,6840203.71,1175.06],
     [163653.93,6840209.82,1175.11],
     [163659.4,6840215.92,1175.69],
     [163664.82,6840221.39,1175.71],
     [163671.12,6840226.19,1175.4],
     [163673.48,6840226.83,1175.19],
     [163679.05,6840235.53,1175.34],
     [163681.64,6840239.69,1175.55],
     [163687.89,6840247.39,1175.85],
     [163692.26,6840252.41,1176.01],
     [163696.47,6840259.69,1176.33],
     [163699.98,6840263.59,1176.37],
     [163709.45,6840270.86,1176.36],
     [163711.25,6840274.08,1176.34],
     [163716.55,6840282.45,1176.14],
     [163723.13,6840290.54,1176.23],
     [163728.2,6840296.14,1176.0],
     [163732.95,6840299.18,1175.88],
     [163739.48,6840308.93,1176.04],
     [163745.21,6840318.92,1176.08],
     [163751.62,6840328.5,1176.03],
     [163756.27,6840334.03,1175.77],
     [163764.35,6840342.29,1175.54],
     [163772.82,6840350.46,1175.64],
     [163782.9,6840360.86,1176.4],
     [163789.26,6840366.31,1176.53],
     [163797.43,6840375.09,1176.38],
     [163804.77,6840385.3,1176.33],
     [163814.02,6840397.08,1176.15],
     [163820.56,6840403.21,1175.95],
     [163831.61,6840409.7,1175.56],
     [163836.22,6840415.34,1175.63],
     [163848.31,6840427.95,1175.76],
     [163854.29,6840436.62,1175.64],
     [163858.68,6840445.42,1175.66],
     [163865.35,6840456.1,1175.7],
     [163871.81,6840467.75,1175.61],
     [163878.15,6840482.29,1175.67],
     [163883.36,6840495.22,1175.76],
     [163888.61,6840503.66,1175.6],
     [163893.5,6840512.83,1175.58],
     [163898.27,6840517.64,1175.65],
     [163905.98,6840523.63,1175.87],
     [163917.21,6840529.44,1176.03],
     [163924.68,6840533.32,1175.96],
     [163937.83,6840542.17,1176.02],
     [163941.17,6840544.01,1175.94],
     [163945.0,6840549.55,1175.84],
     [163947.85,6840551.86,1175.89],
     [163955.67,6840558.54,1175.94],
     [163964.57,6840566.03,1175.92],
     [163970.17,6840570.89,1175.93],
     [163977.02,6840577.24,1176.57],
     [163982.77,6840583.21,1177.21],
     [163984.47,6840588.04,1177.63],
     [163983.88,6840593.11,1178.16],
     [163982.45,6840597.9,1178.8],
     [163983.28,6840600.13,1179.09],
     [163984.08,6840604.92,1179.6],
     [163983.38,6840611.36,1180.28],
     [163984.3,6840614.59,1180.74],
     [163987.41,6840620.13,1181.59],
     [163992.19,6840622.92,1182.38],
     [163994.36,6840625.58,1182.89],
     [163994.8,6840630.16,1183.42],
     [163994.52,6840636.09,1183.84],
     [163989.4,6840645.03,1184.58],
     [163986.62,6840651.41,1185.01],
     [163983.42,6840661.3,1185.75],
     [163980.12,6840669.38,1186.4],
     [163979.48,6840680.91,1187.31],
     [163978.23,6840691.0,1188.2],
     [163978.95,6840698.86,1188.83],
     [163975.79,6840707.16,1189.64],
     [163972.17,6840713.43,1190.19],
     [163970.08,6840719.04,1190.78],
     [163962.76,6840727.68,1192.6],
     [163962.4,6840731.32,1193.42],
     [163963.28,6840739.75,1195.23],
     [163963.67,6840749.48,1197.72],
     [163962.68,6840751.87,1198.5],
     [163962.04,6840759.07,1200.37],
     [163961.9,6840763.16,1201.2],
     [163962.43,6840768.2,1201.45],
     [163962.36,6840771.58,1200.47],
     [163962.61,6840774.69,1199.63],
     [163964.76,6840781.37,1199.29],
     [163966.67,6840786.54,1200.18],
     [163969.14,6840792.18,1201.34],
     [163969.49,6840799.37,1202.13],
     [163971.45,6840808.66,1202.97],
     [163974.67,6840816.26,1203.88],
     [163977.2,6840824.62,1205.43],
     [163978.94,6840832.17,1207.18],
     [163981.73,6840838.79,1208.59],
     [163985.48,6840843.33,1209.25],
     [163987.74,6840847.22,1209.53],
     [163988.19,6840851.21,1209.73],
     [163990.84,6840857.49,1209.08],
     [163992.52,6840860.72,1209.09],
     [163995.26,6840864.46,1209.92],
     [164000.58,6840874.54,1210.89],
     [164005.98,6840887.04,1211.66],
     [164008.54,6840891.5,1212.01],
     [164012.12,6840896.93,1212.89],
     [164015.14,6840902.07,1213.85],
     [164015.2,6840908.45,1214.88],
     [164016.68,6840913.58,1215.83],
     [164018.89,6840919.61,1217.34],
     [164020.09,6840923.42,1218.57],
     [164024.29,6840927.74,1219.3],
     [164025.73,6840929.39,1219.43],
     [164025.66,6840930.76,1219.59],
     [164024.9,6840931.65,1219.77],
     [164019.71,6840938.17,1220.24],
     [164017.04,6840942.34,1220.62],
     [164016.45,6840945.23,1220.72],
     [164016.97,6840948.03,1220.53],
     [164017.58,6840949.75,1220.74],
     [164020.92,6840950.83,1220.92],
     [164022.6,6840952.41,1221.5],
     [164026.66,6840959.46,1222.4],
     [164030.52,6840966.12,1223.28],
     [164034.31,6840971.96,1224.43],
     [164041.9,6840977.37,1224.44],
     [164046.36,6840984.15,1224.87],
     [164054.64,6840995.0,1224.91],
     [164061.68,6841004.41,1225.61],
     [164065.08,6841006.85,1225.47],
     [164070.61,6841010.12,1225.15],
     [164083.39,6841015.33,1224.75],
     [164086.14,6841017.77,1224.74],
     [164088.35,6841021.72,1224.9],
     [164092.07,6841027.45,1225.22],
     [164096.48,6841032.94,1225.19],
     [164104.66,6841041.08,1224.83],
     [164112.39,6841045.17,1224.65],
     [164119.3,6841048.8,1224.37],
     [164129.46,6841054.46,1224.1],
     [164133.95,6841057.94,1224.23],
     [164134.7,6841059.89,1224.26],
     [164135.67,6841060.99,1224.27],
     [164141.04,6841063.68,1224.41],
     [164154.39,6841071.51,1223.69],
     [164161.09,6841074.57,1223.33],
     [164167.61,6841079.05,1223.32],
     [164177.88,6841087.55,1223.46],
     [164183.67,6841094.7,1223.67],
     [164190.59,6841099.04,1223.54],
     [164200.73,6841105.24,1223.41],
     [164208.4,6841108.63,1223.21],
     [164217.88,6841111.04,1222.43],
     [164237.22,6841115.48,1221.47],
     [164240.9,6841117.07,1221.49],
     [164248.3,6841127.22,1222.53],
     [164254.48,6841133.39,1222.96],
     [164259.56,6841136.29,1222.8],
     [164265.86,6841142.39,1222.95],
     [164270.8,6841152.27,1223.65],
     [164275.23,6841160.83,1224.16],
     [164287.23,6841178.05,1224.49],
     [164300.31,6841196.89,1224.48],
     [164313.46,6841210.89,1224.75],
     [164333.67,6841230.99,1225.86],
     [164344.77,6841243.72,1227.38],
     [164350.02,6841250.09,1228.44],
     [164355.07,6841257.6,1229.19],
     [164364.65,6841265.56,1229.73],
     [164378.54,6841275.53,1230.22],
     [164393.93,6841284.55,1230.21],
     [164408.54,6841296.0,1230.93],
     [164421.61,6841304.74,1231.28],
     [164427.69,6841309.68,1231.2],
     [164434.61,6841317.74,1232.03],
     [164440.85,6841331.71,1233.46],
     [164446.0,6841336.13,1234.36],
     [164452.05,6841342.91,1235.22],
     [164463.44,6841356.28,1235.98],
     [164471.6,6841367.84,1237.88],
     [164481.35,6841375.67,1237.77],
     [164489.58,6841381.62,1237.35],
     [164498.95,6841384.81,1237.36],
     [164509.08,6841392.37,1238.03],
     [164515.66,6841398.27,1238.06],
     [164524.74,6841404.5,1237.63],
     [164533.32,6841409.59,1237.81],
     [164541.61,6841411.27,1237.17],
     [164545.21,6841411.92,1236.8],
     [164556.99,6841419.29,1235.94],
     [164565.89,6841428.31,1236.48],
     [164571.7,6841435.63,1237.75],
     [164580.04,6841449.32,1238.69],
     [164585.29,6841458.58,1239.84],
     [164594.52,6841465.21,1239.78],
     [164603.8,6841476.74,1240.4],
     [164611.26,6841487.59,1241.61],
     [164616.5,6841495.97,1242.06],
     [164622.11,6841503.08,1243.35],
     [164628.4,6841509.18,1244.11],
     [164632.88,6841511.77,1244.29],
     [164640.24,6841523.04,1245.09],
     [164646.5,6841534.42,1246.31],
     [164651.74,6841539.25,1246.51],
     [164662.6,6841547.58,1247.07],
     [164665.04,6841554.29,1247.83],
     [164667.34,6841562.14,1249.16],
     [164671.61,6841564.57,1248.79],
     [164676.74,6841567.28,1248.23],
     [164680.48,6841570.34,1248.09],
     [164683.02,6841573.79,1248.33],
     [164692.32,6841580.48,1247.94],
     [164698.19,6841583.67,1247.57],
     [164704.17,6841585.89,1247.42],
     [164718.42,6841598.85,1247.73],
     [164729.85,6841608.49,1247.49],
     [164735.57,6841614.05,1247.83],
     [164742.11,6841619.6,1248.33],
     [164744.71,6841623.23,1248.74],
     [164748.17,6841624.18,1248.52],
     [164754.04,6841625.18,1248.39],
     [164756.25,6841626.18,1248.52],
     [164762.02,6841631.68,1248.85],
     [164771.92,6841641.33,1250.1],
     [164782.02,6841648.36,1250.43],
     [164788.05,6841653.42,1251.28],
     [164794.07,6841662.68,1252.63],
     [164796.58,6841665.96,1253.18],
     [164808.76,6841674.59,1253.98],
     [164819.52,6841679.68,1254.07],
     [164826.5,6841682.54,1254.17],
     [164833.58,6841683.84,1254.11],
     [164839.82,6841683.64,1252.63],
     [164844.61,6841685.14,1251.95],
     [164853.65,6841688.71,1251.74],
     [164862.85,6841693.51,1251.28],
     [164867.98,6841695.57,1250.34],
     [164870.85,6841695.81,1250.08],
     [164873.17,6841697.51,1250.29],
     [164880.71,6841702.27,1251.1],
     [164892.14,6841708.25,1251.43],
     [164903.07,6841715.27,1251.56],
     [164910.46,6841718.26,1251.07],
     [164930.41,6841724.31,1249.8],
     [164939.12,6841723.89,1248.69],
     [164951.15,6841726.39,1247.64],
     [164962.83,6841728.21,1246.63],
     [164972.13,6841727.03,1245.01],
     [164980.4,6841727.71,1244.11],
     [164983.55,6841728.69,1243.97],
     [164984.98,6841730.23,1244.08],
     [164985.24,6841731.98,1244.37],
     [164984.52,6841736.18,1244.97],
     [164987.23,6841742.46,1245.27],
     [164994.51,6841747.59,1244.68],
     [164999.2,6841751.53,1244.49],
     [165003.98,6841753.55,1243.62],
     [165008.7,6841756.95,1242.74],
     [165010.98,6841762.38,1242.48],
     [165011.72,6841769.29,1242.97],
     [165014.14,6841772.17,1242.8],
     [165020.23,6841776.51,1242.79],
     [165022.98,6841779.66,1243.48],
     [165025.85,6841781.49,1243.37],
     [165031.26,6841781.88,1241.79],
     [165036.05,6841782.54,1240.92],
     [165048.02,6841787.58,1239.85],
     [165059.69,6841796.21,1237.43],
     [165067.43,6841803.38,1239.55],
     [165068.84,6841806.48,1239.95],
     [165071.24,6841816.47,1242.39],
     [165073.66,6841822.96,1243.67],
     [165076.39,6841828.0,1244.4],
     [165076.66,6841828.5,1244.53],
     [165076.29,6841832.61,1245.55],
     [165078.48,6841835.57,1246.38],
     [165081.79,6841839.13,1247.11],
     [165088.93,6841843.99,1247.75],
     [165095.3,6841848.9,1248.4],
     [165101.33,6841853.84,1249.87],
     [165105.88,6841858.14,1251.03],
     [165109.49,6841860.45,1251.0],
     [165115.89,6841863.46,1250.93],
     [165122.3,6841865.25,1251.24],
     [165125.87,6841866.76,1251.56],
     [165123.3,6841871.67,1251.99],
     [165118.27,6841877.99,1252.74],
     [165110.46,6841883.78,1253.9],
     [165105.4,6841886.14,1254.69],
     [165103.08,6841887.46,1254.93],
     [165101.8,6841890.63,1255.65],
     [165099.39,6841894.26,1256.33],
     [165098.33,6841897.3,1256.92],
     [165097.97,6841900.76,1257.59],
     [165098.18,6841905.47,1258.47],
     [165097.35,6841909.79,1259.33],
     [165097.03,6841914.5,1260.54],
     [165096.71,6841917.06,1261.12],
     [165091.8,6841922.72,1262.07],
     [165087.41,6841927.64,1262.84],
     [165085.74,6841929.67,1263.28],
     [165083.64,6841932.03,1263.83],
     [165079.31,6841933.39,1264.5],
     [165077.46,6841933.96,1264.78],
     [165072.81,6841936.29,1265.9],
     [165066.52,6841936.63,1266.65],
     [165061.26,6841937.42,1267.24],
     [165055.83,6841940.34,1268.06],
     [165049.83,6841945.04,1269.28],
     [165046.57,6841950.03,1270.45],
     [165041.93,6841953.25,1271.05],
     [165029.99,6841962.62,1271.95],
     [165020.9,6841970.05,1272.57],
     [165019.26,6841970.89,1272.76],
     [165017.6,6841972.99,1273.48],
     [165015.87,6841977.79,1275.38],
     [165014.77,6841978.83,1275.83],
     [165006.49,6841982.41,1277.36],
     [165001.85,6841984.92,1278.3],
     [164995.67,6841988.14,1279.22],
     [164986.99,6841995.42,1280.53],
     [164984.74,6841997.55,1280.94],
     [164982.92,6841999.89,1281.22],
     [164978.38,6842005.0,1281.19],
     [164971.58,6842011.46,1280.9],
     [164966.7,6842016.71,1281.15],
     [164961.89,6842022.32,1281.87],
     [164956.95,6842028.39,1282.54],
     [164950.79,6842034.7,1283.11],
     [164949.43,6842037.64,1283.19],
     [164947.51,6842043.59,1283.51],
     [164946.48,6842047.64,1284.06],
     [164945.9,6842052.18,1285.3],
     [164945.39,6842054.58,1285.94],
     [164944.39,6842056.14,1286.41],
     [164941.37,6842058.17,1287.0],
     [164937.05,6842063.79,1288.17],
     [164935.52,6842066.87,1288.87],
     [164933.39,6842068.28,1289.28],
     [164930.95,6842070.84,1289.85],
     [164926.65,6842076.17,1290.94],
     [164923.66,6842079.31,1291.6],
     [164920.54,6842083.0,1292.39],
     [164917.62,6842087.79,1293.59],
     [164914.8,6842090.92,1294.11],
     [164911.38,6842095.33,1294.61],
     [164908.73,6842099.04,1295.38],
     [164907.52,6842100.85,1295.83],
     [164907.04,6842102.9,1296.32],
     [164905.85,6842107.13,1297.21],
     [164905.68,6842109.46,1297.71],
     [164905.87,6842111.68,1298.22],
     [164905.6,6842115.55,1299.06],
     [164904.45,6842121.67,1300.24],
     [164900.89,6842128.05,1301.39],
     [164898.22,6842133.71,1302.46],
     [164897.05,6842136.76,1303.11],
     [164897.04,6842141.55,1304.12],
     [164896.05,6842145.48,1304.93],
     [164895.05,6842152.0,1306.75],
     [164893.89,6842153.7,1307.36],
     [164889.92,6842156.39,1308.12],
     [164888.98,6842157.29,1308.34],
     [164888.14,6842159.96,1309.01],
     [164888.17,6842163.15,1310.12],
     [164885.96,6842165.82,1310.98],
     [164882.56,6842169.7,1312.27],
     [164880.97,6842175.57,1314.2],
     [164877.83,6842181.92,1315.77],
     [164875.72,6842189.36,1317.34],
     [164873.23,6842193.64,1317.89],
     [164868.89,6842199.79,1318.69],
     [164865.79,6842203.71,1319.55],
     [164864.37,6842209.5,1320.81],
     [164863.64,6842212.88,1321.46],
     [164862.02,6842214.66,1322.0],
     [164856.48,6842218.54,1323.27],
     [164851.73,6842223.2,1324.88],
     [164846.09,6842229.45,1326.98],
     [164834.06,6842237.71,1329.71],
     [164828.04,6842243.53,1330.91],
     [164822.61,6842247.28,1331.47],
     [164809.23,6842250.62,1331.85],
     [164772.71,6842258.71,1332.0],
     [164769.51,6842259.33,1332.03],
     [164766.43,6842261.47,1332.84],
     [164760.04,6842267.79,1334.93],
     [164751.35,6842273.47,1336.08],
     [164733.18,6842283.42,1336.62],
     [164723.95,6842289.79,1336.48],
     [164721.17,6842291.14,1336.38],
     [164711.53,6842291.05,1333.74],
     [164705.11,6842292.12,1332.53],
     [164699.64,6842294.51,1332.23],
     [164694.15,6842297.57,1332.59],
     [164689.35,6842301.68,1333.38],
     [164685.4,6842305.5,1334.27],
     [164681.49,6842311.79,1336.02],
     [164678.92,6842316.43,1336.98],
     [164671.96,6842325.28,1337.77],
     [164667.7,6842329.65,1338.47],
     [164662.55,6842331.02,1337.45],
     [164658.12,6842335.29,1337.8],
     [164652.99,6842339.84,1338.21],
     [164647.23,6842343.75,1337.79],
     [164640.15,6842349.71,1338.27],
     [164632.58,6842354.64,1338.57],
     [164624.88,6842358.77,1338.38],
     [164618.81,6842363.34,1338.7],
     [164613.17,6842369.6,1339.75],
     [164605.71,6842377.37,1340.85],
     [164596.64,6842386.33,1341.23],
     [164593.03,6842389.17,1341.17],
     [164588.96,6842392.93,1340.46],
     [164586.99,6842396.29,1340.35],
     [164583.93,6842397.9,1340.38],
     [164579.74,6842399.42,1340.7],
     [164571.64,6842401.45,1338.96],
     [164567.95,6842403.35,1338.42],
     [164563.28,6842407.63,1339.15],
     [164555.05,6842412.51,1339.99],
     [164551.64,6842414.97,1340.14],
     [164548.55,6842416.95,1340.61],
     [164538.07,6842418.75,1341.65],
     [164533.02,6842419.29,1342.17],
     [164525.92,6842417.09,1340.84],
     [164521.74,6842417.96,1340.68],
     [164517.83,6842421.42,1341.68],
     [164514.83,6842422.32,1341.57],
     [164510.81,6842423.06,1341.58],
     [164506.08,6842423.69,1342.04],
     [164504.26,6842425.25,1342.45],
     [164503.4,6842427.81,1342.87],
     [164504.14,6842434.67,1344.6],
     [164504.34,6842441.39,1347.34],
     [164504.04,6842444.19,1348.36],
     [164503.9,6842450.41,1349.87],
     [164503.7,6842454.38,1350.75],
     [164502.39,6842458.75,1351.72],
     [164499.97,6842462.32,1352.58],
     [164496.73,6842466.01,1353.29],
     [164494.4,6842470.88,1354.04],
     [164493.08,6842478.38,1355.52],
     [164493.05,6842483.82,1356.79],
     [164492.39,6842488.12,1357.92],
     [164492.48,6842494.86,1359.53],
     [164492.34,6842500.37,1361.0],
     [164490.24,6842503.61,1362.38],
     [164487.72,6842506.71,1363.46],
     [164486.77,6842510.28,1364.88],
     [164487.46,6842514.42,1366.55],
     [164483.66,6842518.46,1367.15],
     [164481.31,6842524.38,1368.12],
     [164477.59,6842529.48,1368.42],
     [164475.33,6842538.65,1369.19],
     [164474.41,6842541.86,1369.6],
     [164473.57,6842543.17,1369.81],
     [164470.52,6842545.55,1370.0],
     [164469.64,6842546.39,1370.01],
     [164467.98,6842549.89,1370.37],
     [164467.24,6842556.11,1371.68],
     [164467.1,6842561.43,1373.14],
     [164465.92,6842565.14,1374.17],
     [164463.01,6842568.57,1375.04],
     [164461.01,6842570.86,1375.34],
     [164459.08,6842573.26,1375.56],
     [164457.32,6842577.67,1376.39],
     [164455.01,6842582.0,1377.2],
     [164453.23,6842586.87,1378.47],
     [164449.7,6842594.32,1380.11],
     [164448.73,6842596.93,1380.49],
     [164447.31,6842600.48,1380.73],
     [164446.18,6842603.35,1381.21],
     [164445.43,6842607.14,1382.34],
     [164443.83,6842609.28,1383.1],
     [164439.11,6842614.34,1384.34],
     [164436.01,6842616.9,1384.28],
     [164434.36,6842621.35,1384.76],
     [164433.43,6842623.67,1384.99],
     [164432.1,6842626.86,1385.44],
     [164431.09,6842631.84,1387.0],
     [164424.62,6842640.18,1390.06],
     [164422.1,6842644.7,1391.57],
     [164419.61,6842651.94,1394.22],
     [164415.67,6842655.7,1395.88],
     [164411.74,6842661.16,1397.93],
     [164407.11,6842665.97,1399.53],
     [164405.75,6842668.04,1400.07],
     [164404.74,6842670.13,1400.45],
     [164404.92,6842674.49,1401.62],
     [164407.57,6842678.71,1402.96],
     [164408.77,6842681.14,1403.73],
     [164408.9,6842683.44,1404.38],
     [164408.14,6842686.4,1405.09],
     [164405.37,6842690.76,1405.93],
     [164402.14,6842696.0,1407.01],
     [164398.86,6842700.11,1408.26],
     [164392.94,6842705.68,1409.66],
     [164392.14,6842708.17,1410.26],
     [164392.14,6842711.83,1410.99],
     [164392.05,6842717.87,1412.67],
     [164392.26,6842724.0,1414.53],
     [164390.99,6842727.95,1415.83],
     [164388.55,6842732.17,1416.99],
     [164385.33,6842738.17,1418.42],
     [164379.86,6842746.48,1420.63],
     [164378.05,6842751.07,1421.8],
     [164377.67,6842755.0,1422.61],
     [164374.92,6842760.37,1423.64],
     [164372.95,6842763.13,1424.19],
     [164370.01,6842771.12,1425.31],
     [164366.45,6842778.26,1426.23],
     [164363.17,6842782.91,1427.2],
     [164361.03,6842787.81,1428.02],
     [164360.52,6842793.83,1429.19],
     [164358.4,6842797.54,1429.82],
     [164357.53,6842799.87,1430.19],
     [164357.97,6842803.79,1431.34],
     [164358.57,6842810.3,1433.14],
     [164358.1,6842818.32,1434.52],
     [164356.65,6842825.18,1435.95],
     [164352.85,6842833.47,1437.66],
     [164351.92,6842837.39,1438.5],
     [164352.43,6842841.42,1439.47],
     [164351.83,6842847.09,1440.76],
     [164350.33,6842852.47,1442.06],
     [164348.35,6842860.74,1444.04],
     [164347.37,6842865.37,1445.24],
     [164344.5,6842870.75,1446.61],
     [164340.73,6842878.04,1448.08],
     [164335.44,6842888.52,1449.89],
     [164331.95,6842894.25,1450.89],
     [164329.7,6842899.28,1451.87],
     [164327.77,6842904.52,1452.89],
     [164324.06,6842909.73,1453.85],
     [164321.42,6842918.52,1455.72],
     [164319.63,6842924.88,1457.23],
     [164316.7,6842930.2,1458.42],
     [164312.55,6842939.46,1459.92],
     [164310.48,6842945.96,1461.44],
     [164308.65,6842952.43,1462.92],
     [164306.73,6842959.87,1464.73],
     [164306.43,6842962.84,1465.96],
     [164306.83,6842969.13,1468.64],
     [164306.56,6842975.13,1470.89],
     [164304.12,6842980.77,1472.94],
     [164300.92,6842987.71,1475.45],
     [164298.65,6842993.33,1476.56],
     [164295.87,6842997.53,1477.2],
     [164296.44,6843003.75,1478.38],
     [164296.6,6843010.71,1479.38],
     [164297.35,6843020.52,1480.36],
     [164297.82,6843035.55,1481.33],
     [164298.18,6843045.81,1481.76],
     [164298.6,6843052.28,1481.76],
     [164300.61,6843063.05,1481.67],
     [164303.39,6843077.6,1481.24],
     [164304.33,6843081.78,1481.3],
     [164305.39,6843087.49,1481.78],
     [164305.62,6843095.27,1482.05],
     [164306.12,6843105.04,1482.34],
     [164309.05,6843116.21,1483.92],
     [164309.95,6843122.75,1484.85],
     [164312.61,6843132.12,1485.75],
     [164315.3,6843138.33,1487.11],
     [164316.56,6843141.37,1487.71],
     [164317.35,6843148.04,1488.17],
     [164317.85,6843153.43,1488.29],
     [164318.17,6843156.54,1488.48],
     [164319.16,6843165.8,1489.66],
     [164319.2,6843172.66,1490.58],
     [164319.14,6843178.46,1491.55],
     [164316.92,6843183.84,1492.16],
     [164311.73,6843196.92,1493.89],
     [164311.27,6843199.26,1494.15],
     [164311.52,6843204.38,1494.92],
     [164312.66,6843212.57,1496.33],
     [164312.33,6843220.09,1497.45],
     [164311.73,6843230.73,1499.27],
     [164312.36,6843235.46,1499.8],
     [164313.67,6843239.2,1500.36],
     [164313.02,6843245.7,1501.04],
     [164312.54,6843253.48,1502.05],
     [164312.35,6843258.34,1502.54]
    ]
   },
   "properties": {
    "name": "Memurubu-Glitterheim",
    "role": "connector",
    "from": "Memurubu",
    "source": "Turrutebasen (Tur- og friluftsruter), Kartverket",
    "sourceUpdated": "2026-09-02",
    "lengthM": 10982.1,
    "clipped": true
   }
  },
  {
   "type": "Feature",
   "id": "memurubu-gjendebu",
   "geometry": {
    "type": "LineString",
    "coordinates": [
     [161207.96,6834059.68,1012.08],
     [161199.51,6834060.9,1012.25],
     [161191.24,6834063.1,1012.55],
     [161180.83,6834066.42,1013.02],
     [161173.07,6834068.24,1013.23],
     [161167.76,6834068.62,1012.95],
     [161162.05,6834067.98,1012.5],
     [161157.45,6834066.55,1012.2],
     [161151.01,6834063.54,1011.78],
     [161139.12,6834058.01,1011.7],
     [161129.48,6834051.74,1011.46],
     [161124.47,6834048.36,1011.32],
     [161122.53,6834047.66,1011.3],
     [161120.79,6834047.69,1011.24],
     [161112.26,6834049.36,1011.93],
     [161108.54,6834049.86,1012.69],
     [161100.95,6834049.76,1013.5],
     [161086.71,6834049.34,1013.65],
     [161072.05,6834048.42,1013.24],
     [161060.94,6834047.22,1012.9],
     [161050.2,6834046.28,1013.11],
     [161050.45,6834040.56,1012.93],
     [161050.25,6834036.97,1013.35],
     [161050.26,6834034.12,1013.28],
     [161050.4,6834032.36,1013.28],
     [161051.14,6834030.45,1013.25],
     [161053.34,6834028.28,1013.3],
     [161050.58,6834026.99,1012.42],
     [161047.4,6834024.07,1010.12],
     [161046.48,6834022.76,1009.26],
     [161046.46,6834020.12,1008.19],
     [161047.8,6834015.07,1006.54],
     [161046.19,6834013.92,1006.19],
     [161044.56,6834013.72,1006.05],
     [161042.27,6834014.1,1005.95],
     [161034.9,6834016.31,1005.09],
     [161032.79,6834016.49,1004.82],
     [161031.64,6834016.29,1004.69],
     [161029.58,6834015.56,1004.21],
     [161027.11,6834013.67,1003.35],
     [161025.74,6834013.31,1003.11],
     [161024.02,6834013.64,1002.66],
     [161022.5,6834014.24,1002.81],
     [161020.67,6834014.39,1003.09],
     [161019.32,6834014.12,1003.16],
     [161018.47,6834013.67,1003.04],
     [161017.38,6834010.96,1001.42],
     [161015.57,6834003.08,1000.87],
     [161013.82,6833998.72,1003.29],
     [161012.6,6833995.87,1003.41],
     [161011.77,6833994.47,1003.6],
     [161010.66,6833992.75,1004.21],
     [161008.36,6833988.74,1004.59],
     [161005.36,6833984.81,1005.15],
     [161001.52,6833979.46,1005.87],
     [160997.24,6833975.58,1006.05],
     [160993.93,6833971.42,1006.03],
     [160992.1,6833968.99,1006.29],
     [160990.32,6833968.13,1006.64],
     [160986.83,6833967.68,1007.2],
     [160985.52,6833967.17,1007.36],
     [160984.23,6833965.88,1007.61],
     [160981.67,6833961.7,1008.72],
     [160979.23,6833956.66,1009.91],
     [160977.55,6833955.11,1010.27],
     [160973.8,6833952.54,1010.8],
     [160972.42,6833950.71,1011.11],
     [160971.52,6833945.77,1011.88],
     [160969.24,6833940.05,1013.07],
     [160965.5,6833934.34,1014.84],
     [160963.36,6833930.85,1015.85],
     [160962.1,6833928.0,1016.3],
     [160959.55,6833920.84,1016.71],
     [160957.47,6833915.39,1017.65],
     [160956.08,6833910.56,1018.88],
     [160954.4,6833908.38,1019.56],
     [160950.63,6833905.28,1020.7],
     [160946.36,6833902.25,1021.84],
     [160941.46,6833898.95,1023.84],
     [160939.92,6833897.4,1024.64],
     [160938.58,6833894.09,1026.15],
     [160937.18,6833890.61,1027.57],
     [160935.71,6833888.21,1028.52],
     [160932.38,6833885.38,1030.24],
     [160932.1,6833884.55,1030.59],
     [160931.45,6833883.21,1031.19],
     [160928.89,6833881.93,1031.99],
     [160928.05,6833881.18,1032.38],
     [160927.71,6833879.68,1033.03],
     [160927.85,6833877.82,1033.83],
     [160928.41,6833876.46,1034.57],
     [160928.85,6833875.75,1034.89],
     [160928.58,6833875.09,1035.03],
     [160927.89,6833874.4,1035.23],
     [160926.15,6833873.22,1036.07],
     [160924.98,6833871.93,1036.98],
     [160924.07,6833871.19,1037.56],
     [160921.1,6833870.08,1038.32],
     [160918.67,6833868.71,1038.86],
     [160916.2,6833867.67,1039.56],
     [160913.73,6833867.01,1040.14],
     [160911.78,6833866.71,1040.88],
     [160910.92,6833866.21,1041.37],
     [160909.85,6833865.24,1042.06],
     [160909.39,6833863.25,1042.69],
     [160908.42,6833861.72,1043.31],
     [160906.58,6833860.24,1044.19],
     [160904.01,6833859.13,1045.9],
     [160898.44,6833857.67,1047.72],
     [160893.64,6833856.35,1049.21],
     [160889.57,6833854.01,1050.75],
     [160885.78,6833851.69,1052.55],
     [160883.67,6833850.22,1053.2],
     [160880.89,6833847.61,1054.01],
     [160878.77,6833846.04,1054.61],
     [160876.22,6833845.29,1055.15],
     [160872.39,6833844.67,1056.1],
     [160871.17,6833844.06,1056.37],
     [160870.32,6833843.13,1056.51],
     [160868.62,6833837.65,1056.13],
     [160867.55,6833836.28,1056.35],
     [160867.27,6833835.12,1056.59],
     [160867.51,6833831.45,1057.41],
     [160867.03,6833829.99,1057.8],
     [160866.43,6833829.64,1057.96],
     [160863.1,6833829.74,1059.13],
     [160861.67,6833829.29,1059.72],
     [160860.21,6833828.48,1060.14],
     [160859.36,6833827.55,1060.33],
     [160857.91,6833822.94,1060.32],
     [160857.36,6833822.31,1060.44],
     [160856.58,6833821.95,1060.69],
     [160854.44,6833821.83,1061.28],
     [160853.58,6833821.8,1061.5],
     [160852.14,6833820.71,1061.86],
     [160851.0,6833817.21,1061.8],
     [160849.92,6833815.66,1062.21],
     [160849.18,6833814.54,1062.73],
     [160848.64,6833813.95,1063.09],
     [160847.48,6833813.65,1063.69],
     [160844.85,6833813.72,1065.19],
     [160843.64,6833813.79,1065.73],
     [160842.58,6833813.49,1066.06],
     [160842.23,6833813.16,1066.21],
     [160841.4,6833812.08,1066.63],
     [160840.8,6833809.54,1067.17],
     [160840.8,6833805.55,1067.84],
     [160840.67,6833804.03,1068.13],
     [160840.39,6833803.13,1068.21],
     [160839.68,6833802.33,1068.46],
     [160837.92,6833801.38,1069.11],
     [160836.92,6833800.85,1069.39],
     [160834.46,6833800.84,1069.93],
     [160832.55,6833800.86,1070.32],
     [160831.43,6833799.88,1070.71],
     [160829.6,6833795.22,1072.24],
     [160827.95,6833790.84,1073.64],
     [160822.97,6833785.59,1076.39],
     [160818.95,6833782.61,1078.34],
     [160814.72,6833780.89,1080.16],
     [160806.69,6833778.42,1083.27],
     [160804.42,6833778.07,1084.29],
     [160801.23,6833778.65,1085.58],
     [160798.33,6833779.28,1086.77],
     [160796.19,6833778.82,1088.23],
     [160792.79,6833777.71,1090.49],
     [160790.97,6833777.67,1090.97],
     [160787.95,6833778.17,1091.65],
     [160786.27,6833778.45,1092.11],
     [160783.92,6833778.14,1093.18],
     [160782.23,6833777.89,1094.03],
     [160780.43,6833778.08,1094.61],
     [160778.14,6833779.12,1094.97],
     [160776.2,6833779.42,1095.67],
     [160773.7,6833779.23,1096.62],
     [160771.33,6833778.14,1097.42],
     [160765.27,6833775.01,1100.38],
     [160761.61,6833774.24,1101.41],
     [160755.17,6833773.77,1102.55],
     [160753.02,6833773.55,1103.0],
     [160751.68,6833772.92,1103.45],
     [160750.51,6833772.02,1103.99],
     [160748.91,6833772.08,1104.46],
     [160746.46,6833772.21,1105.23],
     [160743.85,6833772.82,1105.93],
     [160742.12,6833773.92,1106.37],
     [160738.81,6833776.07,1106.93],
     [160735.05,6833780.51,1107.56],
     [160733.68,6833782.04,1107.93],
     [160732.19,6833782.55,1108.45],
     [160730.67,6833782.71,1109.0],
     [160727.9,6833782.8,1110.11],
     [160724.63,6833782.39,1111.23],
     [160720.38,6833780.86,1113.31],
     [160717.35,6833779.54,1114.52],
     [160714.32,6833777.62,1115.64],
     [160711.21,6833774.13,1117.47],
     [160710.29,6833771.08,1118.87],
     [160709.46,6833768.41,1120.31],
     [160709.55,6833766.76,1120.91],
     [160709.74,6833765.64,1121.26],
     [160712.27,6833762.2,1122.33],
     [160714.88,6833759.35,1123.28],
     [160715.46,6833757.31,1123.93],
     [160715.29,6833756.5,1124.25],
     [160714.43,6833755.62,1124.74],
     [160713.58,6833755.18,1125.14],
     [160712.48,6833755.17,1125.59],
     [160709.3,6833756.39,1126.64],
     [160708.11,6833756.7,1127.23],
     [160706.58,6833756.61,1127.9],
     [160705.89,6833756.03,1128.25],
     [160705.41,6833754.96,1128.74],
     [160704.99,6833754.64,1129.01],
     [160704.33,6833754.74,1129.3],
     [160703.22,6833756.0,1129.67],
     [160702.37,6833756.5,1130.02],
     [160701.7,6833756.55,1130.41],
     [160701.25,6833756.3,1130.74],
     [160700.67,6833754.79,1131.39],
     [160700.17,6833753.97,1131.82],
     [160699.57,6833753.55,1132.22],
     [160698.55,6833753.29,1132.83],
     [160697.27,6833753.78,1133.49],
     [160693.5,6833755.97,1135.13],
     [160691.6,6833756.67,1135.77],
     [160690.2,6833756.46,1136.29],
     [160688.05,6833755.53,1137.18],
     [160687.59,6833754.61,1137.65],
     [160687.49,6833753.37,1138.17],
     [160688.58,6833749.37,1139.78],
     [160688.73,6833745.51,1141.45],
     [160688.01,6833737.07,1145.02],
     [160688.28,6833735.23,1145.81],
     [160689.43,6833733.21,1146.67],
     [160691.67,6833731.89,1147.57],
     [160694.83,6833730.03,1148.46],
     [160698.38,6833726.43,1149.62],
     [160700.79,6833723.21,1150.65],
     [160704.2,6833719.79,1151.94],
     [160705.24,6833718.14,1152.31],
     [160706.3,6833714.0,1153.97],
     [160710.0,6833707.97,1155.21],
     [160711.89,6833704.08,1155.72],
     [160713.32,6833700.66,1156.96],
     [160713.95,6833697.12,1157.33],
     [160714.08,6833694.37,1157.6],
     [160713.66,6833691.41,1158.37],
     [160713.23,6833690.02,1158.82],
     [160710.32,6833687.49,1161.78],
     [160706.28,6833682.54,1165.18],
     [160703.37,6833678.73,1167.89],
     [160700.98,6833676.11,1170.15],
     [160700.07,6833675.76,1171.07],
     [160699.26,6833675.83,1171.62],
     [160696.36,6833676.1,1173.04],
     [160694.32,6833675.95,1174.05],
     [160693.3,6833675.61,1174.63],
     [160692.82,6833675.04,1175.02],
     [160693.1,6833674.55,1174.97],
     [160695.42,6833672.93,1174.4],
     [160696.36,6833672.22,1174.2],
     [160697.35,6833670.33,1173.8],
     [160696.64,6833670.88,1174.18],
     [160695.98,6833670.85,1174.53],
     [160694.27,6833669.96,1175.55],
     [160692.98,6833669.68,1176.08],
     [160691.87,6833669.75,1176.5],
     [160689.75,6833670.17,1177.29],
     [160688.46,6833670.33,1178.16],
     [160687.38,6833669.89,1179.07],
     [160685.18,6833667.47,1180.89],
     [160684.17,6833666.95,1181.56],
     [160682.5,6833666.86,1182.43],
     [160681.18,6833667.03,1183.07],
     [160678.63,6833667.9,1184.29],
     [160675.67,6833668.7,1185.86],
     [160673.24,6833669.06,1186.81],
     [160671.68,6833668.94,1187.31],
     [160670.93,6833668.83,1187.56],
     [160670.32,6833668.53,1187.81],
     [160669.86,6833667.67,1188.2],
     [160669.72,6833666.61,1188.68],
     [160670.42,6833663.72,1189.29],
     [160670.4,6833663.04,1189.34],
     [160669.85,6833662.06,1189.67],
     [160667.15,6833660.29,1191.15],
     [160663.94,6833658.2,1192.54],
     [160660.59,6833656.5,1194.12],
     [160659.45,6833656.04,1194.7],
     [160658.42,6833655.96,1195.26],
     [160654.49,6833656.72,1197.61],
     [160651.98,6833657.54,1199.25],
     [160647.04,6833659.69,1202.35],
     [160644.49,6833659.71,1204.06],
     [160639.78,6833658.24,1207.01],
     [160638.68,6833657.96,1207.77],
     [160636.12,6833655.77,1209.41],
     [160631.95,6833652.57,1212.19],
     [160628.95,6833650.26,1214.04],
     [160627.13,6833649.42,1215.19],
     [160626.0,6833649.51,1215.95],
     [160624.72,6833649.72,1216.83],
     [160623.45,6833650.38,1217.75],
     [160622.62,6833651.5,1218.43],
     [160620.29,6833657.48,1220.78],
     [160618.08,6833659.93,1222.35],
     [160617.26,6833660.71,1222.71],
     [160615.99,6833661.12,1223.34],
     [160612.57,6833661.51,1224.96],
     [160607.56,6833662.95,1227.0],
     [160605.29,6833663.19,1228.1],
     [160604.23,6833663.14,1228.64],
     [160600.84,6833661.64,1230.59],
     [160597.32,6833658.89,1232.65],
     [160594.27,6833657.39,1234.23],
     [160591.23,6833657.23,1235.42],
     [160589.86,6833656.67,1235.87],
     [160587.7,6833656.36,1236.49],
     [160584.77,6833656.12,1237.12],
     [160582.8,6833655.71,1237.62],
     [160581.39,6833655.29,1238.03],
     [160579.42,6833654.9,1238.66],
     [160577.24,6833654.63,1239.49],
     [160575.16,6833653.95,1240.47],
     [160571.48,6833651.65,1242.49],
     [160567.58,6833648.15,1244.74],
     [160566.45,6833646.97,1245.33],
     [160564.26,6833645.46,1246.41],
     [160562.15,6833643.08,1247.47],
     [160558.79,6833637.55,1249.62],
     [160557.73,6833636.11,1250.27],
     [160556.85,6833635.44,1250.66],
     [160555.5,6833634.91,1251.28],
     [160552.43,6833634.61,1252.7],
     [160549.96,6833633.84,1253.83],
     [160544.07,6833630.09,1256.61],
     [160538.4,6833625.82,1259.45],
     [160532.73,6833622.08,1262.35],
     [160528.92,6833619.92,1264.61],
     [160525.2,6833618.68,1266.78],
     [160521.57,6833618.64,1269.01],
     [160515.23,6833619.75,1272.97],
     [160507.76,6833619.75,1276.69],
     [160500.74,6833619.15,1280.06],
     [160490.16,6833616.05,1285.96],
     [160479.77,6833612.79,1289.96],
     [160470.4,6833611.46,1292.29],
     [160467.1,6833609.98,1293.33],
     [160462.38,6833605.74,1294.55],
     [160460.11,6833603.2,1294.96],
     [160457.15,6833601.49,1295.8],
     [160454.07,6833600.92,1296.55],
     [160447.67,6833600.57,1297.87],
     [160442.3,6833600.39,1298.23],
     [160435.69,6833598.67,1298.58],
     [160426.39,6833594.34,1299.23],
     [160418.66,6833590.35,1300.19],
     [160412.46,6833587.42,1300.41],
     [160408.03,6833586.7,1300.13],
     [160407.67,6833586.67,1300.13],
     [160402.3,6833586.39,1300.3],
     [160396.11,6833585.41,1301.26],
     [160388.3,6833583.58,1302.37],
     [160385.48,6833582.53,1302.84],
     [160380.58,6833579.69,1303.78],
     [160373.4,6833576.22,1304.13],
     [160368.03,6833572.13,1304.2],
     [160361.95,6833568.16,1304.38],
     [160358.74,6833566.0,1304.36],
     [160355.8,6833560.8,1304.49],
     [160350.94,6833551.74,1302.79],
     [160349.8,6833550.39,1302.5],
     [160348.04,6833549.56,1302.33],
     [160338.58,6833548.33,1302.52],
     [160330.15,6833548.3,1301.9],
     [160326.02,6833548.17,1301.65],
     [160323.11,6833547.7,1301.55],
     [160319.14,6833543.07,1300.48],
     [160309.98,6833539.12,1299.7],
     [160303.11,6833540.87,1299.88],
     [160292.52,6833540.57,1298.5],
     [160281.99,6833542.5,1294.9],
     [160270.95,6833540.64,1291.5],
     [160259.26,6833533.56,1288.11],
     [160253.05,6833526.93,1287.01],
     [160249.7,6833518.29,1284.81],
     [160249.89,6833513.47,1283.14],
     [160248.07,6833512.84,1281.95],
     [160239.51,6833513.63,1277.07],
     [160230.57,6833517.17,1273.31],
     [160223.04,6833517.07,1270.34],
     [160214.49,6833516.26,1269.46],
     [160206.05,6833507.92,1268.95],
     [160201.07,6833506.36,1269.01],
     [160188.28,6833496.02,1269.91],
     [160173.24,6833491.33,1269.59],
     [160164.42,6833486.92,1270.08],
     [160148.94,6833478.64,1271.08],
     [160142.16,6833475.64,1271.73],
     [160135.11,6833473.2,1273.75],
     [160124.15,6833466.53,1276.75],
     [160119.91,6833466.71,1278.24],
     [160104.87,6833467.78,1284.42],
     [160101.37,6833470.24,1286.05],
     [160096.05,6833471.93,1288.96],
     [160076.54,6833478.77,1296.92],
     [160055.68,6833482.86,1301.9],
     [160025.69,6833485.26,1306.89],
     [159993.92,6833476.32,1308.39],
     [159964.99,6833474.67,1307.23],
     [159928.08,6833468.37,1308.86],
     [159890.86,6833462.8,1312.1],
     [159877.86,6833466.17,1312.24],
     [159864.95,6833466.63,1310.51],
     [159823.35,6833465.98,1301.06],
     [159788.52,6833466.68,1293.0],
     [159748.71,6833464.24,1299.23],
     [159703.95,6833458.66,1314.56],
     [159683.83,6833451.15,1323.94],
     [159673.67,6833450.29,1327.64],
     [159657.64,6833440.25,1334.56],
     [159643.57,6833443.71,1336.78],
     [159631.8,6833448.76,1340.35],
     [159609.99,6833457.97,1349.25],
     [159589.71,6833472.08,1355.44],
     [159577.65,6833477.88,1358.4],
     [159563.02,6833479.23,1360.69],
     [159524.36,6833477.4,1368.88],
     [159502.98,6833471.82,1372.73],
     [159486.67,6833470.45,1375.03],
     [159457.32,6833476.04,1377.33],
     [159442.73,6833477.74,1377.07],
     [159403.03,6833476.37,1380.85],
     [159376.08,6833472.74,1384.36],
     [159336.33,6833467.05,1383.56],
     [159316.94,6833467.41,1381.41],
     [159298.03,6833465.19,1382.15],
     [159280.95,6833468.91,1384.95],
     [159265.52,6833473.38,1387.54],
     [159254.2,6833471.86,1388.77],
     [159245.05,6833468.07,1389.56],
     [159232.89,6833467.91,1388.11],
     [159219.92,6833471.18,1387.57],
     [159203.98,6833480.5,1388.21],
     [159195.52,6833484.0,1389.14],
     [159182.19,6833488.59,1389.47],
     [159174.12,6833493.01,1388.82],
     [159159.73,6833496.42,1387.97],
     [159146.77,6833501.46,1387.08],
     [159138.57,6833504.46,1387.08],
     [159130.77,6833513.5,1386.24],
     [159119.22,6833521.76,1386.22],
     [159114.26,6833523.5,1386.0],
     [159104.71,6833529.18,1385.52],
     [159095.56,6833528.75,1385.28],
     [159082.93,6833528.79,1386.25],
     [159072.14,6833529.63,1386.7],
     [159061.02,6833530.5,1386.69],
     [159048.77,6833531.15,1386.41],
     [159040.55,6833530.47,1386.24],
     [159024.1,6833534.07,1387.51],
     [159012.82,6833536.55,1387.19],
     [158998.14,6833540.3,1386.88],
     [158985.37,6833544.04,1388.43],
     [158971.72,6833546.91,1391.29],
     [158967.31,6833547.63,1392.5],
     [158964.23,6833550.64,1394.06],
     [158957.42,6833553.03,1396.68],
     [158946.47,6833557.4,1402.4],
     [158941.32,6833557.08,1404.64],
     [158928.17,6833561.81,1410.84],
     [158920.73,6833564.42,1413.6],
     [158918.04,6833569.79,1416.33],
     [158913.01,6833570.73,1417.72],
     [158904.74,6833571.33,1418.77],
     [158897.27,6833570.1,1418.61],
     [158882.14,6833575.82,1421.86],
     [158874.23,6833576.87,1424.11],
     [158868.16,6833580.31,1425.62],
     [158856.44,6833581.55,1425.77],
     [158849.2,6833589.74,1425.38],
     [158841.52,6833593.17,1423.23],
     [158837.08,6833593.58,1421.8],
     [158833.22,6833591.54,1420.99],
     [158830.03,6833588.15,1420.3],
     [158827.46,6833588.07,1419.61],
     [158812.45,6833596.97,1416.98],
     [158789.32,6833604.39,1413.55],
     [158770.87,6833607.21,1413.34],
     [158762.38,6833603.52,1413.55],
     [158757.58,6833607.0,1415.07],
     [158754.17,6833608.12,1415.81],
     [158749.8,6833611.08,1417.49],
     [158750.11,6833614.41,1419.07],
     [158747.65,6833617.2,1420.9],
     [158742.32,6833620.09,1422.67],
     [158740.05,6833624.94,1425.61],
     [158741.44,6833627.85,1427.32],
     [158737.1,6833629.37,1428.87],
     [158735.52,6833633.04,1431.19],
     [158730.38,6833636.23,1433.93],
     [158725.98,6833637.12,1435.61],
     [158719.74,6833638.82,1438.24],
     [158720.63,6833641.45,1439.32],
     [158719.93,6833647.75,1442.31],
     [158708.7,6833649.12,1444.9],
     [158704.34,6833650.32,1445.5],
     [158691.74,6833652.44,1447.55],
     [158681.95,6833658.95,1450.26],
     [158670.99,6833664.92,1452.96],
     [158649.45,6833668.83,1453.71],
     [158636.32,6833677.24,1454.12],
     [158619.8,6833685.33,1457.4],
     [158612.44,6833685.36,1457.98],
     [158595.36,6833682.14,1460.0],
     [158582.89,6833680.42,1462.0],
     [158570.48,6833679.48,1464.46],
     [158556.45,6833676.46,1467.4],
     [158547.88,6833675.33,1468.73],
     [158537.23,6833674.23,1470.45],
     [158530.9,6833669.86,1470.75],
     [158516.6,6833665.58,1473.51],
     [158514.26,6833662.75,1473.65],
     [158506.93,6833657.83,1474.49],
     [158502.21,6833655.23,1475.11],
     [158498.55,6833653.64,1475.74],
     [158492.25,6833654.71,1476.29],
     [158479.7,6833653.95,1477.73],
     [158472.37,6833654.14,1478.43],
     [158464.55,6833654.23,1479.62],
     [158453.6,6833649.96,1481.17],
     [158447.41,6833648.77,1482.81],
     [158441.0,6833650.33,1484.17],
     [158431.3,6833649.14,1484.79],
     [158424.37,6833646.9,1484.63],
     [158407.61,6833643.65,1484.49],
     [158391.2,6833642.61,1485.05],
     [158375.76,6833641.63,1485.32],
     [158359.42,6833637.86,1484.31],
     [158343.76,6833634.51,1483.69],
     [158329.95,6833632.11,1483.48],
     [158318.48,6833630.92,1482.8],
     [158303.18,6833631.38,1481.87],
     [158293.68,6833630.66,1481.2],
     [158285.26,6833631.28,1480.68],
     [158276.69,6833633.67,1479.93],
     [158273.32,6833637.01,1479.56],
     [158262.76,6833636.87,1477.86],
     [158255.51,6833639.78,1476.3],
     [158246.33,6833647.83,1473.86],
     [158238.94,6833654.27,1472.6],
     [158226.65,6833657.96,1470.92],
     [158219.93,6833659.71,1470.02],
     [158213.14,6833660.66,1468.96],
     [158200.56,6833659.42,1467.61],
     [158186.98,6833661.31,1465.86],
     [158175.18,6833663.36,1464.43],
     [158166.61,6833665.75,1463.48],
     [158158.89,6833667.11,1462.79],
     [158148.7,6833665.8,1460.97],
     [158141.22,6833664.42,1459.24],
     [158132.66,6833666.96,1457.23],
     [158125.64,6833665.38,1455.93],
     [158120.48,6833666.65,1454.76],
     [158116.15,6833666.57,1453.81],
     [158110.2,6833664.4,1452.92],
     [158090.61,6833659.97,1449.35],
     [158082.34,6833657.05,1447.56],
     [158072.77,6833655.54,1446.06],
     [158061.51,6833654.82,1444.68],
     [158051.97,6833657.14,1443.77],
     [158042.17,6833658.37,1443.35],
     [158029.3,6833657.47,1443.15],
     [158016.88,6833656.3,1443.67],
     [157995.43,6833654.45,1444.73],
     [157974.4,6833651.75,1446.72],
     [157956.74,6833649.22,1449.03],
     [157939.35,6833646.19,1451.12],
     [157927.32,6833640.58,1452.56],
     [157915.74,6833636.37,1453.79],
     [157906.69,6833630.17,1454.33],
     [157898.4,6833628.7,1454.92],
     [157886.62,6833627.54,1455.72],
     [157878.66,6833624.43,1455.84],
     [157874.18,6833619.25,1455.19],
     [157860.89,6833612.16,1455.68],
     [157838.93,6833611.47,1456.66],
     [157822.17,6833604.86,1457.57],
     [157807.48,6833592.93,1457.07],
     [157790.66,6833585.69,1457.54],
     [157776.16,6833579.35,1456.95],
     [157762.74,6833572.59,1456.24],
     [157739.81,6833570.07,1454.64],
     [157726.58,6833568.89,1452.99],
     [157714.62,6833567.43,1451.6],
     [157693.18,6833565.58,1447.88],
     [157671.39,6833568.55,1444.98],
     [157655.35,6833564.43,1442.32],
     [157642.15,6833563.57,1440.52],
     [157630.02,6833562.13,1439.26],
     [157621.86,6833560.33,1438.09],
     [157608.57,6833554.83,1435.9],
     [157600.43,6833553.34,1434.83],
     [157592.07,6833551.08,1433.09],
     [157569.96,6833541.92,1431.3],
     [157554.21,6833539.38,1432.42],
     [157538.03,6833540.71,1433.78],
     [157524.14,6833539.28,1433.17],
     [157500.78,6833540.79,1430.48],
     [157481.41,6833542.26,1428.8],
     [157467.83,6833537.28,1428.02],
     [157452.01,6833533.78,1426.25],
     [157439.74,6833527.39,1425.75],
     [157428.76,6833527.93,1424.2],
     [157421.89,6833524.57,1422.94],
     [157416.17,6833523.17,1421.68],
     [157406.49,6833522.3,1419.72],
     [157398.12,6833525.16,1418.38],
     [157387.39,6833523.27,1416.44],
     [157378.99,6833520.75,1414.77],
     [157369.93,6833520.74,1413.46],
     [157358.49,6833520.41,1411.3],
     [157343.73,6833525.62,1407.96],
     [157333.88,6833523.96,1405.73],
     [157326.01,6833522.99,1404.16],
     [157314.85,6833525.62,1401.23],
     [157308.73,6833529.8,1400.08],
     [157296.18,6833532.46,1397.54],
     [157290.27,6833529.59,1396.13],
     [157284.12,6833526.54,1394.81],
     [157276.26,6833526.73,1393.51],
     [157265.02,6833528.62,1392.99],
     [157258.46,6833527.95,1392.38],
     [157249.28,6833526.66,1391.49],
     [157235.61,6833527.5,1390.05],
     [157223.25,6833529.92,1389.02],
     [157219.2,6833527.62,1387.85],
     [157210.18,6833529.21,1387.21],
     [157203.98,6833530.21,1386.44],
     [157193.7,6833526.14,1383.89],
     [157187.4,6833521.5,1382.13],
     [157181.57,6833521.82,1381.25],
     [157174.52,6833519.38,1379.94],
     [157165.45,6833520.43,1379.05],
     [157155.99,6833520.67,1378.02],
     [157152.27,6833518.55,1377.25],
     [157145.45,6833511.62,1376.7],
     [157140.34,6833505.9,1377.48],
     [157133.29,6833503.46,1378.0],
     [157126.98,6833499.67,1378.85],
     [157119.95,6833494.03,1379.84],
     [157111.06,6833486.63,1381.26],
     [157105.19,6833481.95,1382.48],
     [157102.3,6833480.72,1382.85],
     [157096.4,6833474.55,1384.28],
     [157092.35,6833474.5,1384.54],
     [157085.23,6833473.66,1385.41],
     [157076.85,6833469.42,1386.33],
     [157067.32,6833466.57,1386.85],
     [157061.0,6833466.3,1387.08],
     [157048.16,6833466.95,1387.26],
     [157038.6,6833462.71,1387.53],
     [157028.3,6833460.89,1387.7],
     [157020.64,6833456.38,1387.27],
     [157012.43,6833456.38,1386.18],
     [157003.96,6833455.89,1384.99],
     [156996.88,6833456.44,1384.42],
     [156991.15,6833454.51,1383.82],
     [156982.11,6833450.12,1382.15],
     [156974.61,6833448.58,1381.51],
     [156968.29,6833447.03,1380.85],
     [156960.22,6833440.41,1379.29],
     [156956.17,6833436.95,1378.49],
     [156946.89,6833431.08,1377.21],
     [156937.62,6833422.02,1375.87],
     [156930.98,6833419.33,1374.99],
     [156913.51,6833413.58,1374.59],
     [156897.52,6833405.57,1374.49],
     [156886.55,6833399.97,1374.37],
     [156880.58,6833398.71,1374.41],
     [156870.33,6833395.17,1373.62],
     [156860.09,6833393.88,1372.45],
     [156854.07,6833393.26,1371.52],
     [156836.95,6833392.61,1369.57],
     [156831.68,6833392.13,1369.57],
     [156826.53,6833391.75,1369.22],
     [156811.08,6833388.38,1368.67],
     [156805.77,6833386.21,1368.29],
     [156782.97,6833380.63,1366.36],
     [156758.11,6833376.96,1363.36],
     [156739.82,6833371.61,1361.48],
     [156723.0,6833363.78,1359.68],
     [156713.65,6833358.34,1358.07],
     [156706.71,6833353.66,1357.2],
     [156694.78,6833350.28,1355.28],
     [156689.05,6833351.66,1354.28],
     [156685.19,6833350.31,1353.97],
     [156674.15,6833346.21,1353.45],
     [156664.2,6833348.08,1352.01],
     [156653.28,6833351.01,1349.9],
     [156638.86,6833350.64,1348.38],
     [156628.73,6833343.79,1347.01],
     [156621.55,6833341.04,1347.11],
     [156610.73,6833339.38,1347.52],
     [156603.08,6833336.13,1347.6],
     [156593.58,6833334.78,1347.54],
     [156588.67,6833334.7,1347.54],
     [156580.08,6833330.58,1346.76],
     [156570.55,6833324.32,1346.13],
     [156561.61,6833322.26,1346.84],
     [156548.09,6833320.09,1347.1],
     [156537.73,6833316.36,1347.39],
     [156527.72,6833315.37,1347.02],
     [156520.35,6833315.2,1346.92],
     [156512.12,6833312.75,1346.61],
     [156507.02,6833314.08,1346.64],
     [156497.8,6833315.78,1346.24],
     [156484.71,6833316.03,1345.44],
     [156464.79,6833319.58,1345.07],
     [156458.67,6833321.42,1345.14],
     [156448.79,6833321.8,1345.23],
     [156440.9,6833320.61,1345.41],
     [156433.35,6833316.19,1345.17],
     [156426.08,6833313.66,1345.44],
     [156420.7,6833309.58,1345.86],
     [156418.89,6833308.57,1346.12],
     [156406.79,6833307.87,1348.41],
     [156398.25,6833306.63,1349.68],
     [156385.89,6833302.12,1350.21],
     [156376.45,6833300.22,1350.89],
     [156372.38,6833297.71,1350.94],
     [156364.4,6833295.68,1351.15],
     [156357.69,6833289.9,1351.33],
     [156349.16,6833285.25,1351.9],
     [156344.69,6833284.17,1352.59],
     [156338.67,6833281.32,1352.84],
     [156331.99,6833279.47,1353.07],
     [156326.84,6833275.58,1352.61],
     [156322.51,6833271.39,1352.0],
     [156316.85,6833268.93,1351.7],
     [156310.7,6833264.8,1351.0],
     [156304.69,6833263.12,1351.38],
     [156300.52,6833259.56,1351.18],
     [156296.17,6833256.33,1350.7],
     [156292.3,6833258.29,1352.35],
     [156285.45,6833255.72,1353.18],
     [156282.92,6833253.61,1352.83],
     [156279.76,6833251.77,1352.77],
     [156276.95,6833250.11,1352.79],
     [156275.55,6833247.68,1352.44],
     [156272.21,6833246.17,1353.06],
     [156271.17,6833241.79,1353.0],
     [156268.9,6833236.88,1354.27],
     [156266.07,6833232.77,1355.43],
     [156263.45,6833232.16,1356.25],
     [156260.36,6833226.37,1357.0],
     [156260.73,6833221.11,1356.91],
     [156259.73,6833217.25,1357.1],
     [156259.12,6833211.76,1357.1],
     [156256.74,6833205.69,1357.76],
     [156251.03,6833195.76,1359.58],
     [156245.27,6833191.17,1360.43],
     [156242.67,6833191.84,1361.05],
     [156236.9,6833192.8,1362.71],
     [156235.82,6833191.51,1362.68],
     [156230.33,6833185.09,1364.25],
     [156226.42,6833179.8,1365.49],
     [156223.74,6833176.1,1365.66],
     [156216.51,6833169.41,1365.62],
     [156210.4,6833162.08,1366.44],
     [156206.02,6833159.71,1367.22],
     [156205.14,6833157.02,1367.1],
     [156202.59,6833153.74,1367.11],
     [156195.72,6833152.03,1367.83],
     [156193.96,6833151.44,1367.88],
     [156193.94,6833146.64,1367.07],
     [156191.28,6833142.09,1367.02],
     [156187.88,6833132.91,1367.33],
     [156183.89,6833129.01,1368.07],
     [156178.67,6833124.38,1368.85],
     [156175.18,6833121.29,1369.35],
     [156167.44,6833115.92,1370.0],
     [156161.62,6833114.11,1370.57],
     [156156.81,6833109.33,1372.05],
     [156152.48,6833105.14,1373.41],
     [156147.33,6833103.59,1373.89],
     [156142.09,6833098.85,1373.99],
     [156132.45,6833093.66,1373.67],
     [156123.57,6833087.55,1373.81],
     [156118.91,6833084.46,1374.15],
     [156115.77,6833078.13,1373.78],
     [156114.68,6833074.5,1373.4],
     [156112.85,6833071.9,1373.42],
     [156108.85,6833067.89,1374.37],
     [156104.58,6833062.11,1375.41],
     [156092.95,6833055.07,1378.23],
     [156089.15,6833050.83,1378.19],
     [156079.27,6833044.29,1381.04],
     [156075.2,6833034.84,1382.77],
     [156071.96,6833030.88,1384.08],
     [156069.29,6833031.98,1384.85],
     [156066.57,6833032.45,1385.64],
     [156060.11,6833029.52,1387.24],
     [156053.3,6833025.03,1389.08],
     [156044.47,6833020.62,1390.97],
     [156035.13,6833014.12,1392.66],
     [156030.96,6833013.97,1393.43],
     [156026.12,6833012.39,1394.34],
     [156018.92,6833007.09,1395.84],
     [156013.62,6833002.88,1397.0],
     [156010.46,6833000.94,1397.42],
     [156009.86,6832994.49,1396.82],
     [156007.76,6832989.03,1395.14],
     [156005.44,6832982.55,1394.1],
     [155999.64,6832976.2,1394.21],
     [155991.36,6832971.75,1394.65],
     [155987.7,6832967.3,1394.13],
     [155980.12,6832958.29,1392.12],
     [155973.1,6832952.32,1391.39],
     [155961.88,6832952.79,1391.34],
     [155953.36,6832952.03,1393.26],
     [155945.51,6832946.13,1394.55],
     [155938.56,6832941.0,1395.14],
     [155936.77,6832932.3,1396.14],
     [155932.89,6832926.88,1396.96],
     [155927.08,6832921.79,1397.12],
     [155919.01,6832916.76,1397.12],
     [155917.24,6832911.29,1397.31],
     [155914.25,6832907.91,1397.43],
     [155909.5,6832903.7,1397.93]
    ]
   },
   "properties": {
    "name": "Memurubu-Gjendebu",
    "role": "connector",
    "from": "Memurubu",
    "source": "Turrutebasen (Tur- og friluftsruter), Kartverket",
    "sourceUpdated": "2026-09-02",
    "lengthM": 6130.2,
    "clipped": true
   }
  }
 ]
}
