{
 "type": "FeatureCollection",
 "crs": {
  "type": "name",
  "properties": {
   "name": "urn:ogc:def:crs:EPSG::25833"
  }
 },
 "bbox": [
  155904,
  6826880,
  176384,
  6843264
 ],
 "features": [
  {
   "type": "Feature",
   "geometry": {
    "type": "Polygon",
    "coordinates": [
     [[155911.83,6831503.17],[155960.3,6831513.01],[156009.75,6831539.03],[156052.0,6831542.46],[156102.44,6831572.29],[156248.33,6831595.5],[156251.65,6831611.36],[156310.86,6831650.73],[156373.18,6831668.54],[156439.13,6831711.13],[156551.29,6831763.92],[156595.8,6831791.18],[156600.37,6831800.96],[156613.48,6831801.93],[156622.63,6831816.46],[156632.45,6831814.34],[156652.58,6831831.66],[156730.55,6831858.04],[156745.97,6831875.88],[156785.48,6831886.36],[156815.75,6831917.8],[156963.78,6831999.8],[156981.62,6832000.83],[157011.8,6832023.3],[157022.99,6832022.28],[157112.3,6832062.56],[157130.85,6832080.34],[157147.71,6832082.97],[157203.55,6832118.26],[157246.76,6832132.83],[157281.85,6832127.33],[157310.0,6832135.46],[157333.5,6832167.49],[157440.67,6832213.34],[157482.26,6832218.71],[157596.45,6832253.82],[157623.53,6832251.98],[157656.5,6832266.6],[157685.66,6832262.13],[157815.09,6832295.77],[157928.26,6832300.39],[158044.95,6832330.49],[158132.24,6832334.59],[158467.33,6832422.0],[158567.8,6832482.37],[158668.67,6832519.2],[158752.69,6832581.03],[158851.09,6832629.2],[158948.0,6832701.33],[159001.84,6832731.37],[159077.19,6832815.5],[159113.59,6832843.02],[159211.09,6832884.03],[159254.57,6832893.78],[159360.93,6832950.94],[159425.09,6832968.57],[159470.51,6832996.89],[159538.47,6833019.14],[159571.89,6833043.71],[159582.09,6833063.24],[159623.6,6833084.28],[159650.87,6833079.82],[159685.88,6833093.53],[159691.81,6833105.61],[159720.68,6833105.62],[159833.89,6833146.01],[159890.39,6833155.68],[159989.25,6833197.71],[160102.22,6833209.6],[160206.35,6833236.36],[160248.49,6833256.65],[160286.12,6833262.61],[160381.92,6833296.62],[160413.67,6833292.73],[160446.87,6833301.06],[160564.4,6833338.11],[160675.23,6833384.42],[160812.37,6833454.41],[160865.27,6833507.88],[160923.3,6833514.76],[161029.84,6833554.73],[161051.15,6833574.08],[161070.4,6833576.76],[161101.41,6833610.11],[161114.94,6833644.99],[161240.51,6833649.81],[161258.72,6833684.38],[161302.81,6833698.5],[161322.33,6833749.61],[161340.54,6833773.56],[161334.32,6833823.69],[161347.74,6833834.82],[161347.9,6833856.81],[161366.14,6833867.27],[161346.27,6833864.52],[161334.09,6833873.93],[161347.14,6833885.57],[161352.97,6833909.5],[161370.1,6833916.21],[161347.96,6833917.67],[161348.04,6833951.23],[161367.28,6833953.41],[161376.32,6833974.09],[161398.76,6833979.76],[161395.3,6833990.74],[161434.25,6834019.46],[161572.64,6834057.81],[161627.88,6834058.3],[161782.11,6834032.34],[161884.51,6833987.02],[161922.27,6833953.62],[161979.98,6833949.08],[162031.11,6833959.53],[162146.16,6833938.58],[162280.16,6833871.6],[162318.89,6833875.95],[162415.47,6833862.93],[162503.26,6833864.6],[162670.8,6833908.21],[162760.38,6833969.92],[162828.42,6834004.73],[162859.62,6834035.58],[162925.04,6834049.29],[162997.99,6834085.3],[163069.42,6834107.76],[163168.69,6834119.45],[163226.6,6834140.31],[163238.41,6834156.36],[163280.52,6834167.83],[163312.34,6834167.08],[163376.04,6834191.05],[163419.53,6834215.0],[163420.59,6834235.65],[163441.96,6834263.79],[163470.92,6834287.25],[163512.77,6834305.78],[163538.73,6834328.53],[163548.52,6834355.36],[163584.12,6834381.26],[163617.4,6834399.86],[163824.95,6834472.9],[163873.81,6834480.9],[163926.93,6834473.25],[163987.12,6834478.07],[164093.24,6834465.65],[164150.34,6834471.21],[164167.46,6834462.24],[164195.9,6834469.32],[164240.26,6834459.47],[164269.92,6834459.72],[164308.04,6834474.2],[164519.96,6834441.31],[164604.69,6834462.16],[164728.51,6834458.99],[164809.6,6834477.06],[164885.65,6834467.01],[164920.45,6834453.46],[165011.02,6834463.57],[165084.8,6834448.39],[165238.97,6834479.64],[165314.24,6834478.34],[165351.47,6834467.26],[165419.15,6834501.85],[165532.62,6834521.49],[165571.82,6834516.26],[165640.01,6834528.47],[165697.45,6834516.1],[165748.42,6834484.89],[165798.15,6834473.57],[165943.18,6834479.14],[165999.81,6834475.14],[166036.9,6834463.86],[166084.67,6834464.96],[166223.24,6834445.03],[166300.9,6834441.74],[166459.07,6834361.9],[166471.45,6834347.63],[166495.87,6834342.16],[166510.95,6834313.28],[166632.3,6834304.52],[166781.9,6834256.58],[166838.33,6834261.17],[166933.23,6834293.84],[166966.17,6834293.09],[167060.37,6834314.01],[167189.51,6834278.14],[167281.03,6834279.87],[167392.13,6834255.58],[167479.38,6834279.61],[167526.71,6834280.98],[167624.09,6834260.73],[167689.99,6834229.54],[167845.6,6834215.89],[167930.61,6834177.37],[168030.91,6834114.81],[168139.02,6834093.55],[168203.09,6834063.05],[168225.77,6834039.71],[168264.41,6834037.47],[168398.6,6833986.7],[168447.05,6833982.06],[168459.58,6833973.3],[168592.46,6833946.34],[168772.65,6833961.38],[168953.4,6833996.31],[168977.46,6834008.92],[168980.01,6834018.51],[168961.44,6834013.09],[168946.34,6834019.82],[168960.13,6834072.06],[168990.29,6834078.33],[169062.05,6834114.18],[169133.43,6834113.86],[169265.37,6834155.26],[169329.98,6834153.48],[169361.31,6834171.01],[169545.16,6834197.92],[169618.25,6834190.0],[169713.38,6834192.37],[169788.82,6834181.32],[169864.23,6834152.96],[169899.56,6834112.33],[170002.07,6834113.65],[170059.96,6834058.53],[170272.57,6834040.55],[170296.97,6834015.91],[170413.36,6833984.77],[170441.56,6833955.6],[170515.19,6833937.8],[170539.49,6833916.59],[170576.52,6833912.65],[170604.71,6833883.02],[170605.97,6833854.27],[170626.86,6833842.23],[170651.26,6833843.88],[170688.51,6833790.5],[170692.76,6833752.52],[170707.22,6833716.11],[170701.72,6833667.84],[170709.73,6833625.16],[170730.07,6833596.46],[170719.4,6833587.03],[170738.02,6833567.48],[170744.3,6833575.38],[170761.21,6833572.2],[170848.02,6833504.05],[170866.94,6833472.2],[170885.06,6833467.79],[170908.68,6833427.16],[170915.21,6833393.65],[170947.91,6833346.41],[170895.28,6833311.72],[170819.45,6833386.46],[170813.02,6833376.14],[170818.9,6833348.73],[170805.74,6833349.11],[170794.84,6833364.96],[170750.64,6833395.29],[170708.99,6833445.67],[170699.22,6833477.48],[170628.4,6833546.17],[170630.54,6833572.59],[170621.17,6833576.88],[170598.71,6833569.19],[170606.86,6833586.68],[170591.54,6833587.16],[170551.12,6833567.45],[170538.88,6833578.21],[170490.6,6833575.43],[170457.85,6833551.18],[170455.97,6833544.91],[170462.71,6833544.89],[170487.72,6833553.66],[170516.1,6833511.06],[170500.36,6833463.43],[170480.78,6833447.99],[170459.24,6833504.83],[170430.94,6833548.23],[170406.23,6833560.51],[170390.75,6833592.96],[170342.9,6833589.7],[170268.75,6833608.63],[170230.76,6833596.42],[170192.59,6833537.47],[170146.3,6833498.84],[170088.0,6833464.03],[170003.71,6833473.98],[169960.52,6833453.37],[169930.52,6833456.01],[169891.93,6833438.85],[169856.73,6833440.43],[169824.42,6833431.1],[169806.19,6833433.68],[169783.77,6833451.86],[169731.42,6833462.98],[169718.35,6833478.25],[169693.72,6833479.97],[169658.15,6833503.3],[169598.96,6833501.93],[169581.28,6833479.8],[169550.32,6833459.71],[169439.92,6833447.43],[169335.9,6833464.55],[169281.5,6833456.2],[169228.61,6833472.89],[169190.62,6833506.22],[169148.58,6833512.84],[169064.17,6833496.02],[169052.68,6833408.93],[169041.62,6833383.64],[168974.22,6833297.19],[168898.28,6833288.0],[168822.4,6833248.33],[168784.31,6833237.49],[168760.72,6833239.3],[168743.45,6833227.19],[168695.81,6833220.04],[168649.52,6833226.86],[168633.58,6833220.54],[168594.7,6833198.2],[168590.02,6833176.89],[168561.96,6833134.71],[168516.96,6833095.75],[168433.49,6833097.5],[168351.01,6833061.08],[168293.65,6833078.55],[168263.21,6833047.8],[168251.12,6833043.58],[168220.87,6833054.03],[168179.44,6833025.35],[168149.62,6833034.48],[168125.67,6833055.08],[168147.43,6833082.39],[168142.64,6833148.11],[168121.38,6833156.52],[168095.18,6833183.74],[168058.15,6833173.72],[168053.2,6833232.09],[168017.02,6833263.02],[167881.77,6833328.65],[167858.23,6833325.05],[167830.28,6833334.38],[167809.63,6833328.93],[167796.17,6833335.95],[167788.6,6833352.81],[167734.22,6833368.35],[167710.07,6833360.86],[167681.53,6833368.61],[167652.09,6833388.82],[167622.0,6833381.53],[167571.63,6833386.93],[167552.0,6833402.25],[167540.16,6833394.12],[167504.4,6833398.0],[167437.68,6833367.99],[167319.06,6833365.26],[167206.02,6833341.87],[167162.21,6833324.9],[167088.42,6833326.39],[167020.92,6833298.05],[166865.75,6833285.48],[166780.21,6833289.5],[166618.13,6833331.46],[166540.58,6833341.69],[166437.96,6833340.12],[166338.83,6833382.14],[166274.57,6833376.08],[166245.92,6833383.37],[166146.26,6833377.79],[166048.84,6833361.0],[165907.07,6833319.83],[165778.62,6833328.83],[165734.6,6833322.89],[165690.07,6833307.95],[165641.34,6833278.18],[165573.7,6833283.85],[165434.8,6833239.45],[165271.8,6833237.2],[165095.16,6833213.66],[164999.58,6833232.06],[164985.84,6833223.09],[164924.38,6833226.33],[164888.02,6833214.45],[164836.29,6833217.75],[164808.06,6833200.12],[164689.01,6833218.92],[164649.52,6833208.86],[164590.9,6833207.04],[164533.63,6833217.3],[164476.94,6833242.38],[164432.87,6833252.0],[164265.83,6833250.35],[164223.97,6833260.01],[164161.22,6833259.61],[164083.37,6833238.98],[164003.63,6833233.59],[163975.29,6833216.53],[163898.79,6833207.44],[163834.78,6833214.94],[163807.1,6833202.52],[163801.6,6833192.68],[163770.57,6833186.98],[163763.24,6833174.29],[163735.03,6833169.22],[163633.68,6833174.82],[163547.69,6833109.99],[163520.69,6833107.13],[163517.25,6833093.47],[163455.97,6833070.03],[163360.66,6833065.55],[163335.55,6833078.77],[163320.57,6833050.82],[163227.34,6833037.23],[163196.25,6833039.8],[163133.12,6833015.21],[163082.46,6833020.33],[162980.57,6832995.59],[162891.08,6832990.51],[162873.2,6832983.06],[162802.48,6832996.28],[162776.65,6833015.81],[162713.49,6833020.33],[162668.88,6833055.56],[162621.92,6833070.13],[162599.78,6833092.16],[162570.76,6833091.46],[162555.07,6833110.9],[162495.44,6833116.17],[162480.59,6833130.95],[162481.03,6833157.61],[162458.18,6833214.46],[162433.81,6833235.88],[162350.94,6833267.09],[162339.63,6833277.9],[162240.08,6833274.45],[162174.23,6833288.48],[162068.19,6833297.69],[162027.65,6833294.44],[161926.36,6833266.93],[161880.62,6833264.8],[161789.06,6833233.37],[161650.72,6833102.76],[161575.19,6833011.72],[161437.48,6832893.93],[161316.67,6832819.2],[161207.32,6832767.68],[161187.86,6832741.12],[161062.41,6832643.52],[161008.26,6832625.72],[160996.65,6832611.17],[160935.05,6832601.6],[160918.13,6832583.74],[160890.64,6832584.73],[160870.12,6832562.71],[160844.14,6832560.0],[160819.29,6832546.16],[160803.05,6832547.91],[160791.8,6832565.53],[160720.65,6832580.54],[160709.05,6832598.5],[160672.17,6832599.86],[160642.32,6832565.64],[160637.22,6832541.06],[160542.63,6832496.31],[160525.05,6832481.07],[160487.17,6832471.96],[160412.97,6832478.61],[160383.87,6832466.88],[160286.7,6832466.04],[160103.28,6832358.43],[160000.25,6832323.9],[159954.67,6832293.97],[159860.61,6832276.99],[159760.45,6832235.93],[159714.97,6832229.44],[159687.03,6832183.74],[159638.1,6832127.76],[159626.94,6832127.5],[159572.4,6832070.77],[159534.19,6832065.31],[159492.19,6832025.12],[159441.56,6832009.18],[159421.1,6831993.28],[159367.65,6831985.93],[159344.13,6831965.66],[159329.96,6831966.49],[159324.16,6831950.7],[159243.28,6831934.72],[159201.8,6831911.91],[159154.69,6831919.22],[159075.8,6831889.97],[159040.21,6831865.97],[159010.9,6831873.05],[158989.26,6831869.48],[158930.38,6831775.85],[158877.89,6831721.49],[158851.29,6831653.8],[158759.34,6831615.72],[158729.99,6831593.46],[158711.29,6831590.86],[158678.01,6831601.42],[158651.28,6831631.51],[158630.92,6831639.45],[158553.84,6831642.52],[158502.33,6831656.4],[158470.75,6831690.29],[158435.15,6831693.95],[158408.23,6831676.01],[158332.16,6831595.44],[158272.93,6831572.78],[158229.84,6831540.34],[158078.46,6831460.01],[158052.14,6831460.44],[158033.71,6831440.05],[157946.59,6831402.12],[157899.29,6831393.68],[157856.42,6831366.97],[157840.61,6831366.48],[157809.8,6831337.24],[157732.13,6831300.44],[157715.93,6831302.7],[157689.03,6831277.03],[157634.48,6831261.93],[157617.34,6831241.23],[157577.37,6831240.93],[157559.03,6831219.79],[157504.33,6831197.24],[157444.82,6831157.29],[157400.7,6831158.67],[157390.27,6831180.14],[157377.72,6831185.73],[157371.65,6831172.25],[157381.41,6831155.83],[157377.19,6831139.53],[157310.9,6831102.18],[157291.82,6831099.95],[157277.05,6831082.25],[157178.51,6831050.16],[157163.38,6831039.06],[157096.59,6831039.03],[157057.47,6831004.67],[156981.01,6830979.56],[156954.52,6830952.53],[156916.65,6830946.93],[156895.72,6830932.23],[156869.84,6830927.94],[156849.88,6830911.78],[156822.16,6830923.06],[156725.62,6830917.34],[156676.33,6830937.95],[156644.55,6830941.68],[156632.5,6830958.76],[156601.41,6830952.36],[156570.33,6830910.45],[156523.18,6830895.96],[156477.45,6830870.16],[156455.34,6830845.97],[156358.1,6830775.23],[156343.82,6830754.8],[156293.27,6830744.76],[156215.35,6830747.2],[156175.61,6830704.28],[156126.38,6830688.63],[156101.7,6830665.56],[156003.31,6830648.55],[155967.75,6830650.2],[155904.0,6830611.9],[155904.0,6831491.69],[155911.83,6831503.17]]
    ]
   },
   "properties": {
    "name": "Gjende",
    "levelM": 985.1,
    "n50Hoyde": 985,
    "levelSource": "lidar water surface (p99 of DTM1 inside the lake) if above N50 hoyde",
    "areaKm2": 13.778,
    "lakeNo": 147,
    "nameSource": "SSR",
    "source": "N50 Kartdata, Kartverket, CC BY 4.0"
   }
  },
  {
   "type": "Feature",
   "geometry": {
    "type": "Polygon",
    "coordinates": [
     [[169542.95,6837332.23],[169570.47,6837326.0],[169600.69,6837333.76],[169651.67,6837322.04],[169727.72,6837281.84],[169769.36,6837273.79],[169872.1,6837233.57],[169948.56,6837185.14],[170115.52,6837145.16],[170211.34,6837100.52],[170258.93,6837087.01],[170357.68,6837097.01],[170427.13,6837116.77],[170466.44,6837152.8],[170474.49,6837170.55],[170495.28,6837173.54],[170526.85,6837193.18],[170619.03,6837205.11],[170640.58,6837215.05],[170673.6,6837206.31],[170706.12,6837185.54],[170761.65,6837120.04],[170766.0,6837053.17],[170786.38,6837027.5],[170815.9,6837027.81],[170848.26,6837043.0],[170899.34,6837027.95],[170932.19,6837039.74],[170959.75,6837015.46],[170978.13,6836980.81],[171028.7,6836952.25],[171034.34,6836935.99],[171020.99,6836878.53],[171012.91,6836767.64],[170908.45,6836620.11],[170867.61,6836584.05],[170774.65,6836459.31],[170715.89,6836409.11],[170636.26,6836359.29],[170592.5,6836381.14],[170495.29,6836373.97],[170425.48,6836353.48],[170323.74,6836300.37],[170207.89,6836285.86],[170144.48,6836295.35],[170115.15,6836285.82],[169892.49,6836321.47],[169839.93,6836298.8],[169730.23,6836306.74],[169707.55,6836315.78],[169639.16,6836308.14],[169540.25,6836320.83],[169472.87,6836302.39],[169418.1,6836317.36],[169366.3,6836313.32],[169319.39,6836319.84],[169293.01,6836332.99],[169230.83,6836341.04],[169177.8,6836333.0],[169089.62,6836340.24],[169058.32,6836359.25],[169029.09,6836332.51],[168975.35,6836342.38],[168934.37,6836327.29],[168837.52,6836365.55],[168774.99,6836432.04],[168680.04,6836505.15],[168555.59,6836572.39],[168397.27,6836601.88],[168315.69,6836607.46],[168210.38,6836582.54],[168125.9,6836577.21],[168033.06,6836529.06],[167978.68,6836491.37],[167934.88,6836486.03],[167888.1,6836449.58],[167853.89,6836436.29],[167834.34,6836407.25],[167836.96,6836380.89],[167801.19,6836361.17],[167784.07,6836325.16],[167745.79,6836304.33],[167733.21,6836283.72],[167705.18,6836282.84],[167670.82,6836248.53],[167637.08,6836174.29],[167576.69,6836076.84],[167532.87,6836034.41],[167351.06,6835777.32],[167272.4,6835708.68],[167220.1,6835647.27],[167157.19,6835612.16],[167081.36,6835530.97],[167021.98,6835493.65],[167004.23,6835462.14],[166983.05,6835443.83],[166915.91,6835415.32],[166877.37,6835381.66],[166854.07,6835376.3],[166837.57,6835378.26],[166823.98,6835392.14],[166788.12,6835407.58],[166735.3,6835414.26],[166686.62,6835404.61],[166666.79,6835406.95],[166643.83,6835425.31],[166602.72,6835419.59],[166552.93,6835358.87],[166538.66,6835286.4],[166516.71,6835246.03],[166404.94,6835151.38],[166294.23,6835112.85],[166262.9,6835078.26],[166226.27,6835018.02],[166181.88,6835047.22],[166156.24,6835042.79],[166153.5,6835026.37],[166121.18,6835004.01],[166097.28,6834997.38],[166047.55,6834934.89],[165986.61,6834896.48],[165969.99,6834874.67],[165919.38,6834850.22],[165882.27,6834855.5],[165866.64,6834849.53],[165802.14,6834862.79],[165783.84,6834844.6],[165742.2,6834860.04],[165724.27,6834880.94],[165724.36,6834915.61],[165702.92,6834954.33],[165703.3,6834970.69],[165670.27,6835002.88],[165672.06,6835039.55],[165720.64,6835087.51],[165727.91,6835114.64],[165735.29,6835117.6],[165727.04,6835126.79],[165730.79,6835144.26],[165715.98,6835176.95],[165755.01,6835262.66],[165748.81,6835379.12],[165783.18,6835434.95],[165823.6,6835478.99],[165847.4,6835551.89],[165880.76,6835582.5],[165927.19,6835672.15],[165961.85,6835692.88],[166027.93,6835760.34],[166050.55,6835795.74],[166084.62,6835797.63],[166113.12,6835813.97],[166119.93,6835835.51],[166168.87,6835883.64],[166185.35,6835916.62],[166205.15,6835935.74],[166225.11,6835991.57],[166340.76,6836070.54],[166357.05,6836090.03],[166411.89,6836118.51],[166453.46,6836163.84],[166484.34,6836175.73],[166524.36,6836214.91],[166616.9,6836269.35],[166656.56,6836315.79],[166675.47,6836347.07],[166685.75,6836386.68],[166713.48,6836410.82],[166755.02,6836490.3],[166816.56,6836545.62],[166848.05,6836615.24],[166897.61,6836666.11],[166945.81,6836680.42],[167043.61,6836741.58],[167238.37,6836888.41],[167336.6,6836934.9],[167412.16,6836934.66],[167444.48,6836944.53],[167562.24,6837043.1],[167619.2,6837107.03],[167735.91,6837190.02],[167812.83,6837192.42],[167854.0,6837204.07],[167916.41,6837238.74],[167962.53,6837249.69],[167988.37,6837264.85],[168009.26,6837263.06],[168055.65,6837288.71],[168140.74,6837292.61],[168175.24,6837310.35],[168262.25,6837304.75],[168310.43,6837316.78],[168379.5,6837301.82],[168427.31,6837322.46],[168451.32,6837311.59],[168505.97,6837309.98],[168537.24,6837327.36],[168573.64,6837324.37],[168594.72,6837333.67],[168653.13,6837338.29],[168686.49,6837352.91],[168751.0,6837339.95],[168811.57,6837345.03],[168879.01,6837324.11],[168979.84,6837318.81],[169096.8,6837241.38],[169118.9,6837256.95],[169125.77,6837289.14],[169139.68,6837250.43],[169164.37,6837234.67],[169185.71,6837233.38],[169205.04,6837241.78],[169214.31,6837256.75],[169258.7,6837264.55],[169291.78,6837286.73],[169302.68,6837299.72],[169297.16,6837327.52],[169344.85,6837371.61],[169479.13,6837372.58],[169542.95,6837332.23]],
     [[166142.56,6835051.68],[166163.89,6835064.79],[166142.59,6835073.8],[166137.13,6835069.27],[166142.56,6835051.68]]
    ]
   },
   "properties": {
    "name": "Bessvatnet",
    "levelM": 1373.1,
    "n50Hoyde": 1372,
    "levelSource": "lidar water surface (p99 of DTM1 inside the lake) if above N50 hoyde",
    "areaKm2": 4.694,
    "lakeNo": 274,
    "nameSource": "SSR",
    "source": "N50 Kartdata, Kartverket, CC BY 4.0"
   }
  },
  {
   "type": "Feature",
   "geometry": {
    "type": "Polygon",
    "coordinates": [
     [[166732.47,6841631.29],[166818.66,6841617.29],[166864.92,6841628.1],[166903.33,6841608.46],[166919.02,6841615.05],[166943.87,6841611.75],[166960.85,6841578.0],[167053.71,6841472.88],[167149.45,6841420.78],[167265.1,6841399.03],[167378.44,6841352.35],[167399.03,6841357.49],[167413.34,6841349.13],[167466.1,6841343.24],[167499.8,6841327.04],[167570.7,6841332.57],[167670.9,6841285.1],[167860.25,6841266.59],[167885.52,6841311.52],[167898.13,6841317.39],[167947.86,6841289.65],[167970.18,6841302.68],[168067.4,6841320.85],[168179.9,6841319.5],[168203.33,6841344.49],[168228.22,6841320.05],[168300.43,6841285.23],[168345.48,6841283.08],[168418.59,6841258.22],[168529.3,6841259.06],[168615.77,6841248.04],[168692.38,6841184.65],[168786.82,6841172.9],[168833.44,6841133.38],[168872.88,6841124.71],[169009.66,6841059.79],[169029.59,6841057.94],[169148.92,6841005.81],[169168.89,6840988.26],[169220.31,6840987.3],[169254.65,6840967.99],[169311.28,6840960.02],[169368.12,6840932.92],[169396.15,6840908.53],[169445.74,6840904.13],[169515.04,6840869.6],[169572.24,6840884.88],[169679.57,6840857.53],[169690.28,6840867.86],[169711.92,6840865.99],[169729.45,6840854.45],[169800.84,6840841.47],[169860.35,6840847.38],[169959.04,6840770.64],[169997.59,6840769.29],[170031.79,6840741.49],[170169.34,6840717.94],[170244.03,6840687.89],[170274.61,6840657.85],[170351.82,6840604.34],[170371.66,6840562.67],[170387.1,6840556.26],[170432.09,6840560.87],[170462.72,6840525.25],[170515.4,6840518.64],[170552.7,6840526.85],[170599.2,6840472.64],[170574.44,6840456.47],[170566.51,6840461.83],[170542.5,6840411.31],[170514.99,6840375.64],[170475.8,6840347.54],[170455.57,6840348.42],[170434.58,6840369.52],[170418.69,6840358.58],[170397.71,6840359.2],[170333.96,6840395.97],[170294.41,6840402.28],[170260.87,6840397.81],[170194.46,6840332.09],[170086.36,6840335.66],[169921.08,6840278.56],[169833.91,6840210.47],[169777.8,6840195.69],[169694.42,6840243.66],[169621.82,6840262.96],[169604.72,6840274.67],[169574.68,6840321.32],[169576.03,6840350.86],[169569.03,6840362.53],[169466.01,6840398.87],[169417.84,6840395.82],[169387.27,6840449.57],[169364.67,6840520.2],[169347.55,6840537.13],[169264.83,6840583.38],[169193.64,6840581.11],[169170.94,6840600.9],[169089.68,6840628.99],[168998.57,6840678.68],[168897.78,6840752.36],[168849.43,6840795.04],[168835.11,6840846.63],[168779.32,6840950.35],[168697.92,6841016.2],[168614.64,6841039.98],[168552.36,6841040.71],[168473.6,6841059.05],[168454.52,6841091.99],[168413.38,6841114.89],[168368.07,6841114.06],[168348.68,6841121.9],[168308.33,6841120.58],[168140.19,6841074.79],[167981.23,6840986.9],[167912.44,6841004.33],[167846.98,6841003.34],[167771.71,6840983.14],[167735.27,6840991.55],[167681.78,6840989.44],[167475.8,6841045.69],[167390.4,6841046.54],[167353.28,6841080.14],[167295.47,6841096.54],[167276.72,6841111.36],[167198.15,6841131.69],[167103.87,6841123.31],[167056.68,6841102.53],[166987.45,6841114.96],[166920.31,6841096.03],[166886.62,6841112.22],[166835.84,6841106.84],[166798.46,6841083.16],[166743.89,6841091.22],[166688.21,6841087.31],[166648.67,6841072.87],[166558.1,6841072.19],[166412.66,6841054.46],[166334.93,6841029.46],[166266.48,6841028.75],[166001.49,6840914.46],[165887.06,6840905.93],[165854.66,6840881.77],[165800.35,6840816.39],[165757.29,6840818.37],[165729.17,6840807.9],[165660.9,6840754.87],[165596.19,6840761.86],[165554.81,6840727.47],[165481.72,6840720.16],[165427.45,6840687.95],[165343.81,6840653.45],[165292.58,6840643.1],[165259.53,6840611.97],[165205.17,6840578.76],[165136.8,6840568.0],[165104.32,6840553.91],[165079.71,6840527.01],[164900.92,6840398.73],[164814.29,6840364.5],[164776.9,6840340.8],[164723.32,6840283.4],[164673.31,6840242.77],[164583.12,6840191.77],[164502.77,6840116.73],[164436.26,6840082.66],[164381.51,6840088.72],[164360.37,6840077.6],[164353.08,6840053.13],[164327.66,6840028.33],[164318.82,6839986.91],[164285.16,6839981.98],[164259.2,6839896.89],[164241.49,6839868.35],[164185.83,6839821.2],[164178.54,6839796.74],[164136.5,6839755.37],[164012.63,6839677.31],[163982.49,6839644.9],[163900.01,6839601.23],[163869.34,6839573.9],[163732.18,6839406.56],[163702.69,6839392.19],[163685.15,6839365.66],[163655.39,6839348.29],[163644.65,6839319.12],[163607.72,6839300.4],[163601.35,6839285.9],[163605.57,6839255.35],[163616.98,6839237.2],[163615.32,6839219.25],[163575.95,6839152.49],[163580.9,6839129.91],[163558.8,6839086.7],[163535.23,6839081.84],[163506.77,6839024.13],[163488.65,6838915.18],[163441.51,6838796.84],[163447.78,6838744.97],[163362.31,6838505.49],[163342.96,6838492.19],[163334.29,6838452.77],[163335.13,6838407.44],[163279.4,6838304.98],[163264.31,6838152.51],[163215.97,6837955.85],[163215.24,6837893.56],[163227.46,6837819.02],[163251.23,6837771.57],[163251.66,6837754.44],[163239.85,6837735.42],[163231.66,6837657.73],[163169.88,6837391.91],[163183.89,6837358.44],[163161.97,6837186.48],[163150.62,6837172.45],[163127.33,6837170.58],[163113.69,6837153.75],[163097.68,6837099.91],[163070.39,6837055.16],[162992.16,6837003.07],[162935.48,6836988.18],[162908.57,6836990.67],[162887.13,6837030.86],[162868.57,6837047.66],[162918.24,6837160.71],[162939.84,6837176.84],[162960.05,6837232.3],[162957.95,6837285.79],[162970.72,6837336.9],[162993.42,6837364.97],[162986.07,6837415.94],[163002.9,6837456.62],[163003.01,6837479.74],[162978.64,6837542.33],[162981.53,6837595.37],[162946.49,6837749.46],[162930.06,6837789.18],[162857.39,6837884.4],[162819.49,6837887.9],[162789.89,6837915.77],[162757.08,6837919.82],[162668.11,6837958.2],[162568.02,6837963.43],[162549.46,6837980.25],[162542.38,6838034.18],[162553.15,6838085.48],[162584.39,6838129.86],[162650.57,6838182.07],[162680.94,6838238.6],[162684.52,6838266.43],[162713.93,6838290.87],[162708.33,6838306.46],[162725.41,6838328.02],[162733.34,6838359.46],[162729.4,6838393.02],[162701.49,6838460.96],[162676.74,6838465.27],[162691.29,6838492.08],[162670.66,6838519.12],[162673.81,6838564.09],[162751.61,6838818.37],[162769.59,6838838.83],[162785.89,6838884.59],[162809.6,6838912.58],[162830.08,6838971.02],[162862.15,6839013.32],[162903.84,6839127.12],[162939.23,6839150.99],[162997.86,6839241.12],[163050.96,6839293.53],[163065.33,6839329.41],[163058.68,6839366.23],[163061.45,6839396.14],[163070.72,6839409.37],[163156.98,6839493.92],[163201.3,6839549.12],[163249.64,6839560.78],[163292.19,6839586.0],[163333.0,6839592.29],[163474.45,6839545.03],[163490.3,6839531.49],[163485.89,6839483.63],[163457.18,6839456.11],[163442.8,6839354.87],[163460.82,6839343.14],[163476.24,6839346.75],[163586.11,6839458.28],[163603.68,6839506.95],[163627.31,6839544.98],[163623.69,6839560.4],[163580.95,6839587.47],[163573.64,6839606.26],[163583.88,6839662.63],[163575.29,6839678.51],[163544.12,6839689.44],[163531.0,6839710.76],[163522.05,6839776.96],[163527.33,6839801.61],[163546.37,6839811.92],[163576.58,6839812.13],[163582.94,6839826.64],[163558.56,6839889.23],[163563.39,6839908.9],[163582.91,6839924.19],[163590.2,6839948.66],[163592.35,6839993.72],[163573.38,6840038.71],[163587.11,6840067.61],[163634.5,6840112.51],[163655.6,6840155.8],[163651.84,6840191.36],[163725.22,6840267.04],[163785.9,6840346.91],[163827.67,6840385.29],[163882.89,6840460.63],[163899.54,6840499.32],[163975.7,6840561.67],[164053.85,6840558.47],[164070.19,6840572.05],[164086.38,6840605.75],[164103.79,6840609.17],[164118.41,6840625.92],[164129.32,6840657.08],[164169.18,6840685.59],[164184.91,6840714.3],[164221.83,6840733.01],[164224.95,6840755.86],[164388.17,6840835.3],[164461.44,6840909.98],[164543.18,6840937.65],[164668.38,6841013.97],[164723.71,6841015.65],[164757.19,6841048.56],[164773.06,6841053.66],[164802.66,6841040.59],[164854.73,6841062.18],[164918.54,6841051.44],[164946.22,6841064.6],[164989.6,6841060.67],[165030.6,6841053.24],[165103.65,6841009.94],[165140.43,6841005.72],[165197.32,6841015.43],[165213.14,6841010.58],[165231.78,6841018.2],[165296.62,6841016.32],[165407.17,6841040.11],[165444.3,6841071.1],[165450.55,6841127.52],[165458.86,6841130.55],[165463.72,6841112.8],[165536.77,6841131.71],[165549.26,6841147.97],[165541.3,6841164.11],[165570.06,6841171.22],[165583.17,6841188.73],[165601.77,6841183.82],[165596.66,6841202.6],[165610.62,6841209.97],[165623.09,6841205.39],[165652.48,6841244.32],[165677.95,6841297.91],[165758.78,6841330.06],[165774.29,6841379.11],[165805.5,6841387.15],[165815.24,6841383.61],[165821.28,6841367.98],[165829.3,6841373.39],[165834.08,6841399.12],[165823.72,6841501.44],[165892.45,6841501.37],[165937.41,6841517.86],[165954.17,6841536.42],[165952.58,6841571.39],[165993.92,6841568.62],[166084.88,6841605.82],[166105.67,6841602.44],[166115.27,6841580.83],[166134.43,6841573.97],[166219.2,6841623.85],[166261.33,6841624.18],[166326.67,6841645.09],[166425.8,6841622.1],[166469.03,6841642.57],[166542.0,6841637.83],[166707.39,6841653.72],[166732.47,6841631.29]],
     [[165788.95,6841376.65],[165780.55,6841370.65],[165772.96,6841345.15],[165785.0,6841348.09],[165801.58,6841371.29],[165788.95,6841376.65]]
    ]
   },
   "properties": {
    "name": "Russvatnet",
    "levelM": 1176.7,
    "n50Hoyde": 1175,
    "levelSource": "lidar water surface (p99 of DTM1 inside the lake) if above N50 hoyde",
    "areaKm2": 4.619,
    "lakeNo": 218,
    "nameSource": "SSR",
    "source": "N50 Kartdata, Kartverket, CC BY 4.0"
   }
  },
  {
   "type": "Feature",
   "geometry": {
    "type": "Polygon",
    "coordinates": [
     [[176364.34,6837391.21],[176375.19,6837373.46],[176364.42,6837355.29],[176375.69,6837349.43],[176371.95,6837328.67],[176359.33,6837311.08],[176344.77,6837316.8],[176326.07,6837308.43],[176311.99,6837314.8],[176290.93,6837306.68],[176252.52,6837337.68],[176225.38,6837327.76],[176189.99,6837331.65],[176167.76,6837325.51],[176172.45,6837340.77],[176166.81,6837343.16],[176144.91,6837325.54],[176098.81,6837364.66],[176079.5,6837405.78],[176001.42,6837427.18],[175965.17,6837378.24],[175949.56,6837325.89],[175930.51,6837296.14],[175928.93,6837276.58],[175939.23,6837236.99],[175975.07,6837214.69],[175963.53,6837202.4],[176003.1,6837195.03],[176008.08,6837175.31],[176001.22,6837149.46],[176010.6,6837132.11],[175981.54,6837109.8],[175958.22,6837111.94],[175938.32,6837094.74],[175900.25,6837100.25],[175890.29,6837090.9],[175856.94,6836966.3],[175828.58,6836921.77],[175822.23,6836895.28],[175796.51,6836870.11],[175786.74,6836844.35],[175777.91,6836793.9],[175795.81,6836750.9],[175789.01,6836742.34],[175765.69,6836739.92],[175752.88,6836757.18],[175717.34,6836760.67],[175711.29,6836778.17],[175691.76,6836784.16],[175691.55,6836806.72],[175666.28,6836814.54],[175656.21,6836835.17],[175668.12,6836865.15],[175650.51,6836891.24],[175602.52,6836811.35],[175600.36,6836748.73],[175576.44,6836675.84],[175556.53,6836676.61],[175546.77,6836693.71],[175535.62,6836681.05],[175513.13,6836673.93],[175512.23,6836686.6],[175483.89,6836711.44],[175441.85,6836667.35],[175423.67,6836681.52],[175413.15,6836672.39],[175406.58,6836656.38],[175412.49,6836625.84],[175405.68,6836614.16],[175387.53,6836613.47],[175377.34,6836591.8],[175388.45,6836526.77],[175397.8,6836514.33],[175389.82,6836476.93],[175377.34,6836474.27],[175375.36,6836461.06],[175366.14,6836464.58],[175361.15,6836456.03],[175362.03,6836395.54],[175345.87,6836331.8],[175347.45,6836284.38],[175327.46,6836262.89],[175315.1,6836221.66],[175298.87,6836217.17],[175276.28,6836225.65],[175264.47,6836201.28],[175260.88,6836151.22],[175250.02,6836145.69],[175245.92,6836129.95],[175232.23,6836119.14],[175209.46,6836126.75],[175179.95,6836111.88],[175124.45,6836051.65],[175099.86,6836042.1],[175094.52,6836022.68],[175107.48,6835979.75],[175102.66,6835956.53],[175060.3,6835944.52],[175045.45,6835947.37],[175030.3,6835966.56],[175029.1,6836016.94],[175048.27,6836021.32],[175065.17,6836012.36],[175066.72,6836066.83],[175084.55,6836074.08],[175087.44,6836087.76],[175076.44,6836100.78],[175072.67,6836130.41],[175024.72,6836159.35],[174999.77,6836204.63],[174983.09,6836259.83],[174955.98,6836290.97],[174942.41,6836282.29],[174920.22,6836245.25],[174908.32,6836166.0],[174891.37,6836131.69],[174878.94,6836129.03],[174860.95,6836092.45],[174859.07,6836113.37],[174850.47,6836117.15],[174845.17,6836020.8],[174819.62,6836105.0],[174807.04,6836110.51],[174802.31,6836078.5],[174790.72,6836061.52],[174770.67,6836068.01],[174759.87,6836080.42],[174757.47,6836099.45],[174763.66,6836162.21],[174754.08,6836163.58],[174743.48,6836179.03],[174716.55,6836177.45],[174698.51,6836157.5],[174687.15,6836126.03],[174662.41,6836119.18],[174639.34,6836084.24],[174639.02,6836067.51],[174616.51,6836025.3],[174618.63,6836013.78],[174594.94,6835976.91],[174579.33,6835865.32],[174546.57,6835758.73],[174534.05,6835743.47],[174544.47,6835665.89],[174579.14,6835604.67],[174581.2,6835436.32],[174566.79,6835417.47],[174530.25,6835405.27],[174509.04,6835373.51],[174488.65,6835360.28],[174475.95,6835387.14],[174445.78,6835398.92],[174419.57,6835357.34],[174352.6,6835342.5],[174283.75,6835300.27],[174235.5,6835197.85],[174221.46,6835125.33],[174187.05,6835069.33],[174165.33,6835010.08],[174159.73,6835011.78],[174162.43,6835040.56],[174114.44,6835006.14],[174108.46,6834978.66],[174068.13,6834985.53],[174021.13,6834948.01],[173985.18,6834886.87],[173923.48,6834841.71],[173877.99,6834796.3],[173849.28,6834782.9],[173812.46,6834794.42],[173792.18,6834767.5],[173766.84,6834764.63],[173740.23,6834747.07],[173728.72,6834719.08],[173644.5,6834682.9],[173628.33,6834666.1],[173603.48,6834671.06],[173589.34,6834660.5],[173550.76,6834618.95],[173557.42,6834599.03],[173549.11,6834566.92],[173474.04,6834472.6],[173464.17,6834444.75],[173441.43,6834450.79],[173466.21,6834529.87],[173425.23,6834492.82],[173411.68,6834463.91],[173403.99,6834393.08],[173385.45,6834355.98],[173378.33,6834362.01],[173380.15,6834373.96],[173351.45,6834363.67],[173267.0,6834446.04],[173267.69,6834452.86],[173335.39,6834487.14],[173376.31,6834531.75],[173374.96,6834537.73],[173343.69,6834523.78],[173333.37,6834530.37],[173378.64,6834605.53],[173373.56,6834671.76],[173363.11,6834658.39],[173272.99,6834630.73],[173269.89,6834671.93],[173261.1,6834675.78],[173238.94,6834594.16],[173229.3,6834586.27],[173213.66,6834639.23],[173218.39,6834680.41],[173238.7,6834709.07],[173267.5,6834715.72],[173232.17,6834743.9],[173175.92,6834723.56],[173103.19,6834673.05],[173095.2,6834628.11],[173086.0,6834630.06],[173087.26,6834658.06],[173066.7,6834659.08],[173035.38,6834619.94],[173029.79,6834590.71],[172976.29,6834553.12],[172958.83,6834531.36],[172951.62,6834537.08],[172964.97,6834561.76],[172987.08,6834572.61],[172972.41,6834574.1],[172956.99,6834600.12],[172973.76,6834633.05],[172959.2,6834657.71],[172970.75,6834690.53],[172939.1,6834645.96],[172944.03,6834669.61],[172934.97,6834677.23],[172920.79,6834667.19],[172912.29,6834672.22],[172902.42,6834655.78],[172839.5,6834631.28],[172843.13,6834615.32],[172835.81,6834594.46],[172817.42,6834578.58],[172823.36,6834592.49],[172812.72,6834602.53],[172818.84,6834625.05],[172840.26,6834650.44],[172812.5,6834685.25],[172819.23,6834713.86],[172828.99,6834723.37],[172821.06,6834751.46],[172850.89,6834765.26],[172864.42,6834795.91],[172895.37,6834808.32],[172868.78,6834825.93],[172908.9,6834842.82],[172932.27,6834838.29],[172927.84,6834876.07],[172960.83,6834883.39],[172930.53,6834891.89],[172941.38,6834895.07],[172934.37,6834903.62],[172953.01,6834902.49],[172952.81,6834926.22],[172943.07,6834939.16],[172920.18,6834941.44],[172929.2,6834956.28],[172921.96,6834965.12],[172957.65,6834954.3],[172962.69,6834966.47],[172981.34,6834973.38],[172987.18,6834997.41],[173000.28,6834987.69],[172999.83,6834967.78],[173012.57,6834961.06],[173013.24,6835006.0],[173021.94,6835008.38],[173036.56,6834996.57],[173040.1,6835023.83],[173068.3,6835035.52],[173043.48,6835049.99],[173056.3,6835060.41],[173041.34,6835071.46],[173035.77,6835088.37],[173053.11,6835083.42],[173061.25,6835134.01],[173058.62,6835146.25],[173039.23,6835147.48],[173055.67,6835176.18],[173053.92,6835211.67],[173066.87,6835211.72],[173065.16,6835223.06],[173086.43,6835229.78],[173100.06,6835247.86],[173105.13,6835239.92],[173111.51,6835244.89],[173104.45,6835266.01],[173115.83,6835275.37],[173098.22,6835291.74],[173093.57,6835313.06],[173173.61,6835349.17],[173188.68,6835381.79],[173209.84,6835403.18],[173236.11,6835407.96],[173321.01,6835450.54],[173320.13,6835463.16],[173331.07,6835459.51],[173370.86,6835499.64],[173390.52,6835499.32],[173414.92,6835523.74],[173430.48,6835553.08],[173479.0,6835575.73],[173508.86,6835600.04],[173544.95,6835609.15],[173554.78,6835622.71],[173574.69,6835624.22],[173624.74,6835657.86],[173644.61,6835658.05],[173688.89,6835633.68],[173733.78,6835638.8],[173833.58,6835812.89],[173844.07,6835814.17],[173895.54,6835740.55],[173907.35,6835737.01],[173925.28,6835751.32],[173948.29,6835810.66],[173966.85,6835817.68],[173987.34,6835869.07],[174008.53,6835892.27],[174016.07,6835947.11],[174009.6,6835990.28],[174002.31,6835998.3],[173976.85,6835996.02],[173967.37,6836014.9],[173973.72,6836025.77],[173989.77,6836025.48],[173981.84,6836058.36],[173999.25,6836079.15],[174001.3,6836125.42],[174019.45,6836172.45],[174073.56,6836246.71],[174085.5,6836288.01],[174146.28,6836404.69],[174167.32,6836431.34],[174199.17,6836454.41],[174217.68,6836494.13],[174256.28,6836526.01],[174348.59,6836570.3],[174367.22,6836586.66],[174407.72,6836652.45],[174453.1,6836690.67],[174486.64,6836694.29],[174569.17,6836668.72],[174575.59,6836685.86],[174566.3,6836688.8],[174559.45,6836679.24],[174551.95,6836699.6],[174567.51,6836722.88],[174598.28,6836742.33],[174650.03,6836730.66],[174669.67,6836715.76],[174701.48,6836706.62],[174736.93,6836641.52],[174768.47,6836621.27],[174774.1,6836599.68],[174800.22,6836586.42],[174818.45,6836601.36],[174833.18,6836641.91],[174827.26,6836701.94],[174841.65,6836741.84],[174846.4,6836815.43],[174866.25,6836845.73],[174865.91,6836869.16],[174908.86,6836896.19],[174915.19,6836911.95],[174912.61,6836938.75],[174902.14,6836946.16],[174863.91,6836934.13],[174857.42,6836918.31],[174850.46,6836928.75],[174869.07,6836972.99],[174889.62,6836991.29],[174891.97,6837024.35],[174879.79,6837036.02],[174859.87,6837024.23],[174838.09,6837060.04],[174837.94,6837152.61],[174866.03,6837209.2],[174882.67,6837212.06],[174880.43,6837179.84],[174885.82,6837183.72],[174899.95,6837262.32],[174967.34,6837344.98],[174965.61,6837364.37],[174988.48,6837394.09],[174998.08,6837446.27],[175061.92,6837616.08],[175092.76,6837679.18],[175108.07,6837693.58],[175114.5,6837742.38],[175147.53,6837802.11],[175150.05,6837841.57],[175165.3,6837882.48],[175214.59,6837967.12],[175275.59,6838022.05],[175326.93,6838044.68],[175355.34,6838068.05],[175409.6,6838129.93],[175476.88,6838186.58],[175515.18,6838240.92],[175601.96,6838269.2],[175658.86,6838314.32],[175758.03,6838335.94],[175937.53,6838309.99],[175950.08,6838299.95],[175986.11,6838292.81],[176033.57,6838304.28],[176055.54,6838341.12],[176097.91,6838336.16],[176123.91,6838345.26],[176140.24,6838378.98],[176160.22,6838397.73],[176160.86,6838422.54],[176248.89,6838454.9],[176268.74,6838469.96],[176271.76,6838482.84],[176318.48,6838537.92],[176371.36,6838554.84],[176377.44,6838566.18],[176384.0,6838566.38],[176384.0,6838030.71],[176342.43,6838021.7],[176313.48,6838000.73],[176286.68,6838000.44],[176274.76,6837985.09],[176217.84,6837958.22],[176204.99,6837938.57],[176209.31,6837891.98],[176188.05,6837879.05],[176185.68,6837853.1],[176173.68,6837843.34],[176179.21,6837732.5],[176158.41,6837677.58],[176173.87,6837664.71],[176198.49,6837619.21],[176294.75,6837588.99],[176325.78,6837559.47],[176384.0,6837547.68],[176384.0,6837454.25],[176373.52,6837457.06],[176364.08,6837447.55],[176366.05,6837438.02],[176384.0,6837427.94],[176384.0,6837399.69],[176364.34,6837391.21]],
     [[172839.8,6834664.35],[172862.32,6834660.64],[172853.57,6834677.79],[172842.51,6834674.46],[172839.8,6834664.35]],
     [[175054.43,6836528.01],[175067.69,6836519.45],[175066.52,6836545.56],[175055.64,6836541.46],[175054.43,6836528.01]],
     [[173406.97,6834599.08],[173405.37,6834582.69],[173415.22,6834582.29],[173446.01,6834621.69],[173432.51,6834620.83],[173406.97,6834599.08]],
     [[173408.96,6834736.82],[173394.8,6834703.69],[173413.94,6834709.31],[173432.48,6834729.91],[173441.47,6834748.65],[173428.34,6834749.38],[173408.96,6834736.82]],
     [[172969.48,6834880.48],[172936.1,6834864.55],[172949.51,6834857.26],[172963.68,6834832.37],[172962.61,6834852.0],[172983.97,6834887.58],[172958.66,6834900.17],[172969.48,6834880.48]]
    ]
   },
   "properties": {
    "name": "Sjodalsvatnet, øvre",
    "levelM": 954.1,
    "n50Hoyde": 954,
    "levelSource": "lidar water surface (p99 of DTM1 inside the lake) if above N50 hoyde",
    "areaKm2": 3.843,
    "lakeNo": 220,
    "nameSource": "SSR",
    "source": "N50 Kartdata, Kartverket, CC BY 4.0"
   }
  },
  {
   "type": "Feature",
   "geometry": {
    "type": "Polygon",
    "coordinates": [
     [[168693.98,6832217.73],[168709.12,6832229.61],[168724.29,6832228.92],[168813.58,6832178.37],[168839.04,6832174.2],[168856.82,6832159.18],[168888.64,6832155.81],[168904.96,6832134.54],[168904.37,6832119.62],[168979.62,6832057.94],[169018.03,6832004.58],[169053.03,6832001.24],[169077.03,6831970.31],[169141.48,6831938.98],[169156.33,6831940.34],[169161.38,6831948.65],[169118.87,6832044.46],[169123.12,6832059.16],[169149.18,6832060.16],[169170.22,6832042.04],[169204.89,6832044.22],[169222.38,6832026.62],[169308.85,6831994.08],[169365.77,6831983.04],[169445.13,6831914.54],[169582.93,6831727.33],[169614.07,6831703.03],[169649.13,6831684.77],[169693.52,6831678.48],[169731.23,6831660.51],[169834.44,6831661.66],[169872.52,6831624.98],[169983.81,6831662.92],[170016.74,6831666.74],[170029.3,6831681.3],[170021.42,6831702.84],[170026.15,6831740.01],[170046.93,6831749.7],[170052.42,6831788.42],[170061.42,6831794.98],[170120.05,6831807.81],[170131.75,6831796.75],[170135.83,6831763.05],[170182.62,6831762.44],[170201.17,6831769.7],[170231.37,6831798.98],[170247.3,6831876.79],[170268.84,6831885.07],[170293.0,6831878.7],[170303.06,6831857.28],[170338.54,6831826.35],[170400.29,6831748.58],[170510.01,6831701.3],[170522.51,6831693.65],[170526.65,6831677.41],[170602.86,6831632.0],[170625.95,6831630.18],[170655.4,6831641.34],[170684.11,6831674.9],[170690.6,6831736.07],[170729.39,6831806.88],[170744.17,6831819.44],[170777.21,6831807.51],[170804.66,6831808.85],[170864.28,6831780.64],[170878.8,6831758.43],[170877.41,6831740.75],[170856.4,6831735.89],[170840.2,6831721.34],[170854.23,6831708.54],[170868.62,6831711.9],[170868.76,6831691.43],[170845.39,6831668.54],[170814.88,6831661.35],[170823.04,6831607.52],[170820.17,6831556.38],[170787.27,6831489.4],[170732.74,6831470.77],[170656.43,6831429.76],[170646.04,6831405.06],[170655.95,6831379.28],[170623.24,6831338.38],[170598.11,6831339.67],[170570.39,6831360.32],[170502.33,6831323.06],[170465.74,6831313.2],[170371.33,6831162.42],[170276.67,6831057.61],[170234.84,6831057.96],[170100.87,6831023.28],[170026.36,6831035.34],[169984.14,6830993.07],[169932.16,6830968.01],[169853.59,6830973.41],[169831.49,6830958.79],[169804.12,6830959.38],[169776.74,6830981.03],[169731.7,6830987.72],[169706.15,6831006.25],[169705.94,6831013.53],[169716.69,6831011.57],[169695.35,6831035.05],[169655.01,6831044.1],[169649.61,6831054.31],[169654.13,6831076.26],[169609.42,6831118.77],[169605.84,6831137.47],[169565.89,6831157.09],[169520.99,6831214.47],[169474.8,6831228.37],[169382.97,6831305.14],[169376.87,6831369.61],[169360.54,6831379.95],[169355.03,6831397.94],[169360.32,6831419.0],[169412.94,6831433.16],[169473.08,6831418.71],[169450.29,6831444.08],[169450.36,6831475.46],[169406.13,6831522.57],[169402.98,6831561.18],[169355.29,6831647.62],[169261.57,6831702.04],[169163.67,6831710.89],[169127.71,6831723.72],[169070.18,6831699.96],[169049.34,6831700.64],[168984.06,6831752.12],[168923.29,6831781.89],[168855.54,6831780.74],[168814.21,6831798.87],[168815.66,6831842.4],[168808.84,6831853.15],[168786.82,6831861.57],[168758.05,6831893.36],[168729.76,6831907.93],[168706.74,6831931.28],[168694.09,6831959.49],[168694.08,6831986.95],[168626.41,6832145.36],[168626.99,6832200.71],[168644.76,6832229.72],[168661.73,6832233.5],[168693.98,6832217.73]],
     [[170397.34,6831371.69],[170380.75,6831385.67],[170391.39,6831360.03],[170397.34,6831371.69]],
     [[170736.52,6831669.35],[170723.64,6831667.19],[170743.23,6831652.95],[170757.71,6831652.95],[170736.52,6831669.35]],
     [[169443.13,6831369.72],[169436.95,6831349.01],[169451.92,6831323.18],[169471.92,6831317.2],[169497.89,6831328.55],[169500.91,6831338.84],[169466.18,6831367.12],[169443.13,6831369.72]],
     [[170300.01,6831456.67],[170295.61,6831446.86],[170234.37,6831442.06],[170224.37,6831428.18],[170206.16,6831426.91],[170218.33,6831421.55],[170241.68,6831428.62],[170296.62,6831414.17],[170321.97,6831421.07],[170349.02,6831402.12],[170367.69,6831402.97],[170300.01,6831456.67]],
     [[170205.95,6831539.72],[170216.27,6831508.7],[170207.87,6831491.27],[170214.27,6831478.94],[170241.15,6831470.14],[170282.81,6831476.28],[170287.37,6831496.6],[170278.32,6831503.79],[170275.32,6831527.84],[170259.17,6831556.36],[170248.31,6831565.2],[170209.33,6831572.52],[170205.95,6831539.72]],
     [[170574.29,6831553.04],[170560.98,6831510.78],[170561.95,6831484.28],[170528.94,6831426.93],[170509.94,6831417.46],[170493.96,6831420.16],[170475.81,6831442.61],[170456.17,6831406.35],[170520.71,6831402.01],[170565.71,6831423.73],[170564.05,6831453.66],[170585.49,6831474.54],[170609.98,6831485.16],[170601.97,6831517.56],[170615.87,6831552.83],[170593.64,6831573.0],[170574.29,6831553.04]]
    ]
   },
   "properties": {
    "name": "Leirungen, nedre",
    "levelM": 983.1,
    "n50Hoyde": 983,
    "levelSource": "lidar water surface (p99 of DTM1 inside the lake) if above N50 hoyde",
    "areaKm2": 1.045,
    "lakeNo": 30407,
    "nameSource": "SSR",
    "source": "N50 Kartdata, Kartverket, CC BY 4.0"
   }
  },
  {
   "type": "Feature",
   "geometry": {
    "type": "Polygon",
    "coordinates": [
     [[166178.89,6832736.85],[166197.08,6832718.23],[166242.44,6832707.78],[166315.33,6832721.1],[166370.65,6832710.92],[166420.35,6832691.51],[166445.56,6832694.02],[166507.44,6832681.65],[166596.53,6832548.75],[166619.7,6832540.24],[166614.73,6832503.53],[166590.49,6832501.6],[166581.93,6832480.81],[166588.9,6832472.09],[166615.36,6832470.05],[166624.89,6832454.45],[166609.28,6832397.26],[166617.44,6832369.09],[166607.57,6832332.55],[166614.14,6832330.03],[166634.21,6832353.52],[166677.13,6832371.05],[166706.98,6832339.58],[166712.87,6832322.78],[166695.5,6832254.09],[166660.97,6832209.74],[166624.6,6832181.0],[166616.42,6832182.03],[166605.51,6832191.46],[166608.99,6832224.38],[166591.39,6832221.96],[166572.95,6832202.82],[166574.01,6832184.24],[166549.02,6832169.98],[166540.64,6832130.88],[166517.74,6832097.9],[166474.79,6832081.53],[166465.72,6832061.76],[166443.62,6832046.05],[166419.8,6832070.93],[166385.04,6832040.39],[166331.96,6832019.88],[166329.0,6832001.41],[166245.65,6831942.43],[166248.11,6831906.1],[166281.1,6831873.41],[166271.52,6831852.86],[166158.01,6831911.29],[166115.56,6831962.36],[166051.76,6832003.78],[165934.34,6832151.68],[165923.15,6832199.83],[165931.1,6832232.58],[165906.56,6832268.47],[165914.68,6832287.03],[165901.2,6832298.95],[165914.16,6832332.13],[165901.06,6832367.67],[165903.18,6832396.09],[165932.35,6832479.94],[165961.02,6832498.68],[165978.51,6832498.05],[165997.31,6832521.28],[165991.44,6832524.65],[165921.88,6832493.54],[165894.45,6832473.53],[165842.83,6832490.31],[165813.06,6832561.15],[165808.26,6832596.42],[165777.65,6832608.77],[165753.17,6832655.87],[165748.05,6832693.61],[165794.31,6832734.37],[165862.7,6832721.82],[165890.8,6832699.47],[165887.5,6832668.77],[165857.84,6832658.65],[165918.5,6832616.23],[165928.75,6832618.25],[165930.41,6832628.33],[165958.91,6832627.37],[165949.12,6832641.36],[165951.57,6832652.83],[165971.83,6832651.1],[165986.16,6832667.79],[166040.37,6832646.71],[166049.14,6832627.11],[166036.0,6832615.56],[165983.41,6832609.99],[165985.24,6832599.54],[166053.49,6832584.14],[166072.03,6832598.09],[166089.87,6832594.08],[166105.79,6832621.44],[166156.76,6832599.35],[166169.74,6832623.19],[166160.13,6832630.65],[166156.93,6832653.1],[166104.43,6832685.17],[166078.68,6832722.17],[166069.19,6832752.92],[166110.26,6832733.46],[166178.89,6832736.85]],
     [[166329.13,6832086.39],[166348.34,6832084.55],[166341.83,6832099.4],[166324.02,6832100.75],[166329.13,6832086.39]]
    ]
   },
   "properties": {
    "name": "Leirungen, øvre",
    "levelM": 1034.1,
    "n50Hoyde": 1034,
    "levelSource": "lidar water surface (p99 of DTM1 inside the lake) if above N50 hoyde",
    "areaKm2": 0.482,
    "lakeNo": 30402,
    "nameSource": "SSR",
    "source": "N50 Kartdata, Kartverket, CC BY 4.0"
   }
  },
  {
   "type": "Feature",
   "geometry": {
    "type": "Polygon",
    "coordinates": [
     [[159298.07,6836026.24],[159348.61,6836024.42],[159443.83,6835971.7],[159465.69,6835967.15],[159568.74,6835963.95],[159609.04,6835980.01],[159649.09,6836010.45],[159678.17,6836016.75],[159698.37,6836012.25],[159711.63,6835978.3],[159687.91,6835942.84],[159675.5,6835907.22],[159657.3,6835891.46],[159652.96,6835765.2],[159642.94,6835732.05],[159617.86,6835711.9],[159639.33,6835687.62],[159651.06,6835570.08],[159665.23,6835552.38],[159660.31,6835537.55],[159648.28,6835534.19],[159632.59,6835550.61],[159599.52,6835553.42],[159594.08,6835596.1],[159582.34,6835612.83],[159515.12,6835652.66],[159484.59,6835617.74],[159435.67,6835603.85],[159407.41,6835607.71],[159387.81,6835633.77],[159354.6,6835655.17],[159264.94,6835658.62],[159208.81,6835646.41],[159183.78,6835631.87],[159178.14,6835608.28],[159143.48,6835585.69],[159104.19,6835542.52],[159095.15,6835517.57],[159078.75,6835508.54],[159011.73,6835533.0],[158910.43,6835608.25],[158922.7,6835639.87],[158894.24,6835687.71],[158859.64,6835717.43],[158869.74,6835746.8],[158842.55,6835786.35],[158769.58,6835838.92],[158752.56,6835861.22],[158764.42,6835887.63],[158778.33,6835897.1],[158812.8,6835896.93],[158867.24,6835922.39],[158929.7,6835910.9],[158979.81,6835917.71],[158992.8,6835912.66],[158993.81,6835893.87],[159005.7,6835900.28],[159000.97,6835912.35],[159011.5,6835919.85],[159044.0,6835911.31],[159072.44,6835927.68],[159122.02,6835935.1],[159133.87,6835950.44],[159184.11,6835980.44],[159199.39,6836027.69],[159237.98,6836052.15],[159298.07,6836026.24]],
     [[159011.24,6835737.6],[159028.52,6835709.72],[159050.36,6835708.1],[159048.86,6835733.39],[159020.34,6835746.24],[159011.24,6835737.6]]
    ]
   },
   "properties": {
    "name": "Hesttjønne",
    "levelM": 1472.7,
    "n50Hoyde": 1472,
    "levelSource": "lidar water surface (p99 of DTM1 inside the lake) if above N50 hoyde",
    "areaKm2": 0.299,
    "lakeNo": 30384,
    "nameSource": "SSR",
    "source": "N50 Kartdata, Kartverket, CC BY 4.0"
   }
  },
  {
   "type": "Feature",
   "geometry": {
    "type": "Polygon",
    "coordinates": [
     [[172030.57,6829174.1],[172029.34,6829145.33],[172072.82,6829102.26],[172084.54,6829054.5],[172116.85,6829021.43],[172110.9,6828999.84],[172140.51,6828950.19],[172131.96,6828855.31],[172109.51,6828823.2],[172141.0,6828824.63],[172157.08,6828837.23],[172165.62,6828831.09],[172145.83,6828810.88],[172163.55,6828694.87],[172153.81,6828660.85],[172166.43,6828590.65],[172191.21,6828579.6],[172168.73,6828507.79],[172179.08,6828483.21],[172188.54,6828357.7],[172177.86,6828326.04],[172150.58,6828292.73],[172145.0,6828213.3],[172128.95,6828196.74],[172086.33,6828114.56],[172068.73,6828100.47],[172065.66,6828085.0],[171990.79,6828045.1],[171965.57,6828055.2],[171985.02,6828090.99],[171980.38,6828105.16],[171992.0,6828144.79],[171983.13,6828206.09],[171987.05,6828252.57],[171975.5,6828273.08],[171979.85,6828287.51],[171930.98,6828309.27],[171903.67,6828304.33],[171868.12,6828285.12],[171862.38,6828254.31],[171793.28,6828233.08],[171792.72,6828258.36],[171776.59,6828270.52],[171769.5,6828313.39],[171748.89,6828317.42],[171763.36,6828328.54],[171767.23,6828359.28],[171787.98,6828333.25],[171798.68,6828336.39],[171817.09,6828317.98],[171929.92,6828366.41],[171937.03,6828379.93],[171958.85,6828377.01],[171971.73,6828383.5],[171957.41,6828407.14],[171902.6,6828433.87],[171902.74,6828440.99],[171922.37,6828451.65],[171918.02,6828477.06],[171936.04,6828485.97],[171934.36,6828506.65],[171914.45,6828524.2],[171895.07,6828522.34],[171892.08,6828488.98],[171861.54,6828493.6],[171826.84,6828477.03],[171808.1,6828478.08],[171795.44,6828491.34],[171769.56,6828496.81],[171762.41,6828509.74],[171793.97,6828561.19],[171808.68,6828560.91],[171820.98,6828534.54],[171834.6,6828540.54],[171850.94,6828532.47],[171862.42,6828539.27],[171880.39,6828587.29],[171882.92,6828642.02],[171904.66,6828740.23],[171956.65,6828804.45],[171988.65,6828821.7],[171956.67,6828860.98],[171947.98,6828966.12],[171964.35,6829079.28],[171958.28,6829139.97],[171972.9,6829193.47],[171992.3,6829203.64],[172030.57,6829174.1]]
    ]
   },
   "properties": {
    "name": "Brurskardstjønne",
    "levelM": 1308.8,
    "n50Hoyde": 1308,
    "levelSource": "lidar water surface (p99 of DTM1 inside the lake) if above N50 hoyde",
    "areaKm2": 0.235,
    "lakeNo": 32588,
    "nameSource": "SSR",
    "source": "N50 Kartdata, Kartverket, CC BY 4.0"
   }
  },
  {
   "type": "Feature",
   "geometry": {
    "type": "Polygon",
    "coordinates": [
     [[165155.97,6830820.01],[165189.72,6830801.31],[165204.15,6830781.14],[165282.38,6830770.3],[165290.0,6830753.85],[165305.36,6830751.25],[165376.61,6830698.47],[165416.93,6830638.69],[165484.22,6830562.22],[165489.79,6830516.1],[165528.46,6830434.93],[165584.23,6830391.61],[165596.93,6830373.35],[165596.61,6830339.92],[165576.19,6830308.8],[165468.41,6830348.88],[165332.14,6830354.41],[165284.15,6830336.63],[165225.53,6830330.34],[165156.5,6830345.92],[165055.11,6830351.09],[165037.1,6830405.04],[165003.45,6830463.04],[165012.1,6830486.61],[164982.34,6830554.88],[164980.76,6830580.83],[164959.94,6830607.69],[164934.26,6830667.3],[164931.0,6830707.49],[164940.64,6830748.7],[164968.68,6830782.57],[164989.61,6830794.21],[164999.82,6830789.38],[165052.32,6830829.17],[165097.9,6830835.27],[165155.97,6830820.01]]
    ]
   },
   "properties": {
    "name": "Bukkehåmårtjønne",
    "levelM": 1593.1,
    "n50Hoyde": 1592,
    "levelSource": "lidar water surface (p99 of DTM1 inside the lake) if above N50 hoyde",
    "areaKm2": 0.217,
    "lakeNo": 30427,
    "nameSource": "SSR",
    "source": "N50 Kartdata, Kartverket, CC BY 4.0"
   }
  },
  {
   "type": "Feature",
   "geometry": {
    "type": "Polygon",
    "coordinates": [
     [[161054.16,6842847.04],[161063.74,6842817.48],[161108.63,6842764.94],[161110.59,6842744.87],[161162.1,6842717.1],[161148.04,6842665.7],[161169.91,6842650.68],[161165.3,6842605.34],[161146.36,6842569.06],[161112.97,6842546.29],[161121.76,6842531.96],[161096.48,6842489.15],[161075.22,6842487.73],[161056.59,6842496.47],[160987.86,6842457.87],[160961.97,6842464.15],[160930.82,6842433.75],[160906.8,6842423.03],[160843.29,6842450.12],[160811.97,6842448.21],[160795.04,6842437.9],[160767.91,6842401.15],[160724.94,6842413.31],[160695.61,6842390.54],[160672.04,6842392.8],[160636.1,6842411.5],[160612.64,6842396.4],[160568.47,6842421.86],[160545.15,6842420.37],[160523.11,6842454.93],[160503.57,6842444.46],[160451.74,6842466.66],[160460.83,6842499.54],[160504.94,6842516.56],[160542.76,6842549.41],[160576.37,6842553.17],[160622.45,6842543.31],[160609.91,6842562.39],[160571.83,6842577.26],[160610.93,6842596.23],[160633.79,6842587.26],[160649.49,6842592.01],[160620.24,6842641.75],[160656.03,6842681.09],[160682.87,6842730.01],[160694.85,6842771.01],[160731.55,6842817.68],[160787.17,6842820.19],[160909.36,6842882.12],[160960.17,6842880.62],[161054.16,6842847.04]]
    ]
   },
   "properties": {
    "name": null,
    "levelM": 1554.1,
    "n50Hoyde": 1554,
    "levelSource": "lidar water surface (p99 of DTM1 inside the lake) if above N50 hoyde",
    "areaKm2": 0.211,
    "lakeNo": 30349,
    "nameSource": null,
    "source": "N50 Kartdata, Kartverket, CC BY 4.0"
   }
  },
  {
   "type": "Feature",
   "geometry": {
    "type": "Polygon",
    "coordinates": [
     [[157040.59,6832731.63],[157067.3,6832709.86],[157108.15,6832704.22],[157153.02,6832678.71],[157183.98,6832680.27],[157199.13,6832671.36],[157222.75,6832670.18],[157241.85,6832685.06],[157258.93,6832685.23],[157308.17,6832718.64],[157344.47,6832710.23],[157371.94,6832717.78],[157396.57,6832714.82],[157402.61,6832703.31],[157418.49,6832704.12],[157463.95,6832676.06],[157451.27,6832658.93],[157401.44,6832634.09],[157345.7,6832613.56],[157311.17,6832609.58],[157258.69,6832580.38],[157245.44,6832591.15],[157224.35,6832593.56],[157189.88,6832558.11],[157176.49,6832561.42],[157173.99,6832571.43],[157156.35,6832574.04],[157130.5,6832559.48],[157109.73,6832563.54],[156962.45,6832521.78],[156878.97,6832534.4],[156846.34,6832531.29],[156781.55,6832496.61],[156733.05,6832507.48],[156695.24,6832504.8],[156659.11,6832480.08],[156630.63,6832480.75],[156585.59,6832463.98],[156575.1,6832465.44],[156566.55,6832479.53],[156543.91,6832482.37],[156517.13,6832505.88],[156507.17,6832555.2],[156491.22,6832569.95],[156468.4,6832646.16],[156472.92,6832668.1],[156520.03,6832676.96],[156525.74,6832658.7],[156535.05,6832657.45],[156566.15,6832680.95],[156615.14,6832702.7],[156672.6,6832684.87],[156708.16,6832702.22],[156767.54,6832704.54],[156811.4,6832726.93],[156887.92,6832698.57],[156944.44,6832722.36],[156959.5,6832736.82],[157008.44,6832742.27],[157040.59,6832731.63]]
    ]
   },
   "properties": {
    "name": "Langtjønne",
    "levelM": 1253.24,
    "n50Hoyde": 1253,
    "levelSource": "lidar water surface (p99 of DTM1 inside the lake) if above N50 hoyde",
    "areaKm2": 0.153,
    "lakeNo": 30411,
    "nameSource": "SSR",
    "source": "N50 Kartdata, Kartverket, CC BY 4.0"
   }
  },
  {
   "type": "Feature",
   "geometry": {
    "type": "Polygon",
    "coordinates": [
     [[160375.56,6843249.33],[160455.58,6843180.46],[160518.17,6843144.56],[160546.45,6843107.66],[160589.98,6843070.95],[160566.21,6843017.82],[160363.47,6842845.24],[160298.06,6842834.44],[160207.16,6842843.58],[160191.39,6842858.13],[160184.17,6842909.38],[160200.97,6843093.14],[160184.57,6843189.02],[160170.57,6843213.67],[160179.64,6843225.26],[160197.13,6843217.54],[160217.04,6843235.77],[160230.35,6843264.0],[160367.78,6843264.0],[160375.56,6843249.33]]
    ]
   },
   "properties": {
    "name": null,
    "levelM": 1578.2,
    "n50Hoyde": 1577,
    "levelSource": "lidar water surface (p99 of DTM1 inside the lake) if above N50 hoyde",
    "areaKm2": 0.123,
    "lakeNo": 30347,
    "nameSource": null,
    "source": "N50 Kartdata, Kartverket, CC BY 4.0"
   }
  },
  {
   "type": "Feature",
   "geometry": {
    "type": "Polygon",
    "coordinates": [
     [[163594.08,6835379.4],[163626.92,6835375.11],[163644.38,6835362.35],[163661.42,6835367.57],[163704.57,6835316.16],[163742.7,6835300.82],[163740.79,6835282.04],[163779.92,6835201.68],[163806.24,6835200.72],[163836.63,6835220.14],[163859.98,6835205.82],[163890.11,6835206.5],[163923.92,6835191.1],[163943.49,6835152.0],[163935.01,6835133.61],[163871.67,6835116.33],[163825.68,6835117.6],[163757.78,6835093.58],[163642.04,6835079.31],[163524.25,6835090.92],[163499.7,6835118.85],[163468.68,6835121.02],[163439.86,6835156.2],[163449.99,6835172.41],[163441.18,6835250.56],[163450.04,6835321.37],[163467.16,6835335.26],[163482.82,6835375.93],[163494.44,6835386.94],[163502.23,6835380.56],[163524.73,6835391.03],[163583.32,6835396.71],[163594.08,6835379.4]]
    ]
   },
   "properties": {
    "name": "Bjørnbøltjønne",
    "levelM": 1474.5,
    "n50Hoyde": 1474,
    "levelSource": "lidar water surface (p99 of DTM1 inside the lake) if above N50 hoyde",
    "areaKm2": 0.098,
    "lakeNo": 30385,
    "nameSource": "SSR",
    "source": "N50 Kartdata, Kartverket, CC BY 4.0"
   }
  },
  {
   "type": "Feature",
   "geometry": {
    "type": "Polygon",
    "coordinates": [
     [[160900.68,6831447.39],[160924.65,6831427.8],[160952.64,6831434.28],[160949.5,6831409.15],[160967.65,6831406.89],[160987.04,6831416.57],[160995.54,6831361.49],[160991.19,6831329.66],[160982.11,6831317.7],[160948.26,6831340.08],[160908.04,6831343.61],[160884.69,6831355.44],[160866.1,6831351.74],[160837.58,6831318.75],[160831.64,6831275.92],[160843.56,6831298.18],[160862.97,6831304.12],[160896.97,6831266.34],[160920.39,6831224.28],[160946.72,6831209.88],[160954.36,6831178.55],[160946.41,6831117.03],[160953.11,6831106.69],[160950.56,6831088.23],[160913.13,6831032.23],[160897.27,6830993.31],[160861.07,6830951.61],[160858.86,6830901.82],[160847.82,6830893.48],[160841.43,6830853.58],[160811.13,6830862.32],[160805.18,6830916.42],[160749.76,6830994.95],[160742.15,6831055.99],[160745.14,6831110.03],[160730.64,6831170.59],[160710.13,6831192.72],[160717.03,6831234.11],[160774.02,6831278.76],[160765.2,6831294.32],[160766.87,6831325.56],[160749.81,6831339.34],[160745.84,6831398.03],[160761.18,6831421.66],[160767.07,6831451.48],[160798.07,6831475.93],[160842.08,6831487.35],[160898.12,6831460.49],[160900.68,6831447.39]]
    ]
   },
   "properties": {
    "name": null,
    "levelM": 1551.2,
    "n50Hoyde": 1550,
    "levelSource": "lidar water surface (p99 of DTM1 inside the lake) if above N50 hoyde",
    "areaKm2": 0.097,
    "lakeNo": 30423,
    "nameSource": null,
    "source": "N50 Kartdata, Kartverket, CC BY 4.0"
   }
  },
  {
   "type": "Feature",
   "geometry": {
    "type": "Polygon",
    "coordinates": [
     [[161398.32,6827909.44],[161410.64,6827896.37],[161463.31,6827908.52],[161526.23,6827867.69],[161552.54,6827865.77],[161592.78,6827848.11],[161626.41,6827814.42],[161642.3,6827785.97],[161670.96,6827790.09],[161701.22,6827765.06],[161739.7,6827757.7],[161758.7,6827732.33],[161756.71,6827712.35],[161743.94,6827694.43],[161704.45,6827685.39],[161696.06,6827654.8],[161636.0,6827667.8],[161581.52,6827642.89],[161545.55,6827641.85],[161534.75,6827650.99],[161505.69,6827649.14],[161470.59,6827673.94],[161441.12,6827678.03],[161384.66,6827734.03],[161343.17,6827733.54],[161284.31,6827786.94],[161275.81,6827804.18],[161277.38,6827817.88],[161302.97,6827833.03],[161319.6,6827854.57],[161349.25,6827915.01],[161366.48,6827922.28],[161398.32,6827909.44]]
    ]
   },
   "properties": {
    "name": null,
    "levelM": 1731.57,
    "n50Hoyde": 1731,
    "levelSource": "lidar water surface (p99 of DTM1 inside the lake) if above N50 hoyde",
    "areaKm2": 0.077,
    "lakeNo": 30455,
    "nameSource": null,
    "source": "N50 Kartdata, Kartverket, CC BY 4.0"
   }
  },
  {
   "type": "Feature",
   "geometry": {
    "type": "Polygon",
    "coordinates": [
     [[162238.66,6827974.42],[162254.33,6827975.41],[162284.66,6827959.96],[162305.94,6827921.77],[162333.2,6827897.82],[162334.92,6827869.95],[162297.17,6827868.17],[162258.65,6827838.99],[162249.4,6827815.08],[162160.65,6827786.1],[162145.67,6827788.55],[162139.9,6827831.19],[162128.74,6827833.09],[162136.43,6827805.39],[162125.76,6827800.22],[162104.2,6827822.23],[162059.01,6827845.73],[161962.73,6827850.29],[161916.22,6827810.69],[161899.39,6827809.42],[161899.44,6827820.42],[161933.02,6827846.04],[161928.11,6827884.17],[161978.14,6827934.5],[161985.17,6827968.85],[161997.05,6827984.35],[162035.5,6827992.77],[162108.03,6827957.44],[162137.66,6827954.1],[162164.76,6827967.56],[162199.57,6828003.74],[162217.48,6828002.87],[162238.66,6827974.42]]
    ]
   },
   "properties": {
    "name": null,
    "levelM": 1720.1,
    "n50Hoyde": 1720,
    "levelSource": "lidar water surface (p99 of DTM1 inside the lake) if above N50 hoyde",
    "areaKm2": 0.053,
    "lakeNo": 30453,
    "nameSource": null,
    "source": "N50 Kartdata, Kartverket, CC BY 4.0"
   }
  },
  {
   "type": "Feature",
   "geometry": {
    "type": "Polygon",
    "coordinates": [
     [[157721.57,6838474.87],[157743.49,6838464.57],[157754.36,6838444.92],[157746.81,6838431.44],[157784.29,6838390.38],[157827.81,6838381.41],[157891.12,6838382.86],[157897.56,6838366.44],[157965.03,6838386.72],[157996.1,6838379.94],[158030.48,6838344.28],[158027.0,6838328.02],[158004.0,6838305.88],[157973.63,6838297.09],[157956.24,6838297.5],[157924.19,6838329.64],[157869.37,6838340.74],[157821.98,6838307.73],[157712.49,6838327.02],[157688.41,6838318.77],[157646.54,6838318.31],[157598.83,6838299.62],[157573.22,6838308.9],[157550.94,6838340.57],[157519.93,6838341.56],[157498.68,6838354.22],[157485.89,6838378.47],[157487.49,6838397.82],[157501.73,6838416.2],[157558.76,6838435.9],[157600.14,6838466.51],[157657.19,6838480.41],[157721.57,6838474.87]]
    ]
   },
   "properties": {
    "name": null,
    "levelM": 1829.1,
    "n50Hoyde": 1829,
    "levelSource": "lidar water surface (p99 of DTM1 inside the lake) if above N50 hoyde",
    "areaKm2": 0.053,
    "lakeNo": 30374,
    "nameSource": null,
    "source": "N50 Kartdata, Kartverket, CC BY 4.0"
   }
  },
  {
   "type": "Feature",
   "geometry": {
    "type": "Polygon",
    "coordinates": [
     [[158057.53,6833879.73],[158067.36,6833859.04],[158066.73,6833827.58],[158009.63,6833752.41],[158007.2,6833737.68],[158061.91,6833698.55],[158054.96,6833684.56],[158025.23,6833669.38],[157873.71,6833677.22],[157758.98,6833702.4],[157664.68,6833711.51],[157603.9,6833734.59],[157617.62,6833747.12],[157813.21,6833782.43],[157980.16,6833871.73],[157990.11,6833887.16],[158037.09,6833895.85],[158057.53,6833879.73]]
    ]
   },
   "properties": {
    "name": "Sjugurdtindtjønne",
    "levelM": 1444.4,
    "n50Hoyde": 1444,
    "levelSource": "lidar water surface (p99 of DTM1 inside the lake) if above N50 hoyde",
    "areaKm2": 0.05,
    "lakeNo": 30398,
    "nameSource": "SSR",
    "source": "N50 Kartdata, Kartverket, CC BY 4.0"
   }
  },
  {
   "type": "Feature",
   "geometry": {
    "type": "Polygon",
    "coordinates": [
     [[157514.56,6833394.04],[157506.47,6833370.3],[157517.71,6833343.45],[157547.19,6833350.71],[157547.59,6833313.38],[157509.87,6833302.54],[157463.26,6833272.89],[157511.85,6833226.67],[157523.25,6833206.04],[157526.38,6833174.82],[157553.88,6833172.55],[157554.82,6833158.1],[157486.02,6833157.37],[157441.96,6833167.49],[157422.74,6833175.82],[157414.78,6833196.4],[157371.75,6833222.55],[157339.72,6833219.84],[157251.86,6833255.98],[157249.61,6833273.79],[157279.84,6833298.07],[157287.87,6833314.43],[157317.83,6833328.99],[157297.42,6833353.74],[157258.15,6833374.03],[157260.21,6833382.74],[157297.4,6833396.61],[157368.1,6833394.16],[157439.52,6833403.66],[157460.52,6833394.02],[157478.08,6833405.91],[157514.56,6833394.04]]
    ]
   },
   "properties": {
    "name": "Grunnevatnet",
    "levelM": 1370.3,
    "n50Hoyde": 1370,
    "levelSource": "lidar water surface (p99 of DTM1 inside the lake) if above N50 hoyde",
    "areaKm2": 0.047,
    "lakeNo": 30403,
    "nameSource": "SSR",
    "source": "N50 Kartdata, Kartverket, CC BY 4.0"
   }
  },
  {
   "type": "Feature",
   "geometry": {
    "type": "Polygon",
    "coordinates": [
     [[174125.99,6833533.8],[174150.4,6833533.07],[174180.02,6833545.32],[174203.91,6833533.62],[174204.88,6833522.18],[174186.46,6833491.16],[174199.04,6833486.69],[174210.98,6833506.77],[174220.71,6833491.29],[174230.78,6833460.22],[174212.31,6833439.62],[174217.24,6833418.37],[174232.09,6833396.53],[174256.43,6833382.57],[174262.32,6833412.79],[174271.06,6833413.79],[174282.26,6833396.54],[174310.26,6833377.49],[174316.68,6833360.25],[174311.49,6833343.69],[174268.03,6833346.37],[174264.69,6833369.1],[174231.08,6833366.95],[174222.47,6833379.77],[174207.86,6833382.08],[174177.78,6833342.7],[174158.71,6833350.31],[174146.34,6833318.37],[174120.92,6833325.65],[174107.01,6833338.78],[174068.23,6833342.02],[174059.58,6833322.03],[174077.62,6833305.61],[174056.43,6833303.25],[174050.51,6833324.71],[174034.11,6833332.57],[174030.28,6833355.5],[174033.55,6833403.58],[174047.79,6833449.2],[174044.76,6833493.67],[174060.28,6833510.04],[174109.57,6833515.93],[174109.82,6833544.74],[174117.72,6833547.9],[174125.99,6833533.8]]
    ]
   },
   "properties": {
    "name": null,
    "levelM": 1016.1,
    "n50Hoyde": 1016,
    "levelSource": "lidar water surface (p99 of DTM1 inside the lake) if above N50 hoyde",
    "areaKm2": 0.037,
    "lakeNo": 85272,
    "nameSource": null,
    "source": "N50 Kartdata, Kartverket, CC BY 4.0"
   }
  },
  {
   "type": "Feature",
   "geometry": {
    "type": "Polygon",
    "coordinates": [
     [[171929.6,6837534.0],[171940.98,6837517.71],[171940.01,6837503.64],[171901.97,6837456.75],[171882.31,6837396.65],[171862.43,6837385.99],[171864.63,6837360.7],[171855.35,6837359.76],[171834.27,6837377.35],[171817.78,6837344.52],[171758.82,6837317.44],[171737.41,6837265.91],[171727.67,6837267.53],[171721.01,6837290.04],[171667.97,6837345.38],[171653.49,6837351.95],[171655.62,6837338.95],[171641.24,6837335.93],[171645.97,6837367.78],[171666.61,6837396.8],[171724.12,6837414.11],[171749.96,6837432.95],[171752.91,6837454.58],[171741.69,6837493.1],[171755.6,6837513.15],[171780.49,6837517.59],[171806.23,6837493.11],[171830.16,6837493.62],[171846.79,6837506.37],[171859.88,6837548.21],[171882.99,6837550.08],[171929.6,6837534.0]]
    ]
   },
   "properties": {
    "name": "Besstjønnin",
    "levelM": 1357.2,
    "n50Hoyde": 1357,
    "levelSource": "lidar water surface (p99 of DTM1 inside the lake) if above N50 hoyde",
    "areaKm2": 0.036,
    "lakeNo": 30371,
    "nameSource": "SSR",
    "source": "N50 Kartdata, Kartverket, CC BY 4.0"
   }
  },
  {
   "type": "Feature",
   "geometry": {
    "type": "Polygon",
    "coordinates": [
     [[158289.53,6833079.3],[158310.28,6833087.3],[158336.6,6833085.5],[158370.02,6833048.36],[158412.23,6833026.3],[158404.83,6832987.05],[158412.76,6832965.75],[158398.43,6832965.92],[158328.14,6833017.68],[158307.23,6833014.64],[158303.63,6833005.45],[158328.42,6832999.87],[158329.02,6832989.96],[158313.64,6832976.37],[158289.05,6832969.36],[158223.35,6832963.19],[158154.45,6832969.19],[158123.02,6832983.26],[158071.41,6833027.86],[158085.06,6833069.99],[158115.41,6833091.38],[158150.8,6833092.94],[158169.98,6833082.37],[158212.32,6833100.28],[158266.92,6833099.87],[158289.53,6833079.3]],
     [[158256.76,6833014.54],[158268.46,6833009.19],[158277.04,6833032.29],[158258.26,6833027.3],[158256.76,6833014.54]]
    ]
   },
   "properties": {
    "name": "Ånde",
    "levelM": 1286.8,
    "n50Hoyde": 1286,
    "levelSource": "lidar water surface (p99 of DTM1 inside the lake) if above N50 hoyde",
    "areaKm2": 0.033,
    "lakeNo": 30408,
    "nameSource": "SSR",
    "source": "N50 Kartdata, Kartverket, CC BY 4.0"
   }
  },
  {
   "type": "Feature",
   "geometry": {
    "type": "Polygon",
    "coordinates": [
     [[162620.51,6831307.74],[162605.98,6831245.03],[162565.93,6831134.86],[162506.42,6831057.54],[162483.73,6831047.69],[162438.67,6831081.53],[162464.0,6831158.16],[162491.39,6831304.94],[162510.96,6831325.96],[162553.86,6831351.47],[162598.11,6831344.17],[162620.51,6831307.74]]
    ]
   },
   "properties": {
    "name": null,
    "levelM": 1702.61,
    "n50Hoyde": 1702,
    "levelSource": "lidar water surface (p99 of DTM1 inside the lake) if above N50 hoyde",
    "areaKm2": 0.031,
    "lakeNo": 30421,
    "nameSource": null,
    "source": "N50 Kartdata, Kartverket, CC BY 4.0"
   }
  },
  {
   "type": "Feature",
   "geometry": {
    "type": "Polygon",
    "coordinates": [
     [[162220.66,6831881.31],[162192.1,6831856.56],[162195.99,6831839.29],[162217.31,6831816.46],[162208.37,6831781.71],[162221.8,6831769.16],[162188.16,6831710.35],[162131.2,6831701.94],[162104.57,6831710.43],[162104.17,6831683.04],[162041.89,6831673.53],[161951.97,6831683.54],[161915.98,6831702.95],[161911.37,6831726.74],[161940.03,6831735.87],[161990.4,6831727.88],[162067.96,6831792.3],[162086.3,6831794.83],[162106.76,6831822.75],[162106.76,6831834.27],[162096.59,6831838.92],[162105.41,6831862.15],[162191.21,6831882.5],[162220.66,6831881.31]],
     [[162168.51,6831735.05],[162193.24,6831740.33],[162182.84,6831747.07],[162168.18,6831747.9],[162168.51,6831735.05]]
    ]
   },
   "properties": {
    "name": null,
    "levelM": 1626.82,
    "n50Hoyde": 1626,
    "levelSource": "lidar water surface (p99 of DTM1 inside the lake) if above N50 hoyde",
    "areaKm2": 0.031,
    "lakeNo": 30416,
    "nameSource": null,
    "source": "N50 Kartdata, Kartverket, CC BY 4.0"
   }
  },
  {
   "type": "Feature",
   "geometry": {
    "type": "Polygon",
    "coordinates": [
     [[158574.45,6836551.0],[158587.7,6836553.11],[158605.59,6836529.88],[158652.02,6836504.27],[158697.26,6836505.67],[158713.78,6836477.28],[158698.75,6836441.46],[158655.62,6836407.28],[158645.03,6836388.08],[158641.57,6836312.74],[158635.36,6836302.43],[158602.15,6836320.09],[158598.08,6836365.37],[158579.59,6836404.0],[158487.58,6836480.96],[158478.7,6836552.43],[158507.89,6836565.45],[158552.38,6836564.33],[158574.45,6836551.0]]
    ]
   },
   "properties": {
    "name": null,
    "levelM": 1567.6,
    "n50Hoyde": 1567,
    "levelSource": "lidar water surface (p99 of DTM1 inside the lake) if above N50 hoyde",
    "areaKm2": 0.029,
    "lakeNo": 30383,
    "nameSource": null,
    "source": "N50 Kartdata, Kartverket, CC BY 4.0"
   }
  },
  {
   "type": "Feature",
   "geometry": {
    "type": "Polygon",
    "coordinates": [
     [[158879.43,6833218.29],[158896.68,6833202.87],[158951.21,6833208.6],[158999.94,6833183.13],[158998.25,6833156.68],[158974.84,6833147.02],[158989.91,6833123.25],[158938.17,6833075.98],[158939.31,6833045.19],[158866.08,6833037.23],[158858.95,6833063.39],[158868.02,6833111.0],[158845.69,6833137.18],[158677.9,6833187.74],[158679.3,6833202.02],[158696.45,6833208.65],[158758.21,6833222.21],[158791.19,6833219.33],[158836.39,6833227.87],[158879.43,6833218.29]]
    ]
   },
   "properties": {
    "name": null,
    "levelM": 1284.2,
    "n50Hoyde": 1284,
    "levelSource": "lidar water surface (p99 of DTM1 inside the lake) if above N50 hoyde",
    "areaKm2": 0.029,
    "lakeNo": 30405,
    "nameSource": null,
    "source": "N50 Kartdata, Kartverket, CC BY 4.0"
   }
  },
  {
   "type": "Feature",
   "geometry": {
    "type": "Polygon",
    "coordinates": [
     [[162455.26,6827684.73],[162522.87,6827687.72],[162573.8,6827639.5],[162591.27,6827594.42],[162665.86,6827567.95],[162665.5,6827557.81],[162591.68,6827530.17],[162546.47,6827528.01],[162490.84,6827533.05],[162465.03,6827547.84],[162421.19,6827555.27],[162426.0,6827578.3],[162408.88,6827594.43],[162425.8,6827603.84],[162423.06,6827648.22],[162382.94,6827678.37],[162393.05,6827711.68],[162420.87,6827710.15],[162455.26,6827684.73]]
    ]
   },
   "properties": {
    "name": null,
    "levelM": 1715.4,
    "n50Hoyde": 1715,
    "levelSource": "lidar water surface (p99 of DTM1 inside the lake) if above N50 hoyde",
    "areaKm2": 0.028,
    "lakeNo": 30456,
    "nameSource": null,
    "source": "N50 Kartdata, Kartverket, CC BY 4.0"
   }
  },
  {
   "type": "Feature",
   "geometry": {
    "type": "Polygon",
    "coordinates": [
     [[171292.17,6842525.13],[171338.31,6842523.12],[171355.12,6842513.39],[171377.83,6842517.19],[171404.88,6842497.21],[171394.66,6842457.22],[171369.15,6842452.83],[171310.65,6842396.66],[171308.12,6842375.6],[171320.13,6842344.59],[171280.4,6842325.12],[171274.64,6842335.89],[171221.1,6842365.7],[171210.88,6842411.66],[171182.53,6842478.4],[171209.93,6842519.27],[171256.49,6842537.05],[171292.17,6842525.13]]
    ]
   },
   "properties": {
    "name": "Hellertjønne",
    "levelM": 1360.6,
    "n50Hoyde": 1360,
    "levelSource": "lidar water surface (p99 of DTM1 inside the lake) if above N50 hoyde",
    "areaKm2": 0.027,
    "lakeNo": 30346,
    "nameSource": "SSR",
    "source": "N50 Kartdata, Kartverket, CC BY 4.0"
   }
  },
  {
   "type": "Feature",
   "geometry": {
    "type": "Polygon",
    "coordinates": [
     [[174500.21,6834670.2],[174496.54,6834642.93],[174520.8,6834623.33],[174508.75,6834613.06],[174488.62,6834613.15],[174487.51,6834600.9],[174494.84,6834588.89],[174529.33,6834586.96],[174551.06,6834563.78],[174538.25,6834549.65],[174500.6,6834553.18],[174496.72,6834526.87],[174506.86,6834510.58],[174546.99,6834508.63],[174548.21,6834490.04],[174566.58,6834476.0],[174548.9,6834415.0],[174525.67,6834413.56],[174502.95,6834423.6],[174499.5,6834444.57],[174472.24,6834446.87],[174470.82,6834459.63],[174444.02,6834476.96],[174414.71,6834510.71],[174420.08,6834564.1],[174409.52,6834584.96],[174383.22,6834599.57],[174371.38,6834627.87],[174401.84,6834685.97],[174466.35,6834660.99],[174500.21,6834670.2]]
    ]
   },
   "properties": {
    "name": "Hosketjønnin",
    "levelM": 966.5,
    "n50Hoyde": 966,
    "levelSource": "lidar water surface (p99 of DTM1 inside the lake) if above N50 hoyde",
    "areaKm2": 0.026,
    "lakeNo": 32528,
    "nameSource": "SSR",
    "source": "N50 Kartdata, Kartverket, CC BY 4.0"
   }
  },
  {
   "type": "Feature",
   "geometry": {
    "type": "Polygon",
    "coordinates": [
     [[158801.14,6829344.22],[158841.86,6829230.96],[158864.01,6829192.09],[158869.98,6829156.63],[158828.99,6829140.38],[158822.12,6829124.52],[158769.9,6829121.77],[158743.05,6829171.5],[158737.49,6829195.11],[158748.78,6829245.9],[158742.82,6829250.58],[158728.2,6829242.2],[158719.84,6829251.24],[158716.59,6829312.61],[158700.18,6829381.14],[158704.48,6829394.07],[158740.22,6829400.49],[158801.14,6829344.22]]
    ]
   },
   "properties": {
    "name": null,
    "levelM": 1649.26,
    "n50Hoyde": 1649,
    "levelSource": "lidar water surface (p99 of DTM1 inside the lake) if above N50 hoyde",
    "areaKm2": 0.026,
    "lakeNo": 85347,
    "nameSource": null,
    "source": "N50 Kartdata, Kartverket, CC BY 4.0"
   }
  },
  {
   "type": "Feature",
   "geometry": {
    "type": "Polygon",
    "coordinates": [
     [[171068.37,6832599.24],[171105.29,6832554.55],[171105.65,6832490.94],[171061.15,6832436.64],[171018.96,6832448.65],[170999.44,6832482.14],[170950.24,6832483.77],[170932.46,6832501.11],[170930.59,6832567.3],[170942.51,6832608.72],[170988.19,6832625.08],[171024.79,6832627.57],[171068.37,6832599.24]]
    ]
   },
   "properties": {
    "name": null,
    "levelM": 984.1,
    "n50Hoyde": 984,
    "levelSource": "lidar water surface (p99 of DTM1 inside the lake) if above N50 hoyde",
    "areaKm2": 0.024,
    "lakeNo": 30400,
    "nameSource": null,
    "source": "N50 Kartdata, Kartverket, CC BY 4.0"
   }
  },
  {
   "type": "Feature",
   "geometry": {
    "type": "Polygon",
    "coordinates": [
     [[175062.35,6839588.4],[175080.29,6839562.67],[175090.19,6839530.4],[175078.48,6839456.94],[175067.22,6839443.57],[175052.97,6839452.64],[175033.45,6839441.64],[174985.5,6839367.32],[174966.44,6839365.16],[174941.97,6839388.98],[174930.18,6839419.53],[174928.83,6839446.21],[174941.16,6839498.49],[174960.49,6839526.69],[175040.59,6839601.48],[175062.35,6839588.4]]
    ]
   },
   "properties": {
    "name": "Besstrondtjønnin",
    "levelM": 1213.29,
    "n50Hoyde": 1213,
    "levelSource": "lidar water surface (p99 of DTM1 inside the lake) if above N50 hoyde",
    "areaKm2": 0.023,
    "lakeNo": 32484,
    "nameSource": "SSR",
    "source": "N50 Kartdata, Kartverket, CC BY 4.0"
   }
  },
  {
   "type": "Feature",
   "geometry": {
    "type": "Polygon",
    "coordinates": [
     [[165845.61,6830407.37],[165865.65,6830379.39],[165859.32,6830347.29],[165803.49,6830333.68],[165776.68,6830339.28],[165745.55,6830324.5],[165650.54,6830343.94],[165651.96,6830375.95],[165674.42,6830389.53],[165668.34,6830413.87],[165673.84,6830436.1],[165683.54,6830441.35],[165716.62,6830436.13],[165751.66,6830454.61],[165768.79,6830453.33],[165845.61,6830407.37]]
    ]
   },
   "properties": {
    "name": null,
    "levelM": 1591.7,
    "n50Hoyde": 1591,
    "levelSource": "lidar water surface (p99 of DTM1 inside the lake) if above N50 hoyde",
    "areaKm2": 0.02,
    "lakeNo": 30431,
    "nameSource": null,
    "source": "N50 Kartdata, Kartverket, CC BY 4.0"
   }
  },
  {
   "type": "Feature",
   "geometry": {
    "type": "Polygon",
    "coordinates": [
     [[172024.53,6829613.57],[172020.17,6829534.45],[172031.73,6829513.29],[172030.0,6829483.61],[172017.05,6829464.26],[172013.78,6829430.46],[171977.82,6829393.57],[171936.79,6829374.85],[171928.12,6829405.74],[171925.89,6829505.96],[171973.56,6829581.55],[171991.12,6829631.02],[172002.03,6829636.42],[172024.53,6829613.57]]
    ]
   },
   "properties": {
    "name": null,
    "levelM": 1319.6,
    "n50Hoyde": 1319,
    "levelSource": "lidar water surface (p99 of DTM1 inside the lake) if above N50 hoyde",
    "areaKm2": 0.018,
    "lakeNo": 85343,
    "nameSource": null,
    "source": "N50 Kartdata, Kartverket, CC BY 4.0"
   }
  },
  {
   "type": "Feature",
   "geometry": {
    "type": "Polygon",
    "coordinates": [
     [[167279.59,6831923.08],[167281.44,6831876.92],[167299.59,6831866.99],[167290.21,6831850.49],[167277.91,6831858.0],[167269.3,6831851.69],[167267.4,6831817.32],[167283.32,6831815.21],[167311.65,6831829.29],[167333.97,6831812.97],[167274.36,6831734.42],[167264.71,6831751.19],[167246.15,6831745.45],[167237.83,6831750.67],[167231.66,6831774.34],[167200.4,6831761.85],[167186.24,6831772.92],[167192.63,6831793.45],[167240.02,6831825.05],[167251.28,6831862.05],[167248.58,6831880.12],[167212.78,6831915.19],[167209.8,6831880.8],[167182.94,6831840.65],[167169.57,6831878.61],[167184.75,6831940.92],[167215.86,6831946.73],[167232.53,6831930.67],[167241.84,6831946.87],[167256.78,6831946.95],[167279.59,6831923.08]]
    ]
   },
   "properties": {
    "name": null,
    "levelM": 1034.6,
    "n50Hoyde": 1034,
    "levelSource": "lidar water surface (p99 of DTM1 inside the lake) if above N50 hoyde",
    "areaKm2": 0.016,
    "lakeNo": 85313,
    "nameSource": null,
    "source": "N50 Kartdata, Kartverket, CC BY 4.0"
   }
  },
  {
   "type": "Feature",
   "geometry": {
    "type": "Polygon",
    "coordinates": [
     [[169299.15,6830340.49],[169373.68,6830332.8],[169381.55,6830276.91],[169327.99,6830243.43],[169306.17,6830247.16],[169276.46,6830238.33],[169238.25,6830277.48],[169240.51,6830307.26],[169229.51,6830330.33],[169235.08,6830371.92],[169260.9,6830375.04],[169299.15,6830340.49]]
    ]
   },
   "properties": {
    "name": null,
    "levelM": 1095.1,
    "n50Hoyde": 1095,
    "levelSource": "lidar water surface (p99 of DTM1 inside the lake) if above N50 hoyde",
    "areaKm2": 0.014,
    "lakeNo": 85332,
    "nameSource": null,
    "source": "N50 Kartdata, Kartverket, CC BY 4.0"
   }
  },
  {
   "type": "Feature",
   "geometry": {
    "type": "Polygon",
    "coordinates": [
     [[156573.04,6833452.91],[156585.28,6833436.45],[156603.12,6833443.05],[156643.52,6833440.1],[156673.55,6833465.63],[156689.92,6833458.05],[156673.53,6833408.09],[156664.65,6833402.54],[156647.02,6833412.07],[156633.1,6833407.49],[156628.13,6833389.08],[156609.67,6833370.55],[156564.66,6833375.0],[156561.95,6833388.26],[156530.83,6833388.04],[156475.09,6833334.37],[156462.73,6833334.04],[156472.03,6833343.92],[156491.23,6833416.65],[156507.66,6833438.7],[156534.44,6833459.9],[156594.96,6833487.48],[156573.04,6833452.91]]
    ]
   },
   "properties": {
    "name": null,
    "levelM": 1346.1,
    "n50Hoyde": 1346,
    "levelSource": "lidar water surface (p99 of DTM1 inside the lake) if above N50 hoyde",
    "areaKm2": 0.013,
    "lakeNo": 80624,
    "nameSource": null,
    "source": "N50 Kartdata, Kartverket, CC BY 4.0"
   }
  },
  {
   "type": "Feature",
   "geometry": {
    "type": "Polygon",
    "coordinates": [
     [[161325.75,6842778.08],[161326.21,6842755.79],[161340.14,6842725.45],[161321.05,6842707.87],[161319.95,6842691.73],[161308.09,6842697.22],[161245.77,6842693.67],[161219.37,6842731.81],[161195.89,6842731.45],[161188.81,6842754.4],[161196.25,6842769.72],[161211.18,6842776.77],[161204.77,6842795.41],[161227.02,6842821.67],[161293.52,6842807.02],[161325.75,6842778.08]]
    ]
   },
   "properties": {
    "name": null,
    "levelM": 1553.1,
    "n50Hoyde": 1553,
    "levelSource": "lidar water surface (p99 of DTM1 inside the lake) if above N50 hoyde",
    "areaKm2": 0.013,
    "lakeNo": 86765,
    "nameSource": null,
    "source": "N50 Kartdata, Kartverket, CC BY 4.0"
   }
  },
  {
   "type": "Feature",
   "geometry": {
    "type": "Polygon",
    "coordinates": [
     [[165623.86,6828453.6],[165620.17,6828370.23],[165577.62,6828311.58],[165564.88,6828308.88],[165522.13,6828355.47],[165509.39,6828402.09],[165552.47,6828451.29],[165583.87,6828459.25],[165588.35,6828493.59],[165600.63,6828498.28],[165623.86,6828453.6]]
    ]
   },
   "properties": {
    "name": null,
    "levelM": 1667.1,
    "n50Hoyde": 1667,
    "levelSource": "lidar water surface (p99 of DTM1 inside the lake) if above N50 hoyde",
    "areaKm2": 0.013,
    "lakeNo": 85370,
    "nameSource": null,
    "source": "N50 Kartdata, Kartverket, CC BY 4.0"
   }
  },
  {
   "type": "Feature",
   "geometry": {
    "type": "Polygon",
    "coordinates": [
     [[156637.18,6833712.82],[156718.01,6833703.59],[156737.78,6833681.94],[156734.67,6833659.17],[156709.97,6833656.21],[156631.62,6833624.57],[156610.21,6833635.3],[156586.32,6833627.57],[156570.05,6833665.12],[156554.38,6833673.23],[156549.28,6833687.04],[156565.19,6833710.26],[156563.33,6833724.63],[156576.74,6833724.32],[156578.13,6833735.77],[156588.21,6833737.4],[156637.18,6833712.82]]
    ]
   },
   "properties": {
    "name": null,
    "levelM": 1334.1,
    "n50Hoyde": 1334,
    "levelSource": "lidar water surface (p99 of DTM1 inside the lake) if above N50 hoyde",
    "areaKm2": 0.013,
    "lakeNo": 85263,
    "nameSource": null,
    "source": "N50 Kartdata, Kartverket, CC BY 4.0"
   }
  },
  {
   "type": "Feature",
   "geometry": {
    "type": "Polygon",
    "coordinates": [
     [[161665.63,6842783.14],[161684.03,6842782.16],[161706.71,6842768.02],[161717.11,6842750.25],[161712.57,6842730.61],[161681.59,6842715.03],[161663.01,6842694.39],[161610.54,6842669.21],[161541.9,6842676.12],[161538.34,6842705.74],[161589.44,6842734.4],[161614.92,6842764.78],[161626.61,6842764.68],[161617.93,6842795.67],[161621.84,6842804.37],[161634.83,6842805.39],[161665.63,6842783.14]]
    ]
   },
   "properties": {
    "name": null,
    "levelM": 1549.5,
    "n50Hoyde": 1549,
    "levelSource": "lidar water surface (p99 of DTM1 inside the lake) if above N50 hoyde",
    "areaKm2": 0.013,
    "lakeNo": 86766,
    "nameSource": null,
    "source": "N50 Kartdata, Kartverket, CC BY 4.0"
   }
  },
  {
   "type": "Feature",
   "geometry": {
    "type": "Polygon",
    "coordinates": [
     [[157976.07,6837030.82],[157988.6,6837006.2],[157977.18,6836922.75],[157987.72,6836906.79],[157984.88,6836893.47],[157970.96,6836894.58],[157915.54,6836928.13],[157870.91,6836967.17],[157870.39,6836980.12],[157898.74,6837033.97],[157895.62,6837048.5],[157934.93,6837057.08],[157976.07,6837030.82]]
    ]
   },
   "properties": {
    "name": null,
    "levelM": 1616.2,
    "n50Hoyde": 1616,
    "levelSource": "lidar water surface (p99 of DTM1 inside the lake) if above N50 hoyde",
    "areaKm2": 0.013,
    "lakeNo": 86853,
    "nameSource": null,
    "source": "N50 Kartdata, Kartverket, CC BY 4.0"
   }
  },
  {
   "type": "Feature",
   "geometry": {
    "type": "Polygon",
    "coordinates": [
     [[171920.97,6837706.66],[171945.94,6837662.47],[171941.07,6837618.55],[171921.51,6837591.9],[171883.35,6837582.01],[171862.19,6837600.89],[171850.85,6837642.15],[171865.53,6837761.45],[171876.5,6837772.16],[171903.92,6837715.3],[171920.97,6837706.66]]
    ]
   },
   "properties": {
    "name": null,
    "levelM": 1357.7,
    "n50Hoyde": 1357,
    "levelSource": "lidar water surface (p99 of DTM1 inside the lake) if above N50 hoyde",
    "areaKm2": 0.011,
    "lakeNo": 86844,
    "nameSource": null,
    "source": "N50 Kartdata, Kartverket, CC BY 4.0"
   }
  },
  {
   "type": "Feature",
   "geometry": {
    "type": "Polygon",
    "coordinates": [
     [[170921.42,6832169.19],[170920.6,6832114.87],[170941.25,6832087.92],[170963.86,6832079.57],[171031.79,6832078.24],[171048.66,6832060.48],[171045.89,6832053.87],[171012.15,6832048.52],[170987.9,6832031.26],[170964.12,6832033.0],[170879.13,6832091.99],[170856.14,6832119.58],[170853.12,6832142.07],[170870.49,6832187.91],[170909.72,6832190.49],[170921.42,6832169.19]]
    ]
   },
   "properties": {
    "name": null,
    "levelM": 980.6,
    "n50Hoyde": 980,
    "levelSource": "lidar water surface (p99 of DTM1 inside the lake) if above N50 hoyde",
    "areaKm2": 0.011,
    "lakeNo": 85302,
    "nameSource": null,
    "source": "N50 Kartdata, Kartverket, CC BY 4.0"
   }
  },
  {
   "type": "Feature",
   "geometry": {
    "type": "Polygon",
    "coordinates": [
     [[166874.6,6831574.67],[166963.33,6831526.45],[166968.34,6831500.54],[166961.26,6831487.37],[166933.84,6831491.32],[166891.34,6831467.21],[166881.57,6831486.65],[166832.83,6831504.68],[166833.66,6831511.76],[166849.56,6831518.09],[166819.99,6831541.57],[166820.75,6831559.84],[166842.71,6831570.72],[166848.06,6831590.72],[166858.12,6831593.19],[166874.6,6831574.67]]
    ]
   },
   "properties": {
    "name": null,
    "levelM": 1034.22,
    "n50Hoyde": 1034,
    "levelSource": "lidar water surface (p99 of DTM1 inside the lake) if above N50 hoyde",
    "areaKm2": 0.01,
    "lakeNo": 85317,
    "nameSource": null,
    "source": "N50 Kartdata, Kartverket, CC BY 4.0"
   }
  },
  {
   "type": "Feature",
   "geometry": {
    "type": "Polygon",
    "coordinates": [
     [[160506.45,6835934.47],[160516.87,6835907.88],[160405.91,6835924.13],[160368.76,6835991.72],[160387.21,6836000.21],[160508.56,6835994.29],[160506.45,6835934.47]]
    ]
   },
   "properties": {
    "name": null,
    "levelM": 1505.1,
    "n50Hoyde": 1505,
    "levelSource": "lidar water surface (p99 of DTM1 inside the lake) if above N50 hoyde",
    "areaKm2": 0.01,
    "lakeNo": 86863,
    "nameSource": null,
    "source": "N50 Kartdata, Kartverket, CC BY 4.0"
   }
  },
  {
   "type": "Feature",
   "geometry": {
    "type": "Polygon",
    "coordinates": [
     [[163096.47,6842651.01],[163113.07,6842635.93],[163115.32,6842603.53],[163134.24,6842561.01],[163122.02,6842537.62],[163090.79,6842533.69],[163069.25,6842548.97],[163076.32,6842557.15],[163067.67,6842566.7],[163043.08,6842573.34],[163026.99,6842602.76],[163030.32,6842621.09],[163049.02,6842648.19],[163061.69,6842640.57],[163079.5,6842678.83],[163100.46,6842680.23],[163096.47,6842651.01]]
    ]
   },
   "properties": {
    "name": null,
    "levelM": 1500.1,
    "n50Hoyde": 1500,
    "levelSource": "lidar water surface (p99 of DTM1 inside the lake) if above N50 hoyde",
    "areaKm2": 0.009,
    "lakeNo": 86770,
    "nameSource": null,
    "source": "N50 Kartdata, Kartverket, CC BY 4.0"
   }
  },
  {
   "type": "Feature",
   "geometry": {
    "type": "Polygon",
    "coordinates": [
     [[161149.81,6836565.44],[161145.86,6836518.22],[161152.04,6836507.2],[161141.6,6836494.16],[161113.33,6836492.37],[161100.54,6836438.85],[161075.05,6836418.26],[161066.09,6836421.58],[161060.18,6836451.78],[161070.96,6836505.68],[161065.91,6836519.93],[161105.37,6836584.4],[161132.48,6836589.43],[161149.81,6836565.44]]
    ]
   },
   "properties": {
    "name": null,
    "levelM": 1586.8,
    "n50Hoyde": 1586,
    "levelSource": "lidar water surface (p99 of DTM1 inside the lake) if above N50 hoyde",
    "areaKm2": 0.009,
    "lakeNo": 86858,
    "nameSource": null,
    "source": "N50 Kartdata, Kartverket, CC BY 4.0"
   }
  },
  {
   "type": "Feature",
   "geometry": {
    "type": "Polygon",
    "coordinates": [
     [[160662.95,6838856.73],[160680.54,6838831.39],[160673.61,6838817.32],[160641.02,6838813.69],[160553.13,6838850.25],[160525.81,6838876.01],[160527.88,6838895.12],[160537.46,6838904.05],[160574.99,6838914.09],[160593.18,6838911.23],[160662.95,6838856.73]]
    ]
   },
   "properties": {
    "name": null,
    "levelM": 1781.1,
    "n50Hoyde": 1781,
    "levelSource": "lidar water surface (p99 of DTM1 inside the lake) if above N50 hoyde",
    "areaKm2": 0.009,
    "lakeNo": 86836,
    "nameSource": null,
    "source": "N50 Kartdata, Kartverket, CC BY 4.0"
   }
  },
  {
   "type": "Feature",
   "geometry": {
    "type": "Polygon",
    "coordinates": [
     [[156130.4,6842875.55],[156158.81,6842807.42],[156156.16,6842795.19],[156122.42,6842795.4],[156061.29,6842816.64],[156047.13,6842844.17],[156050.31,6842878.34],[156070.61,6842889.47],[156061.53,6842909.47],[156097.99,6842909.95],[156130.4,6842875.55]]
    ]
   },
   "properties": {
    "name": null,
    "levelM": 1997.6,
    "n50Hoyde": 1997,
    "levelSource": "lidar water surface (p99 of DTM1 inside the lake) if above N50 hoyde",
    "areaKm2": 0.009,
    "lakeNo": 265594,
    "nameSource": null,
    "source": "N50 Kartdata, Kartverket, CC BY 4.0"
   }
  },
  {
   "type": "Feature",
   "geometry": {
    "type": "Polygon",
    "coordinates": [
     [[169917.72,6838105.94],[169933.9,6838107.51],[169943.61,6838090.09],[169940.11,6838046.82],[169908.15,6838030.51],[169904.21,6838017.99],[169855.17,6838032.28],[169848.83,6838041.33],[169851.34,6838095.62],[169831.55,6838111.83],[169857.47,6838126.05],[169896.99,6838124.41],[169917.72,6838105.94]]
    ]
   },
   "properties": {
    "name": null,
    "levelM": 1482.8,
    "n50Hoyde": 1482,
    "levelSource": "lidar water surface (p99 of DTM1 inside the lake) if above N50 hoyde",
    "areaKm2": 0.008,
    "lakeNo": 86839,
    "nameSource": null,
    "source": "N50 Kartdata, Kartverket, CC BY 4.0"
   }
  },
  {
   "type": "Feature",
   "geometry": {
    "type": "Polygon",
    "coordinates": [
     [[167419.69,6831824.3],[167397.37,6831792.71],[167388.91,6831741.66],[167409.31,6831728.11],[167497.91,6831726.4],[167573.78,6831673.07],[167576.53,6831651.63],[167541.49,6831672.05],[167475.87,6831692.41],[167403.75,6831701.4],[167382.5,6831721.44],[167368.09,6831745.12],[167383.83,6831791.62],[167373.56,6831810.73],[167401.39,6831837.98],[167412.83,6831839.45],[167419.69,6831824.3]]
    ]
   },
   "properties": {
    "name": null,
    "levelM": 1034.64,
    "n50Hoyde": 1034,
    "levelSource": "lidar water surface (p99 of DTM1 inside the lake) if above N50 hoyde",
    "areaKm2": 0.008,
    "lakeNo": 85311,
    "nameSource": null,
    "source": "N50 Kartdata, Kartverket, CC BY 4.0"
   }
  },
  {
   "type": "Feature",
   "geometry": {
    "type": "Polygon",
    "coordinates": [
     [[157991.59,6838216.55],[157975.25,6838200.89],[157985.89,6838169.51],[157971.15,6838120.5],[157931.35,6838102.57],[157895.11,6838075.02],[157891.53,6838103.91],[157909.73,6838168.51],[157946.3,6838198.89],[157954.98,6838230.39],[157978.65,6838234.12],[157991.59,6838216.55]]
    ]
   },
   "properties": {
    "name": null,
    "levelM": 1826.7,
    "n50Hoyde": 1826,
    "levelSource": "lidar water surface (p99 of DTM1 inside the lake) if above N50 hoyde",
    "areaKm2": 0.008,
    "lakeNo": 289552,
    "nameSource": null,
    "source": "N50 Kartdata, Kartverket, CC BY 4.0"
   }
  },
  {
   "type": "Feature",
   "geometry": {
    "type": "Polygon",
    "coordinates": [
     [[157688.73,6833367.58],[157675.65,6833356.96],[157677.45,6833342.97],[157721.8,6833329.18],[157733.82,6833301.51],[157724.88,6833268.8],[157675.28,6833270.57],[157651.69,6833303.61],[157652.45,6833333.77],[157601.44,6833335.56],[157592.42,6833344.13],[157607.22,6833365.78],[157632.23,6833375.37],[157677.79,6833374.42],[157688.73,6833367.58]]
    ]
   },
   "properties": {
    "name": null,
    "levelM": 1369.1,
    "n50Hoyde": 1369,
    "levelSource": "lidar water surface (p99 of DTM1 inside the lake) if above N50 hoyde",
    "areaKm2": 0.008,
    "lakeNo": 85277,
    "nameSource": null,
    "source": "N50 Kartdata, Kartverket, CC BY 4.0"
   }
  },
  {
   "type": "Feature",
   "geometry": {
    "type": "Polygon",
    "coordinates": [
     [[165755.19,6828734.52],[165736.58,6828658.06],[165719.53,6828646.15],[165708.82,6828597.93],[165688.76,6828595.44],[165678.71,6828619.98],[165680.18,6828682.85],[165706.41,6828712.27],[165709.16,6828777.55],[165747.55,6828755.84],[165755.19,6828734.52]]
    ]
   },
   "properties": {
    "name": null,
    "levelM": 1668.4,
    "n50Hoyde": 1668,
    "levelSource": "lidar water surface (p99 of DTM1 inside the lake) if above N50 hoyde",
    "areaKm2": 0.008,
    "lakeNo": 292634,
    "nameSource": null,
    "source": "N50 Kartdata, Kartverket, CC BY 4.0"
   }
  },
  {
   "type": "Feature",
   "geometry": {
    "type": "Polygon",
    "coordinates": [
     [[169488.13,6830073.98],[169501.48,6830065.83],[169506.23,6830018.93],[169478.14,6829979.76],[169457.32,6829976.44],[169433.77,6829932.04],[169421.26,6829925.85],[169413.39,6829935.06],[169414.6,6829957.05],[169439.09,6829998.39],[169437.1,6830026.11],[169447.56,6830063.05],[169461.25,6830097.97],[169485.22,6830093.43],[169488.13,6830073.98]]
    ]
   },
   "properties": {
    "name": null,
    "levelM": 1096.3,
    "n50Hoyde": 1096,
    "levelSource": "lidar water surface (p99 of DTM1 inside the lake) if above N50 hoyde",
    "areaKm2": 0.008,
    "lakeNo": 85334,
    "nameSource": null,
    "source": "N50 Kartdata, Kartverket, CC BY 4.0"
   }
  },
  {
   "type": "Feature",
   "geometry": {
    "type": "Polygon",
    "coordinates": [
     [[158469.72,6833026.82],[158480.98,6833024.07],[158483.36,6833002.09],[158551.74,6832971.84],[158582.92,6832948.12],[158538.89,6832927.95],[158537.71,6832892.77],[158525.49,6832879.2],[158514.91,6832923.42],[158500.14,6832941.57],[158448.33,6832962.06],[158458.69,6832985.43],[158478.27,6832999.49],[158428.73,6833025.57],[158426.5,6833044.1],[158461.84,6833040.68],[158469.72,6833026.82]]
    ]
   },
   "properties": {
    "name": null,
    "levelM": 1286.2,
    "n50Hoyde": 1286,
    "levelSource": "lidar water surface (p99 of DTM1 inside the lake) if above N50 hoyde",
    "areaKm2": 0.008,
    "lakeNo": 85284,
    "nameSource": null,
    "source": "N50 Kartdata, Kartverket, CC BY 4.0"
   }
  },
  {
   "type": "Feature",
   "geometry": {
    "type": "Polygon",
    "coordinates": [
     [[162350.87,6843231.74],[162339.3,6843213.59],[162343.68,6843198.4],[162310.39,6843135.32],[162274.09,6843147.45],[162278.13,6843166.49],[162265.98,6843190.62],[162263.48,6843239.15],[162252.25,6843253.8],[162315.41,6843256.75],[162350.87,6843231.74]]
    ]
   },
   "properties": {
    "name": null,
    "levelM": 1511.7,
    "n50Hoyde": 1511,
    "levelSource": "lidar water surface (p99 of DTM1 inside the lake) if above N50 hoyde",
    "areaKm2": 0.008,
    "lakeNo": 86759,
    "nameSource": null,
    "source": "N50 Kartdata, Kartverket, CC BY 4.0"
   }
  },
  {
   "type": "Feature",
   "geometry": {
    "type": "Polygon",
    "coordinates": [
     [[166599.2,6832113.41],[166612.26,6832060.99],[166599.18,6832030.06],[166569.33,6832016.87],[166539.28,6832027.11],[166526.4,6832077.97],[166551.6,6832133.72],[166570.54,6832145.27],[166599.2,6832113.41]]
    ]
   },
   "properties": {
    "name": null,
    "levelM": 1034.1,
    "n50Hoyde": 1034,
    "levelSource": "lidar water surface (p99 of DTM1 inside the lake) if above N50 hoyde",
    "areaKm2": 0.008,
    "lakeNo": 30409,
    "nameSource": null,
    "source": "N50 Kartdata, Kartverket, CC BY 4.0"
   }
  },
  {
   "type": "Feature",
   "geometry": {
    "type": "Polygon",
    "coordinates": [
     [[162701.06,6827502.3],[162720.72,6827494.44],[162696.62,6827487.51],[162688.37,6827508.43],[162670.25,6827499.37],[162669.66,6827489.8],[162696.18,6827476.5],[162692.7,6827467.03],[162679.35,6827466.63],[162678.07,6827444.46],[162691.55,6827411.72],[162667.99,6827391.99],[162619.04,6827410.12],[162588.54,6827441.11],[162592.89,6827462.16],[162608.75,6827468.67],[162621.05,6827464.37],[162621.47,6827454.25],[162638.11,6827438.85],[162658.62,6827437.96],[162659.44,6827466.49],[162635.63,6827494.17],[162633.19,6827515.54],[162643.09,6827531.05],[162696.35,6827518.67],[162701.06,6827502.3]]
    ]
   },
   "properties": {
    "name": null,
    "levelM": 1715.1,
    "n50Hoyde": 1715,
    "levelSource": "lidar water surface (p99 of DTM1 inside the lake) if above N50 hoyde",
    "areaKm2": 0.007,
    "lakeNo": 292632,
    "nameSource": null,
    "source": "N50 Kartdata, Kartverket, CC BY 4.0"
   }
  },
  {
   "type": "Feature",
   "geometry": {
    "type": "Polygon",
    "coordinates": [
     [[155958.72,6833734.85],[155986.2,6833693.96],[155987.48,6833677.64],[155953.8,6833660.38],[155948.53,6833633.61],[155926.23,6833608.25],[155904.0,6833613.13],[155904.0,6833736.29],[155958.72,6833734.85]]
    ]
   },
   "properties": {
    "name": null,
    "levelM": 1344.73,
    "n50Hoyde": 1344,
    "levelSource": "lidar water surface (p99 of DTM1 inside the lake) if above N50 hoyde",
    "areaKm2": 0.007,
    "lakeNo": 30401,
    "nameSource": null,
    "source": "N50 Kartdata, Kartverket, CC BY 4.0"
   }
  },
  {
   "type": "Feature",
   "geometry": {
    "type": "Polygon",
    "coordinates": [
     [[176206.19,6833445.96],[176263.35,6833443.11],[176300.02,6833459.47],[176313.78,6833449.59],[176294.1,6833430.55],[176261.69,6833372.44],[176242.2,6833364.32],[176229.05,6833378.38],[176225.75,6833398.87],[176142.05,6833449.44],[176138.22,6833466.24],[176151.94,6833469.84],[176206.19,6833445.96]]
    ]
   },
   "properties": {
    "name": null,
    "levelM": 1125.7,
    "n50Hoyde": 1125,
    "levelSource": "lidar water surface (p99 of DTM1 inside the lake) if above N50 hoyde",
    "areaKm2": 0.007,
    "lakeNo": 85273,
    "nameSource": null,
    "source": "N50 Kartdata, Kartverket, CC BY 4.0"
   }
  },
  {
   "type": "Feature",
   "geometry": {
    "type": "Polygon",
    "coordinates": [
     [[166457.28,6831814.38],[166496.88,6831809.12],[166532.7,6831785.53],[166621.93,6831752.27],[166605.29,6831746.72],[166494.11,6831761.87],[166383.19,6831792.9],[166392.4,6831806.23],[166425.1,6831812.21],[166429.43,6831831.38],[166442.68,6831833.65],[166457.28,6831814.38]]
    ]
   },
   "properties": {
    "name": null,
    "levelM": 1034.1,
    "n50Hoyde": 1034,
    "levelSource": "lidar water surface (p99 of DTM1 inside the lake) if above N50 hoyde",
    "areaKm2": 0.007,
    "lakeNo": 85312,
    "nameSource": null,
    "source": "N50 Kartdata, Kartverket, CC BY 4.0"
   }
  },
  {
   "type": "Feature",
   "geometry": {
    "type": "Polygon",
    "coordinates": [
     [[156183.7,6833709.82],[156167.29,6833695.16],[156091.19,6833662.59],[156055.35,6833660.34],[156052.07,6833673.44],[156032.58,6833683.55],[156014.73,6833706.83],[156022.86,6833719.02],[156036.53,6833722.81],[156075.28,6833718.08],[156181.56,6833726.92],[156183.7,6833709.82]]
    ]
   },
   "properties": {
    "name": null,
    "levelM": 1343.43,
    "n50Hoyde": 1343,
    "levelSource": "lidar water surface (p99 of DTM1 inside the lake) if above N50 hoyde",
    "areaKm2": 0.007,
    "lakeNo": 85264,
    "nameSource": null,
    "source": "N50 Kartdata, Kartverket, CC BY 4.0"
   }
  },
  {
   "type": "Feature",
   "geometry": {
    "type": "Polygon",
    "coordinates": [
     [[170847.31,6839473.31],[170840.91,6839450.66],[170874.02,6839464.39],[170877.69,6839443.03],[170835.85,6839406.2],[170808.84,6839356.93],[170790.36,6839390.72],[170803.88,6839415.17],[170791.16,6839418.16],[170796.95,6839450.51],[170779.67,6839458.23],[170778.15,6839466.42],[170797.8,6839499.85],[170811.51,6839505.37],[170847.31,6839473.31]]
    ]
   },
   "properties": {
    "name": null,
    "levelM": 1215.1,
    "n50Hoyde": 1215,
    "levelSource": "lidar water surface (p99 of DTM1 inside the lake) if above N50 hoyde",
    "areaKm2": 0.007,
    "lakeNo": 86827,
    "nameSource": null,
    "source": "N50 Kartdata, Kartverket, CC BY 4.0"
   }
  },
  {
   "type": "Feature",
   "geometry": {
    "type": "Polygon",
    "coordinates": [
     [[168921.27,6834007.63],[168917.61,6833998.54],[168781.2,6833969.77],[168691.63,6833968.65],[168797.58,6834006.03],[168823.63,6834024.15],[168896.32,6834035.57],[168921.27,6834007.63]]
    ]
   },
   "properties": {
    "name": null,
    "levelM": 985.1,
    "n50Hoyde": 985,
    "levelSource": "lidar water surface (p99 of DTM1 inside the lake) if above N50 hoyde",
    "areaKm2": 0.007,
    "lakeNo": 85256,
    "nameSource": null,
    "source": "N50 Kartdata, Kartverket, CC BY 4.0"
   }
  },
  {
   "type": "Feature",
   "geometry": {
    "type": "Polygon",
    "coordinates": [
     [[171694.26,6828500.08],[171698.98,6828464.36],[171672.34,6828457.13],[171659.82,6828442.63],[171662.63,6828398.97],[171576.76,6828375.53],[171576.64,6828387.01],[171586.07,6828394.22],[171584.16,6828435.2],[171602.92,6828447.59],[171649.97,6828446.27],[171663.47,6828468.48],[171647.3,6828495.16],[171660.97,6828499.21],[171668.32,6828513.31],[171681.7,6828513.4],[171694.26,6828500.08]]
    ]
   },
   "properties": {
    "name": null,
    "levelM": 1307.3,
    "n50Hoyde": 1307,
    "levelSource": "lidar water surface (p99 of DTM1 inside the lake) if above N50 hoyde",
    "areaKm2": 0.007,
    "lakeNo": 85371,
    "nameSource": null,
    "source": "N50 Kartdata, Kartverket, CC BY 4.0"
   }
  },
  {
   "type": "Feature",
   "geometry": {
    "type": "Polygon",
    "coordinates": [
     [[162898.44,6842721.24],[162901.58,6842704.84],[162892.72,6842687.62],[162905.05,6842671.37],[162899.11,6842655.88],[162878.0,6842656.08],[162876.57,6842639.81],[162904.7,6842617.13],[162898.2,6842610.7],[162874.79,6842614.77],[162873.61,6842585.62],[162861.92,6842591.88],[162860.2,6842612.32],[162838.29,6842616.33],[162826.51,6842627.37],[162844.13,6842684.53],[162864.37,6842695.72],[162858.01,6842729.31],[162868.15,6842746.61],[162898.44,6842721.24]]
    ]
   },
   "properties": {
    "name": null,
    "levelM": 1502.75,
    "n50Hoyde": 1502,
    "levelSource": "lidar water surface (p99 of DTM1 inside the lake) if above N50 hoyde",
    "areaKm2": 0.006,
    "lakeNo": 265593,
    "nameSource": null,
    "source": "N50 Kartdata, Kartverket, CC BY 4.0"
   }
  },
  {
   "type": "Feature",
   "geometry": {
    "type": "Polygon",
    "coordinates": [
     [[170180.15,6838102.16],[170187.0,6838111.68],[170204.52,6838105.56],[170193.01,6838043.02],[170200.14,6838042.13],[170206.39,6838063.61],[170215.4,6838065.35],[170229.18,6838055.53],[170221.68,6838031.12],[170234.4,6838021.93],[170218.27,6837990.43],[170204.29,6838003.1],[170206.67,6838015.53],[170196.79,6838029.47],[170175.11,6838031.52],[170160.47,6838045.19],[170156.58,6838077.68],[170146.69,6838087.45],[170124.16,6838152.53],[170173.53,6838123.89],[170180.15,6838102.16]]
    ]
   },
   "properties": {
    "name": null,
    "levelM": 1470.5,
    "n50Hoyde": 1470,
    "levelSource": "lidar water surface (p99 of DTM1 inside the lake) if above N50 hoyde",
    "areaKm2": 0.006,
    "lakeNo": 86838,
    "nameSource": null,
    "source": "N50 Kartdata, Kartverket, CC BY 4.0"
   }
  },
  {
   "type": "Feature",
   "geometry": {
    "type": "Polygon",
    "coordinates": [
     [[162871.08,6827379.59],[162888.34,6827341.06],[162883.76,6827331.13],[162812.69,6827343.27],[162802.12,6827348.41],[162800.8,6827363.64],[162771.01,6827382.64],[162793.01,6827421.87],[162813.22,6827422.66],[162871.08,6827379.59]]
    ]
   },
   "properties": {
    "name": null,
    "levelM": 1707.45,
    "n50Hoyde": 1707,
    "levelSource": "lidar water surface (p99 of DTM1 inside the lake) if above N50 hoyde",
    "areaKm2": 0.006,
    "lakeNo": 85386,
    "nameSource": null,
    "source": "N50 Kartdata, Kartverket, CC BY 4.0"
   }
  },
  {
   "type": "Feature",
   "geometry": {
    "type": "Polygon",
    "coordinates": [
     [[175077.99,6835166.17],[175088.3,6835161.38],[175085.41,6835155.05],[175023.35,6835077.59],[175016.11,6835098.89],[174987.86,6835111.68],[174977.88,6835104.04],[174962.78,6835112.26],[174963.2,6835141.8],[174974.11,6835157.52],[175006.04,6835158.81],[175020.91,6835171.57],[175030.29,6835169.51],[175023.72,6835143.66],[175042.39,6835135.84],[175059.33,6835155.21],[175068.86,6835187.19],[175079.62,6835189.13],[175077.99,6835166.17]]
    ]
   },
   "properties": {
    "name": null,
    "levelM": 972.1,
    "n50Hoyde": 972,
    "levelSource": "lidar water surface (p99 of DTM1 inside the lake) if above N50 hoyde",
    "areaKm2": 0.006,
    "lakeNo": 86865,
    "nameSource": null,
    "source": "N50 Kartdata, Kartverket, CC BY 4.0"
   }
  },
  {
   "type": "Feature",
   "geometry": {
    "type": "Polygon",
    "coordinates": [
     [[157596.25,6837815.7],[157623.34,6837812.02],[157628.55,6837804.13],[157620.93,6837800.14],[157626.93,6837789.11],[157619.16,6837774.97],[157631.91,6837760.23],[157610.41,6837725.28],[157587.96,6837737.52],[157546.26,6837798.34],[157533.55,6837801.22],[157535.83,6837826.4],[157559.56,6837829.1],[157572.25,6837819.25],[157577.75,6837829.05],[157588.7,6837829.83],[157596.25,6837815.7]]
    ]
   },
   "properties": {
    "name": null,
    "levelM": 1719.0,
    "n50Hoyde": 1718,
    "levelSource": "lidar water surface (p99 of DTM1 inside the lake) if above N50 hoyde",
    "areaKm2": 0.006,
    "lakeNo": 86842,
    "nameSource": null,
    "source": "N50 Kartdata, Kartverket, CC BY 4.0"
   }
  },
  {
   "type": "Feature",
   "geometry": {
    "type": "Polygon",
    "coordinates": [
     [[169955.0,6829726.24],[169942.66,6829682.67],[169949.8,6829653.35],[169940.07,6829644.16],[169922.88,6829648.27],[169914.24,6829679.03],[169885.14,6829716.91],[169890.21,6829777.53],[169902.28,6829784.8],[169955.0,6829726.24]]
    ]
   },
   "properties": {
    "name": null,
    "levelM": 1111.21,
    "n50Hoyde": 1111,
    "levelSource": "lidar water surface (p99 of DTM1 inside the lake) if above N50 hoyde",
    "areaKm2": 0.006,
    "lakeNo": 85341,
    "nameSource": null,
    "source": "N50 Kartdata, Kartverket, CC BY 4.0"
   }
  },
  {
   "type": "Feature",
   "geometry": {
    "type": "Polygon",
    "coordinates": [
     [[161817.68,6831759.28],[161832.63,6831733.35],[161780.21,6831709.42],[161737.98,6831723.17],[161718.9,6831746.45],[161721.53,6831769.27],[161739.49,6831783.33],[161770.12,6831780.88],[161817.68,6831759.28]]
    ]
   },
   "properties": {
    "name": null,
    "levelM": 1627.07,
    "n50Hoyde": 1626,
    "levelSource": "lidar water surface (p99 of DTM1 inside the lake) if above N50 hoyde",
    "areaKm2": 0.006,
    "lakeNo": 85314,
    "nameSource": null,
    "source": "N50 Kartdata, Kartverket, CC BY 4.0"
   }
  },
  {
   "type": "Feature",
   "geometry": {
    "type": "Polygon",
    "coordinates": [
     [[160751.21,6841780.18],[160716.56,6841784.1],[160776.78,6841745.9],[160734.13,6841729.6],[160680.78,6841735.98],[160653.96,6841751.01],[160659.6,6841765.94],[160620.94,6841772.99],[160622.48,6841779.67],[160656.88,6841785.96],[160745.23,6841792.74],[160751.21,6841780.18]]
    ]
   },
   "properties": {
    "name": null,
    "levelM": 1615.2,
    "n50Hoyde": 1615,
    "levelSource": "lidar water surface (p99 of DTM1 inside the lake) if above N50 hoyde",
    "areaKm2": 0.006,
    "lakeNo": 86784,
    "nameSource": null,
    "source": "N50 Kartdata, Kartverket, CC BY 4.0"
   }
  },
  {
   "type": "Feature",
   "geometry": {
    "type": "Polygon",
    "coordinates": [
     [[158109.9,6836399.41],[158110.2,6836356.9],[158131.78,6836291.17],[158126.62,6836279.68],[158096.73,6836284.14],[158086.87,6836300.41],[158072.16,6836307.01],[158065.01,6836324.35],[158072.79,6836338.27],[158066.04,6836400.41],[158078.08,6836411.08],[158094.75,6836410.62],[158109.9,6836399.41]]
    ]
   },
   "properties": {
    "name": null,
    "levelM": 1560.8,
    "n50Hoyde": 1560,
    "levelSource": "lidar water surface (p99 of DTM1 inside the lake) if above N50 hoyde",
    "areaKm2": 0.006,
    "lakeNo": 86860,
    "nameSource": null,
    "source": "N50 Kartdata, Kartverket, CC BY 4.0"
   }
  },
  {
   "type": "Feature",
   "geometry": {
    "type": "Polygon",
    "coordinates": [
     [[157875.29,6833315.68],[157875.63,6833280.17],[157855.39,6833256.91],[157829.91,6833252.44],[157793.85,6833279.42],[157799.83,6833301.03],[157789.19,6833328.72],[157845.6,6833335.59],[157875.29,6833315.68]]
    ]
   },
   "properties": {
    "name": null,
    "levelM": 1362.1,
    "n50Hoyde": 1362,
    "levelSource": "lidar water surface (p99 of DTM1 inside the lake) if above N50 hoyde",
    "areaKm2": 0.005,
    "lakeNo": 85279,
    "nameSource": null,
    "source": "N50 Kartdata, Kartverket, CC BY 4.0"
   }
  },
  {
   "type": "Feature",
   "geometry": {
    "type": "Polygon",
    "coordinates": [
     [[174602.71,6834720.41],[174611.41,6834695.27],[174628.9,6834679.37],[174619.34,6834670.38],[174615.06,6834643.27],[174593.63,6834641.34],[174586.23,6834631.42],[174575.89,6834634.6],[174543.6,6834684.8],[174567.19,6834736.77],[174583.95,6834735.24],[174602.71,6834720.41]]
    ]
   },
   "properties": {
    "name": null,
    "levelM": 966.3,
    "n50Hoyde": 966,
    "levelSource": "lidar water surface (p99 of DTM1 inside the lake) if above N50 hoyde",
    "areaKm2": 0.005,
    "lakeNo": 86867,
    "nameSource": null,
    "source": "N50 Kartdata, Kartverket, CC BY 4.0"
   }
  },
  {
   "type": "Feature",
   "geometry": {
    "type": "Polygon",
    "coordinates": [
     [[162408.87,6827832.51],[162431.24,6827817.36],[162449.08,6827788.6],[162423.02,6827776.18],[162409.05,6827785.05],[162400.86,6827778.98],[162392.69,6827788.98],[162399.73,6827808.79],[162390.97,6827813.26],[162362.92,6827797.01],[162355.56,6827782.43],[162335.8,6827780.68],[162339.9,6827811.89],[162350.33,6827821.19],[162360.57,6827853.69],[162388.39,6827875.49],[162408.87,6827832.51]]
    ]
   },
   "properties": {
    "name": null,
    "levelM": 1717.22,
    "n50Hoyde": 1717,
    "levelSource": "lidar water surface (p99 of DTM1 inside the lake) if above N50 hoyde",
    "areaKm2": 0.005,
    "lakeNo": 85375,
    "nameSource": null,
    "source": "N50 Kartdata, Kartverket, CC BY 4.0"
   }
  },
  {
   "type": "Feature",
   "geometry": {
    "type": "Polygon",
    "coordinates": [
     [[160688.05,6836697.99],[160676.07,6836667.98],[160647.13,6836651.52],[160598.45,6836649.54],[160591.37,6836592.19],[160576.07,6836575.69],[160562.34,6836577.92],[160558.46,6836606.65],[160572.84,6836647.27],[160563.28,6836672.58],[160587.4,6836675.03],[160626.88,6836660.56],[160648.29,6836663.38],[160660.27,6836688.66],[160660.6,6836725.78],[160675.38,6836730.32],[160688.05,6836697.99]]
    ]
   },
   "properties": {
    "name": null,
    "levelM": 1387.73,
    "n50Hoyde": 1387,
    "levelSource": "lidar water surface (p99 of DTM1 inside the lake) if above N50 hoyde",
    "areaKm2": 0.005,
    "lakeNo": 86856,
    "nameSource": null,
    "source": "N50 Kartdata, Kartverket, CC BY 4.0"
   }
  },
  {
   "type": "Feature",
   "geometry": {
    "type": "Polygon",
    "coordinates": [
     [[174703.77,6835559.77],[174699.97,6835551.21],[174706.48,6835552.32],[174726.48,6835528.79],[174739.3,6835527.54],[174734.08,6835511.81],[174713.29,6835492.68],[174706.7,6835453.39],[174702.26,6835464.62],[174686.47,6835466.77],[174677.12,6835489.24],[174682.31,6835504.65],[174669.08,6835521.0],[174650.18,6835528.88],[174673.57,6835551.56],[174650.12,6835577.04],[174666.48,6835574.32],[174690.82,6835583.25],[174703.77,6835559.77]]
    ]
   },
   "properties": {
    "name": null,
    "levelM": 959.1,
    "n50Hoyde": 959,
    "levelSource": "lidar water surface (p99 of DTM1 inside the lake) if above N50 hoyde",
    "areaKm2": 0.005,
    "lakeNo": 265575,
    "nameSource": null,
    "source": "N50 Kartdata, Kartverket, CC BY 4.0"
   }
  },
  {
   "type": "Feature",
   "geometry": {
    "type": "Polygon",
    "coordinates": [
     [[156552.14,6840972.98],[156550.66,6840916.59],[156536.86,6840900.88],[156517.3,6840907.91],[156486.65,6840871.23],[156495.46,6840903.57],[156473.61,6840905.49],[156481.89,6840914.74],[156476.0,6840922.01],[156481.18,6840949.17],[156490.33,6840944.77],[156484.2,6840923.5],[156494.33,6840916.63],[156497.87,6840962.7],[156490.49,6840984.71],[156499.85,6840984.84],[156507.48,6840971.97],[156543.04,6840991.62],[156552.14,6840972.98]]
    ]
   },
   "properties": {
    "name": null,
    "levelM": 1649.16,
    "n50Hoyde": 1648,
    "levelSource": "lidar water surface (p99 of DTM1 inside the lake) if above N50 hoyde",
    "areaKm2": 0.005,
    "lakeNo": 289554,
    "nameSource": null,
    "source": "N50 Kartdata, Kartverket, CC BY 4.0"
   }
  },
  {
   "type": "Feature",
   "geometry": {
    "type": "Polygon",
    "coordinates": [
     [[173371.62,6833400.84],[173370.05,6833383.29],[173347.32,6833331.38],[173344.82,6833304.62],[173325.19,6833286.74],[173310.35,6833288.65],[173301.62,6833295.38],[173301.39,6833331.04],[173317.45,6833350.63],[173321.97,6833383.13],[173340.6,6833410.39],[173360.16,6833411.83],[173371.62,6833400.84]]
    ]
   },
   "properties": {
    "name": null,
    "levelM": 978.1,
    "n50Hoyde": 978,
    "levelSource": "lidar water surface (p99 of DTM1 inside the lake) if above N50 hoyde",
    "areaKm2": 0.005,
    "lakeNo": 85274,
    "nameSource": null,
    "source": "N50 Kartdata, Kartverket, CC BY 4.0"
   }
  },
  {
   "type": "Feature",
   "geometry": {
    "type": "Polygon",
    "coordinates": [
     [[169334.35,6830084.59],[169312.04,6830059.94],[169296.52,6830054.19],[169274.02,6830079.88],[169274.7,6830128.63],[169295.91,6830135.44],[169298.63,6830161.65],[169329.17,6830152.96],[169334.35,6830084.59]]
    ]
   },
   "properties": {
    "name": null,
    "levelM": 1095.1,
    "n50Hoyde": 1095,
    "levelSource": "lidar water surface (p99 of DTM1 inside the lake) if above N50 hoyde",
    "areaKm2": 0.005,
    "lakeNo": 292638,
    "nameSource": null,
    "source": "N50 Kartdata, Kartverket, CC BY 4.0"
   }
  },
  {
   "type": "Feature",
   "geometry": {
    "type": "Polygon",
    "coordinates": [
     [[155920.66,6832116.5],[155971.28,6832102.95],[156001.3,6832079.93],[155996.7,6832066.77],[155985.03,6832057.77],[155936.04,6832064.13],[155910.09,6832057.46],[155904.0,6832057.98],[155904.0,6832132.48],[155920.66,6832116.5]]
    ]
   },
   "properties": {
    "name": null,
    "levelM": 1418.26,
    "n50Hoyde": 1418,
    "levelSource": "lidar water surface (p99 of DTM1 inside the lake) if above N50 hoyde",
    "areaKm2": 0.004,
    "lakeNo": 30417,
    "nameSource": null,
    "source": "N50 Kartdata, Kartverket, CC BY 4.0"
   }
  },
  {
   "type": "Feature",
   "geometry": {
    "type": "Polygon",
    "coordinates": [
     [[173784.1,6832273.49],[173756.26,6832239.93],[173751.86,6832218.03],[173702.27,6832208.81],[173696.18,6832232.71],[173701.19,6832277.29],[173725.82,6832283.23],[173784.1,6832273.49]]
    ]
   },
   "properties": {
    "name": null,
    "levelM": 1114.1,
    "n50Hoyde": 1114,
    "levelSource": "lidar water surface (p99 of DTM1 inside the lake) if above N50 hoyde",
    "areaKm2": 0.004,
    "lakeNo": 85298,
    "nameSource": null,
    "source": "N50 Kartdata, Kartverket, CC BY 4.0"
   }
  },
  {
   "type": "Feature",
   "geometry": {
    "type": "Polygon",
    "coordinates": [
     [[157278.29,6837745.46],[157220.04,6837774.58],[157219.72,6837795.84],[157229.98,6837803.0],[157291.04,6837797.21],[157336.21,6837814.71],[157344.84,6837811.32],[157278.29,6837745.46]]
    ]
   },
   "properties": {
    "name": null,
    "levelM": 1760.3,
    "n50Hoyde": 1760,
    "levelSource": "lidar water surface (p99 of DTM1 inside the lake) if above N50 hoyde",
    "areaKm2": 0.004,
    "lakeNo": 86843,
    "nameSource": null,
    "source": "N50 Kartdata, Kartverket, CC BY 4.0"
   }
  },
  {
   "type": "Feature",
   "geometry": {
    "type": "Polygon",
    "coordinates": [
     [[172805.24,6837370.71],[172813.29,6837350.18],[172825.55,6837343.13],[172820.97,6837298.2],[172796.26,6837268.12],[172799.91,6837310.75],[172785.98,6837332.59],[172776.6,6837333.5],[172786.83,6837352.3],[172751.92,6837357.54],[172739.67,6837373.94],[172746.56,6837390.69],[172762.29,6837402.24],[172783.95,6837379.55],[172805.24,6837370.71]]
    ]
   },
   "properties": {
    "name": null,
    "levelM": 1365.2,
    "n50Hoyde": 1365,
    "levelSource": "lidar water surface (p99 of DTM1 inside the lake) if above N50 hoyde",
    "areaKm2": 0.004,
    "lakeNo": 86848,
    "nameSource": null,
    "source": "N50 Kartdata, Kartverket, CC BY 4.0"
   }
  },
  {
   "type": "Feature",
   "geometry": {
    "type": "Polygon",
    "coordinates": [
     [[162916.29,6834972.63],[162934.84,6834940.44],[162915.47,6834919.66],[162864.88,6834915.57],[162859.09,6834927.33],[162853.81,6834919.79],[162835.88,6834929.87],[162848.63,6834950.33],[162904.66,6834978.82],[162916.29,6834972.63]]
    ]
   },
   "properties": {
    "name": null,
    "levelM": 1429.67,
    "n50Hoyde": 1429,
    "levelSource": "lidar water surface (p99 of DTM1 inside the lake) if above N50 hoyde",
    "areaKm2": 0.004,
    "lakeNo": 86866,
    "nameSource": null,
    "source": "N50 Kartdata, Kartverket, CC BY 4.0"
   }
  },
  {
   "type": "Feature",
   "geometry": {
    "type": "Polygon",
    "coordinates": [
     [[174360.85,6828809.76],[174374.15,6828767.36],[174371.28,6828754.09],[174358.53,6828753.99],[174325.32,6828781.55],[174299.78,6828815.5],[174308.9,6828841.42],[174329.39,6828849.71],[174360.85,6828809.76]]
    ]
   },
   "properties": {
    "name": null,
    "levelM": 1676.5,
    "n50Hoyde": 1676,
    "levelSource": "lidar water surface (p99 of DTM1 inside the lake) if above N50 hoyde",
    "areaKm2": 0.004,
    "lakeNo": 85361,
    "nameSource": null,
    "source": "N50 Kartdata, Kartverket, CC BY 4.0"
   }
  },
  {
   "type": "Feature",
   "geometry": {
    "type": "Polygon",
    "coordinates": [
     [[159596.17,6836055.24],[159600.0,6836046.53],[159616.13,6836045.14],[159620.29,6836024.4],[159588.3,6836029.06],[159537.24,6836022.52],[159493.75,6836047.54],[159519.59,6836064.09],[159565.89,6836068.87],[159596.17,6836055.24]]
    ]
   },
   "properties": {
    "name": null,
    "levelM": 1474.9,
    "n50Hoyde": 1474,
    "levelSource": "lidar water surface (p99 of DTM1 inside the lake) if above N50 hoyde",
    "areaKm2": 0.004,
    "lakeNo": 265590,
    "nameSource": null,
    "source": "N50 Kartdata, Kartverket, CC BY 4.0"
   }
  },
  {
   "type": "Feature",
   "geometry": {
    "type": "Polygon",
    "coordinates": [
     [[171222.66,6832398.34],[171234.74,6832377.82],[171225.98,6832358.93],[171190.99,6832356.4],[171151.86,6832384.05],[171140.6,6832410.41],[171170.88,6832420.12],[171222.66,6832398.34]]
    ]
   },
   "properties": {
    "name": null,
    "levelM": 983.1,
    "n50Hoyde": 983,
    "levelSource": "lidar water surface (p99 of DTM1 inside the lake) if above N50 hoyde",
    "areaKm2": 0.004,
    "lakeNo": 85295,
    "nameSource": null,
    "source": "N50 Kartdata, Kartverket, CC BY 4.0"
   }
  },
  {
   "type": "Feature",
   "geometry": {
    "type": "Polygon",
    "coordinates": [
     [[157858.29,6830565.16],[157850.43,6830534.13],[157862.21,6830509.03],[157855.48,6830481.23],[157833.63,6830468.11],[157815.09,6830477.88],[157819.67,6830498.05],[157813.46,6830515.85],[157822.62,6830533.98],[157816.95,6830563.46],[157839.18,6830576.06],[157858.29,6830565.16]]
    ]
   },
   "properties": {
    "name": null,
    "levelM": 1471.1,
    "n50Hoyde": 1471,
    "levelSource": "lidar water surface (p99 of DTM1 inside the lake) if above N50 hoyde",
    "areaKm2": 0.004,
    "lakeNo": 85329,
    "nameSource": null,
    "source": "N50 Kartdata, Kartverket, CC BY 4.0"
   }
  },
  {
   "type": "Feature",
   "geometry": {
    "type": "Polygon",
    "coordinates": [
     [[171210.15,6831989.96],[171186.6,6831961.71],[171168.55,6831957.59],[171142.86,6831979.01],[171160.66,6832003.18],[171159.98,6832035.32],[171203.09,6832039.88],[171210.15,6831989.96]]
    ]
   },
   "properties": {
    "name": null,
    "levelM": 977.57,
    "n50Hoyde": 977,
    "levelSource": "lidar water surface (p99 of DTM1 inside the lake) if above N50 hoyde",
    "areaKm2": 0.004,
    "lakeNo": 85303,
    "nameSource": null,
    "source": "N50 Kartdata, Kartverket, CC BY 4.0"
   }
  },
  {
   "type": "Feature",
   "geometry": {
    "type": "Polygon",
    "coordinates": [
     [[172671.8,6833840.2],[172690.49,6833829.84],[172676.93,6833792.64],[172680.61,6833751.08],[172665.32,6833744.82],[172639.06,6833795.5],[172643.08,6833850.33],[172658.32,6833862.46],[172671.8,6833840.2]]
    ]
   },
   "properties": {
    "name": null,
    "levelM": 958.1,
    "n50Hoyde": 958,
    "levelSource": "lidar water surface (p99 of DTM1 inside the lake) if above N50 hoyde",
    "areaKm2": 0.004,
    "lakeNo": 290168,
    "nameSource": null,
    "source": "N50 Kartdata, Kartverket, CC BY 4.0"
   }
  },
  {
   "type": "Feature",
   "geometry": {
    "type": "Polygon",
    "coordinates": [
     [[171534.11,6828506.74],[171525.98,6828500.37],[171525.12,6828479.23],[171542.76,6828445.97],[171527.31,6828423.21],[171485.08,6828446.13],[171486.62,6828473.89],[171518.16,6828504.85],[171512.31,6828544.47],[171526.71,6828549.03],[171534.11,6828506.74]]
    ]
   },
   "properties": {
    "name": null,
    "levelM": 1304.5,
    "n50Hoyde": 1304,
    "levelSource": "lidar water surface (p99 of DTM1 inside the lake) if above N50 hoyde",
    "areaKm2": 0.003,
    "lakeNo": 85368,
    "nameSource": null,
    "source": "N50 Kartdata, Kartverket, CC BY 4.0"
   }
  },
  {
   "type": "Feature",
   "geometry": {
    "type": "Polygon",
    "coordinates": [
     [[174322.35,6833618.85],[174342.32,6833619.01],[174321.32,6833582.93],[174313.09,6833548.57],[174266.06,6833588.26],[174286.73,6833634.34],[174296.37,6833636.93],[174322.35,6833618.85]]
    ]
   },
   "properties": {
    "name": null,
    "levelM": 1019.5,
    "n50Hoyde": 1019,
    "levelSource": "lidar water surface (p99 of DTM1 inside the lake) if above N50 hoyde",
    "areaKm2": 0.003,
    "lakeNo": 85267,
    "nameSource": null,
    "source": "N50 Kartdata, Kartverket, CC BY 4.0"
   }
  },
  {
   "type": "Feature",
   "geometry": {
    "type": "Polygon",
    "coordinates": [
     [[175059.99,6835620.0],[175092.44,6835612.44],[175091.88,6835566.47],[175069.71,6835558.41],[175077.96,6835549.11],[175040.71,6835514.8],[175054.67,6835596.33],[175035.0,6835597.35],[175056.68,6835616.32],[175046.01,6835624.29],[175050.28,6835633.54],[175063.2,6835633.88],[175059.99,6835620.0]]
    ]
   },
   "properties": {
    "name": null,
    "levelM": 967.1,
    "n50Hoyde": 967,
    "levelSource": "lidar water surface (p99 of DTM1 inside the lake) if above N50 hoyde",
    "areaKm2": 0.003,
    "lakeNo": 265576,
    "nameSource": null,
    "source": "N50 Kartdata, Kartverket, CC BY 4.0"
   }
  },
  {
   "type": "Feature",
   "geometry": {
    "type": "Polygon",
    "coordinates": [
     [[176183.07,6833596.11],[176167.02,6833571.38],[176128.95,6833569.91],[176108.83,6833594.56],[176083.34,6833608.61],[176100.45,6833619.72],[176133.58,6833608.98],[176129.98,6833629.91],[176145.0,6833631.74],[176183.07,6833596.11]]
    ]
   },
   "properties": {
    "name": null,
    "levelM": 1141.4,
    "n50Hoyde": 1141,
    "levelSource": "lidar water surface (p99 of DTM1 inside the lake) if above N50 hoyde",
    "areaKm2": 0.003,
    "lakeNo": 85268,
    "nameSource": null,
    "source": "N50 Kartdata, Kartverket, CC BY 4.0"
   }
  },
  {
   "type": "Feature",
   "geometry": {
    "type": "Polygon",
    "coordinates": [
     [[156260.79,6841456.08],[156270.03,6841413.07],[156253.31,6841392.62],[156270.81,6841383.46],[156276.24,6841394.81],[156291.84,6841389.02],[156263.9,6841363.6],[156247.58,6841374.53],[156241.7,6841397.67],[156228.29,6841382.92],[156222.51,6841385.26],[156219.16,6841408.41],[156223.02,6841427.38],[156231.55,6841427.92],[156251.59,6841453.02],[156248.48,6841479.21],[156269.79,6841468.94],[156260.79,6841456.08]]
    ]
   },
   "properties": {
    "name": null,
    "levelM": 1673.23,
    "n50Hoyde": 1673,
    "levelSource": "lidar water surface (p99 of DTM1 inside the lake) if above N50 hoyde",
    "areaKm2": 0.003,
    "lakeNo": 289556,
    "nameSource": null,
    "source": "N50 Kartdata, Kartverket, CC BY 4.0"
   }
  },
  {
   "type": "Feature",
   "geometry": {
    "type": "Polygon",
    "coordinates": [
     [[171814.77,6839915.41],[171806.7,6839845.58],[171797.73,6839830.32],[171785.69,6839832.71],[171771.63,6839850.77],[171780.68,6839872.02],[171784.5,6839944.6],[171798.02,6839951.35],[171814.77,6839915.41]]
    ]
   },
   "properties": {
    "name": null,
    "levelM": 1129.58,
    "n50Hoyde": 1129,
    "levelSource": "lidar water surface (p99 of DTM1 inside the lake) if above N50 hoyde",
    "areaKm2": 0.003,
    "lakeNo": 86820,
    "nameSource": null,
    "source": "N50 Kartdata, Kartverket, CC BY 4.0"
   }
  },
  {
   "type": "Feature",
   "geometry": {
    "type": "Polygon",
    "coordinates": [
     [[176343.6,6827270.77],[176324.66,6827250.87],[176316.13,6827226.5],[176302.21,6827209.47],[176285.96,6827210.81],[176289.67,6827280.92],[176313.25,6827293.73],[176344.14,6827295.64],[176343.6,6827270.77]]
    ]
   },
   "properties": {
    "name": null,
    "levelM": 1575.08,
    "n50Hoyde": 1574,
    "levelSource": "lidar water surface (p99 of DTM1 inside the lake) if above N50 hoyde",
    "areaKm2": 0.003,
    "lakeNo": 85388,
    "nameSource": null,
    "source": "N50 Kartdata, Kartverket, CC BY 4.0"
   }
  },
  {
   "type": "Feature",
   "geometry": {
    "type": "Polygon",
    "coordinates": [
     [[172846.32,6834474.64],[172840.85,6834438.32],[172820.93,6834419.98],[172812.77,6834423.76],[172796.46,6834478.31],[172825.85,6834527.75],[172846.32,6834474.64]]
    ]
   },
   "properties": {
    "name": null,
    "levelM": 955.1,
    "n50Hoyde": 955,
    "levelSource": "lidar water surface (p99 of DTM1 inside the lake) if above N50 hoyde",
    "areaKm2": 0.003,
    "lakeNo": 86869,
    "nameSource": null,
    "source": "N50 Kartdata, Kartverket, CC BY 4.0"
   }
  },
  {
   "type": "Feature",
   "geometry": {
    "type": "Polygon",
    "coordinates": [
     [[157612.59,6833855.77],[157581.35,6833823.74],[157541.77,6833820.74],[157515.96,6833834.43],[157523.28,6833845.75],[157584.91,6833874.39],[157613.37,6833867.42],[157612.59,6833855.77]]
    ]
   },
   "properties": {
    "name": null,
    "levelM": 1422.6,
    "n50Hoyde": 1422,
    "levelSource": "lidar water surface (p99 of DTM1 inside the lake) if above N50 hoyde",
    "areaKm2": 0.003,
    "lakeNo": 292641,
    "nameSource": null,
    "source": "N50 Kartdata, Kartverket, CC BY 4.0"
   }
  },
  {
   "type": "Feature",
   "geometry": {
    "type": "Polygon",
    "coordinates": [
     [[163419.4,6827647.88],[163393.55,6827624.19],[163319.51,6827622.27],[163364.53,6827660.99],[163392.66,6827670.48],[163400.47,6827686.89],[163408.92,6827683.33],[163419.4,6827647.88]]
    ]
   },
   "properties": {
    "name": null,
    "levelM": 1829.51,
    "n50Hoyde": 1829,
    "levelSource": "lidar water surface (p99 of DTM1 inside the lake) if above N50 hoyde",
    "areaKm2": 0.003,
    "lakeNo": 292633,
    "nameSource": null,
    "source": "N50 Kartdata, Kartverket, CC BY 4.0"
   }
  },
  {
   "type": "Feature",
   "geometry": {
    "type": "Polygon",
    "coordinates": [
     [[171899.64,6829809.46],[171904.52,6829783.35],[171899.47,6829759.0],[171906.75,6829735.03],[171895.45,6829722.5],[171866.12,6829748.46],[171865.48,6829812.6],[171880.51,6829823.54],[171899.64,6829809.46]]
    ]
   },
   "properties": {
    "name": null,
    "levelM": 1329.78,
    "n50Hoyde": 1329,
    "levelSource": "lidar water surface (p99 of DTM1 inside the lake) if above N50 hoyde",
    "areaKm2": 0.003,
    "lakeNo": 292637,
    "nameSource": null,
    "source": "N50 Kartdata, Kartverket, CC BY 4.0"
   }
  },
  {
   "type": "Feature",
   "geometry": {
    "type": "Polygon",
    "coordinates": [
     [[172501.13,6834078.27],[172521.44,6834069.7],[172531.59,6834045.89],[172506.31,6834040.29],[172503.19,6834027.83],[172487.58,6834017.3],[172484.89,6833997.89],[172474.1,6833992.92],[172476.27,6834027.17],[172466.02,6834043.72],[172474.27,6834057.64],[172467.07,6834067.37],[172481.38,6834087.63],[172493.02,6834091.39],[172501.13,6834078.27]]
    ]
   },
   "properties": {
    "name": null,
    "levelM": 959.1,
    "n50Hoyde": 959,
    "levelSource": "lidar water surface (p99 of DTM1 inside the lake) if above N50 hoyde",
    "areaKm2": 0.003,
    "lakeNo": 289551,
    "nameSource": null,
    "source": "N50 Kartdata, Kartverket, CC BY 4.0"
   }
  },
  {
   "type": "Feature",
   "geometry": {
    "type": "Polygon",
    "coordinates": [
     [[174959.78,6839230.27],[174910.1,6839175.28],[174887.91,6839174.14],[174886.63,6839187.41],[174897.66,6839192.18],[174906.4,6839234.27],[174935.32,6839252.18],[174965.45,6839242.54],[174959.78,6839230.27]]
    ]
   },
   "properties": {
    "name": null,
    "levelM": 1219.3,
    "n50Hoyde": 1219,
    "levelSource": "lidar water surface (p99 of DTM1 inside the lake) if above N50 hoyde",
    "areaKm2": 0.003,
    "lakeNo": 289541,
    "nameSource": null,
    "source": "N50 Kartdata, Kartverket, CC BY 4.0"
   }
  },
  {
   "type": "Feature",
   "geometry": {
    "type": "Polygon",
    "coordinates": [
     [[171953.95,6833499.24],[171934.35,6833467.77],[171922.74,6833467.92],[171894.95,6833497.17],[171892.82,6833514.24],[171921.63,6833538.71],[171942.75,6833535.99],[171953.95,6833499.24]]
    ]
   },
   "properties": {
    "name": null,
    "levelM": 1076.1,
    "n50Hoyde": 1076,
    "levelSource": "lidar water surface (p99 of DTM1 inside the lake) if above N50 hoyde",
    "areaKm2": 0.003,
    "lakeNo": 85271,
    "nameSource": null,
    "source": "N50 Kartdata, Kartverket, CC BY 4.0"
   }
  },
  {
   "type": "Feature",
   "geometry": {
    "type": "Polygon",
    "coordinates": [
     [[172674.95,6837075.91],[172687.09,6837055.92],[172681.89,6837044.95],[172651.21,6837062.4],[172640.02,6837086.15],[172605.75,6837120.9],[172612.24,6837135.8],[172671.74,6837107.42],[172674.95,6837075.91]]
    ]
   },
   "properties": {
    "name": null,
    "levelM": 1352.7,
    "n50Hoyde": 1352,
    "levelSource": "lidar water surface (p99 of DTM1 inside the lake) if above N50 hoyde",
    "areaKm2": 0.003,
    "lakeNo": 86851,
    "nameSource": null,
    "source": "N50 Kartdata, Kartverket, CC BY 4.0"
   }
  },
  {
   "type": "Feature",
   "geometry": {
    "type": "Polygon",
    "coordinates": [
     [[170612.24,6831862.89],[170614.74,6831841.16],[170625.94,6831825.63],[170620.8,6831815.94],[170582.64,6831828.96],[170550.93,6831853.08],[170560.01,6831874.19],[170591.21,6831882.24],[170612.24,6831862.89]]
    ]
   },
   "properties": {
    "name": null,
    "levelM": 983.5,
    "n50Hoyde": 983,
    "levelSource": "lidar water surface (p99 of DTM1 inside the lake) if above N50 hoyde",
    "areaKm2": 0.003,
    "lakeNo": 85310,
    "nameSource": null,
    "source": "N50 Kartdata, Kartverket, CC BY 4.0"
   }
  },
  {
   "type": "Feature",
   "geometry": {
    "type": "Polygon",
    "coordinates": [
     [[160300.66,6835835.67],[160289.87,6835828.75],[160287.17,6835812.16],[160264.89,6835779.92],[160246.56,6835764.52],[160242.16,6835810.38],[160255.99,6835830.12],[160256.14,6835849.66],[160284.9,6835854.32],[160300.66,6835835.67]]
    ]
   },
   "properties": {
    "name": null,
    "levelM": 1503.96,
    "n50Hoyde": 1503,
    "levelSource": "lidar water surface (p99 of DTM1 inside the lake) if above N50 hoyde",
    "areaKm2": 0.003,
    "lakeNo": 86864,
    "nameSource": null,
    "source": "N50 Kartdata, Kartverket, CC BY 4.0"
   }
  },
  {
   "type": "Feature",
   "geometry": {
    "type": "Polygon",
    "coordinates": [
     [[163653.16,6842741.14],[163647.27,6842710.55],[163623.82,6842697.2],[163607.91,6842701.66],[163590.4,6842734.48],[163599.6,6842756.27],[163618.75,6842759.59],[163653.16,6842741.14]]
    ]
   },
   "properties": {
    "name": null,
    "levelM": 1466.18,
    "n50Hoyde": 1466,
    "levelSource": "lidar water surface (p99 of DTM1 inside the lake) if above N50 hoyde",
    "areaKm2": 0.003,
    "lakeNo": 289557,
    "nameSource": null,
    "source": "N50 Kartdata, Kartverket, CC BY 4.0"
   }
  },
  {
   "type": "Feature",
   "geometry": {
    "type": "Polygon",
    "coordinates": [
     [[172573.09,6833378.76],[172522.73,6833284.37],[172515.18,6833291.64],[172516.34,6833305.53],[172528.86,6833347.83],[172545.5,6833369.36],[172544.33,6833408.0],[172573.79,6833398.83],[172573.09,6833378.76]]
    ]
   },
   "properties": {
    "name": null,
    "levelM": 963.1,
    "n50Hoyde": 963,
    "levelSource": "lidar water surface (p99 of DTM1 inside the lake) if above N50 hoyde",
    "areaKm2": 0.003,
    "lakeNo": 290138,
    "nameSource": null,
    "source": "N50 Kartdata, Kartverket, CC BY 4.0"
   }
  },
  {
   "type": "Feature",
   "geometry": {
    "type": "Polygon",
    "coordinates": [
     [[171563.84,6839886.87],[171579.79,6839875.29],[171582.79,6839856.55],[171598.36,6839838.87],[171600.47,6839807.63],[171594.45,6839797.53],[171585.85,6839798.81],[171585.02,6839815.07],[171561.65,6839834.51],[171551.02,6839859.64],[171547.4,6839901.11],[171560.04,6839908.52],[171563.84,6839886.87]]
    ]
   },
   "properties": {
    "name": null,
    "levelM": 1151.1,
    "n50Hoyde": 1151,
    "levelSource": "lidar water surface (p99 of DTM1 inside the lake) if above N50 hoyde",
    "areaKm2": 0.003,
    "lakeNo": null,
    "nameSource": null,
    "source": "N50 Kartdata, Kartverket, CC BY 4.0"
   }
  },
  {
   "type": "Feature",
   "geometry": {
    "type": "Polygon",
    "coordinates": [
     [[156104.94,6841045.72],[156091.47,6841034.06],[156108.48,6841006.28],[156063.14,6840998.97],[156049.01,6841013.18],[156040.85,6841048.29],[156082.4,6841028.63],[156073.53,6841064.46],[156096.66,6841072.11],[156104.94,6841045.72]]
    ]
   },
   "properties": {
    "name": null,
    "levelM": 1663.1,
    "n50Hoyde": 1663,
    "levelSource": "lidar water surface (p99 of DTM1 inside the lake) if above N50 hoyde",
    "areaKm2": 0.003,
    "lakeNo": 289555,
    "nameSource": null,
    "source": "N50 Kartdata, Kartverket, CC BY 4.0"
   }
  },
  {
   "type": "Feature",
   "geometry": {
    "type": "Polygon",
    "coordinates": [
     [[171549.81,6828620.18],[171565.0,6828604.01],[171540.0,6828585.34],[171503.69,6828595.52],[171499.21,6828614.69],[171533.21,6828650.61],[171552.62,6828644.92],[171549.81,6828620.18]]
    ]
   },
   "properties": {
    "name": null,
    "levelM": 1302.4,
    "n50Hoyde": 1302,
    "levelSource": "lidar water surface (p99 of DTM1 inside the lake) if above N50 hoyde",
    "areaKm2": 0.003,
    "lakeNo": 85366,
    "nameSource": null,
    "source": "N50 Kartdata, Kartverket, CC BY 4.0"
   }
  },
  {
   "type": "Feature",
   "geometry": {
    "type": "Polygon",
    "coordinates": [
     [[169183.48,6830394.61],[169185.91,6830347.35],[169167.11,6830361.67],[169141.72,6830353.49],[169124.81,6830361.57],[169142.13,6830408.06],[169156.05,6830412.01],[169183.48,6830394.61]]
    ]
   },
   "properties": {
    "name": null,
    "levelM": 1094.2,
    "n50Hoyde": 1094,
    "levelSource": "lidar water surface (p99 of DTM1 inside the lake) if above N50 hoyde",
    "areaKm2": 0.003,
    "lakeNo": 85330,
    "nameSource": null,
    "source": "N50 Kartdata, Kartverket, CC BY 4.0"
   }
  },
  {
   "type": "Feature",
   "geometry": {
    "type": "Polygon",
    "coordinates": [
     [[162719.13,6831852.96],[162676.13,6831830.26],[162646.47,6831840.66],[162647.22,6831854.72],[162685.32,6831881.48],[162718.86,6831879.65],[162719.13,6831852.96]]
    ]
   },
   "properties": {
    "name": null,
    "levelM": 1600.1,
    "n50Hoyde": 1600,
    "levelSource": "lidar water surface (p99 of DTM1 inside the lake) if above N50 hoyde",
    "areaKm2": 0.003,
    "lakeNo": 292639,
    "nameSource": null,
    "source": "N50 Kartdata, Kartverket, CC BY 4.0"
   }
  },
  {
   "type": "Feature",
   "geometry": {
    "type": "Polygon",
    "coordinates": [
     [[165495.44,6828800.67],[165490.87,6828786.14],[165467.84,6828783.41],[165449.36,6828801.58],[165421.13,6828812.45],[165428.01,6828833.38],[165488.45,6828829.33],[165495.44,6828800.67]]
    ]
   },
   "properties": {
    "name": null,
    "levelM": 1670.7,
    "n50Hoyde": 1670,
    "levelSource": "lidar water surface (p99 of DTM1 inside the lake) if above N50 hoyde",
    "areaKm2": 0.002,
    "lakeNo": 292636,
    "nameSource": null,
    "source": "N50 Kartdata, Kartverket, CC BY 4.0"
   }
  },
  {
   "type": "Feature",
   "geometry": {
    "type": "Polygon",
    "coordinates": [
     [[156802.54,6838092.71],[156810.06,6838064.17],[156791.76,6838039.08],[156787.44,6838016.7],[156777.92,6838013.98],[156769.25,6838018.57],[156770.1,6838077.9],[156771.79,6838091.17],[156788.68,6838103.95],[156802.54,6838092.71]]
    ]
   },
   "properties": {
    "name": null,
    "levelM": 1724.84,
    "n50Hoyde": 1724,
    "levelSource": "lidar water surface (p99 of DTM1 inside the lake) if above N50 hoyde",
    "areaKm2": 0.002,
    "lakeNo": 265592,
    "nameSource": null,
    "source": "N50 Kartdata, Kartverket, CC BY 4.0"
   }
  },
  {
   "type": "Feature",
   "geometry": {
    "type": "Polygon",
    "coordinates": [
     [[172595.01,6840206.93],[172613.6,6840181.33],[172579.13,6840160.93],[172561.92,6840177.61],[172550.34,6840206.02],[172520.39,6840206.48],[172509.18,6840214.67],[172533.56,6840218.77],[172595.01,6840206.93]]
    ]
   },
   "properties": {
    "name": null,
    "levelM": 1102.1,
    "n50Hoyde": 1102,
    "levelSource": "lidar water surface (p99 of DTM1 inside the lake) if above N50 hoyde",
    "areaKm2": 0.002,
    "lakeNo": 289553,
    "nameSource": null,
    "source": "N50 Kartdata, Kartverket, CC BY 4.0"
   }
  },
  {
   "type": "Feature",
   "geometry": {
    "type": "Polygon",
    "coordinates": [
     [[170674.77,6842868.24],[170667.96,6842846.69],[170658.92,6842837.03],[170623.1,6842833.18],[170606.51,6842867.37],[170615.34,6842876.89],[170650.25,6842879.99],[170674.77,6842868.24]]
    ]
   },
   "properties": {
    "name": null,
    "levelM": 1458.7,
    "n50Hoyde": 1458,
    "levelSource": "lidar water surface (p99 of DTM1 inside the lake) if above N50 hoyde",
    "areaKm2": 0.002,
    "lakeNo": 265595,
    "nameSource": null,
    "source": "N50 Kartdata, Kartverket, CC BY 4.0"
   }
  },
  {
   "type": "Feature",
   "geometry": {
    "type": "Polygon",
    "coordinates": [
     [[162178.46,6835827.9],[162131.87,6835777.1],[162118.75,6835776.01],[162113.75,6835783.67],[162125.62,6835788.47],[162112.72,6835801.72],[162116.14,6835813.3],[162143.32,6835813.95],[162174.56,6835855.01],[162200.5,6835872.65],[162178.46,6835827.9]]
    ]
   },
   "properties": {
    "name": null,
    "levelM": 1256.1,
    "n50Hoyde": 1256,
    "levelSource": "lidar water surface (p99 of DTM1 inside the lake) if above N50 hoyde",
    "areaKm2": 0.002,
    "lakeNo": null,
    "nameSource": null,
    "source": "N50 Kartdata, Kartverket, CC BY 4.0"
   }
  },
  {
   "type": "Feature",
   "geometry": {
    "type": "Polygon",
    "coordinates": [
     [[172751.6,6837540.61],[172763.94,6837514.25],[172760.04,6837476.2],[172747.61,6837461.32],[172743.58,6837510.94],[172709.24,6837532.92],[172706.83,6837547.8],[172717.14,6837556.76],[172751.6,6837540.61]]
    ]
   },
   "properties": {
    "name": null,
    "levelM": 1367.1,
    "n50Hoyde": 1367,
    "levelSource": "lidar water surface (p99 of DTM1 inside the lake) if above N50 hoyde",
    "areaKm2": 0.002,
    "lakeNo": null,
    "nameSource": null,
    "source": "N50 Kartdata, Kartverket, CC BY 4.0"
   }
  },
  {
   "type": "Feature",
   "geometry": {
    "type": "Polygon",
    "coordinates": [
     [[170914.4,6833186.39],[170896.26,6833165.85],[170856.56,6833165.28],[170839.31,6833172.9],[170839.49,6833183.86],[170853.6,6833197.02],[170905.82,6833203.16],[170914.4,6833186.39]]
    ]
   },
   "properties": {
    "name": null,
    "levelM": 991.1,
    "n50Hoyde": 991,
    "levelSource": "lidar water surface (p99 of DTM1 inside the lake) if above N50 hoyde",
    "areaKm2": 0.002,
    "lakeNo": null,
    "nameSource": null,
    "source": "N50 Kartdata, Kartverket, CC BY 4.0"
   }
  },
  {
   "type": "Feature",
   "geometry": {
    "type": "Polygon",
    "coordinates": [
     [[172956.76,6837733.06],[172969.4,6837734.42],[172972.17,6837727.47],[172952.04,6837710.22],[172942.95,6837713.28],[172937.24,6837699.44],[172916.36,6837692.48],[172903.37,6837677.33],[172883.75,6837672.13],[172884.57,6837687.17],[172909.23,6837697.59],[172937.1,6837745.1],[172951.29,6837752.69],[172959.19,6837748.02],[172956.76,6837733.06]]
    ]
   },
   "properties": {
    "name": null,
    "levelM": 1370.2,
    "n50Hoyde": 1370,
    "levelSource": "lidar water surface (p99 of DTM1 inside the lake) if above N50 hoyde",
    "areaKm2": 0.002,
    "lakeNo": 265591,
    "nameSource": null,
    "source": "N50 Kartdata, Kartverket, CC BY 4.0"
   }
  },
  {
   "type": "Feature",
   "geometry": {
    "type": "Polygon",
    "coordinates": [
     [[171984.07,6839850.73],[171974.66,6839776.95],[171963.12,6839788.34],[171976.58,6839817.94],[171947.02,6839829.82],[171947.61,6839846.44],[171929.93,6839879.45],[171937.9,6839886.48],[171984.07,6839850.73]]
    ]
   },
   "properties": {
    "name": null,
    "levelM": 1120.97,
    "n50Hoyde": 1120,
    "levelSource": "lidar water surface (p99 of DTM1 inside the lake) if above N50 hoyde",
    "areaKm2": 0.002,
    "lakeNo": null,
    "nameSource": null,
    "source": "N50 Kartdata, Kartverket, CC BY 4.0"
   }
  },
  {
   "type": "Feature",
   "geometry": {
    "type": "Polygon",
    "coordinates": [
     [[176035.07,6832929.75],[176020.3,6832911.35],[176007.32,6832918.29],[175980.49,6832960.67],[175986.95,6832978.96],[176008.03,6832983.59],[176035.07,6832929.75]]
    ]
   },
   "properties": {
    "name": null,
    "levelM": 1146.1,
    "n50Hoyde": 1146,
    "levelSource": "lidar water surface (p99 of DTM1 inside the lake) if above N50 hoyde",
    "areaKm2": 0.002,
    "lakeNo": null,
    "nameSource": null,
    "source": "N50 Kartdata, Kartverket, CC BY 4.0"
   }
  },
  {
   "type": "Feature",
   "geometry": {
    "type": "Polygon",
    "coordinates": [
     [[176293.74,6833262.24],[176310.93,6833233.57],[176267.21,6833244.82],[176204.57,6833282.52],[176239.69,6833286.41],[176293.74,6833262.24]]
    ]
   },
   "properties": {
    "name": null,
    "levelM": 1121.29,
    "n50Hoyde": 1121,
    "levelSource": "lidar water surface (p99 of DTM1 inside the lake) if above N50 hoyde",
    "areaKm2": 0.002,
    "lakeNo": null,
    "nameSource": null,
    "source": "N50 Kartdata, Kartverket, CC BY 4.0"
   }
  },
  {
   "type": "Feature",
   "geometry": {
    "type": "Polygon",
    "coordinates": [
     [[172908.83,6833133.54],[172893.81,6833112.49],[172867.63,6833093.34],[172833.01,6833099.35],[172834.37,6833112.88],[172891.96,6833146.33],[172908.83,6833133.54]]
    ]
   },
   "properties": {
    "name": null,
    "levelM": 964.6,
    "n50Hoyde": 964,
    "levelSource": "lidar water surface (p99 of DTM1 inside the lake) if above N50 hoyde",
    "areaKm2": 0.002,
    "lakeNo": null,
    "nameSource": null,
    "source": "N50 Kartdata, Kartverket, CC BY 4.0"
   }
  },
  {
   "type": "Feature",
   "geometry": {
    "type": "Polygon",
    "coordinates": [
     [[172688.34,6840241.98],[172675.19,6840222.5],[172672.21,6840192.56],[172648.52,6840175.66],[172637.12,6840197.04],[172636.24,6840224.91],[172682.48,6840249.06],[172688.34,6840241.98]]
    ]
   },
   "properties": {
    "name": null,
    "levelM": 1100.1,
    "n50Hoyde": 1100,
    "levelSource": "lidar water surface (p99 of DTM1 inside the lake) if above N50 hoyde",
    "areaKm2": 0.002,
    "lakeNo": null,
    "nameSource": null,
    "source": "N50 Kartdata, Kartverket, CC BY 4.0"
   }
  },
  {
   "type": "Feature",
   "geometry": {
    "type": "Polygon",
    "coordinates": [
     [[174291.33,6834693.23],[174315.37,6834671.02],[174311.79,6834655.2],[174282.41,6834644.15],[174275.93,6834645.08],[174283.02,6834689.2],[174261.86,6834703.63],[174259.44,6834717.29],[174262.54,6834726.39],[174288.85,6834717.46],[174291.33,6834693.23]]
    ]
   },
   "properties": {
    "name": null,
    "levelM": 966.1,
    "n50Hoyde": 966,
    "levelSource": "lidar water surface (p99 of DTM1 inside the lake) if above N50 hoyde",
    "areaKm2": 0.002,
    "lakeNo": null,
    "nameSource": null,
    "source": "N50 Kartdata, Kartverket, CC BY 4.0"
   }
  },
  {
   "type": "Feature",
   "geometry": {
    "type": "Polygon",
    "coordinates": [
     [[169461.97,6829460.11],[169435.02,6829420.18],[169417.67,6829422.2],[169417.18,6829467.94],[169429.21,6829481.52],[169464.25,6829474.82],[169461.97,6829460.11]]
    ]
   },
   "properties": {
    "name": null,
    "levelM": 1109.1,
    "n50Hoyde": 1109,
    "levelSource": "lidar water surface (p99 of DTM1 inside the lake) if above N50 hoyde",
    "areaKm2": 0.002,
    "lakeNo": null,
    "nameSource": null,
    "source": "N50 Kartdata, Kartverket, CC BY 4.0"
   }
  },
  {
   "type": "Feature",
   "geometry": {
    "type": "Polygon",
    "coordinates": [
     [[157935.44,6828768.32],[157934.34,6828741.95],[157919.53,6828722.82],[157908.95,6828723.76],[157889.28,6828744.55],[157895.28,6828773.09],[157911.79,6828779.89],[157935.44,6828768.32]]
    ]
   },
   "properties": {
    "name": null,
    "levelM": 1756.1,
    "n50Hoyde": 1756,
    "levelSource": "lidar water surface (p99 of DTM1 inside the lake) if above N50 hoyde",
    "areaKm2": 0.002,
    "lakeNo": null,
    "nameSource": null,
    "source": "N50 Kartdata, Kartverket, CC BY 4.0"
   }
  },
  {
   "type": "Feature",
   "geometry": {
    "type": "Polygon",
    "coordinates": [
     [[160419.74,6831159.98],[160406.18,6831141.39],[160411.65,6831119.37],[160371.49,6831118.86],[160375.19,6831152.06],[160405.54,6831177.35],[160418.35,6831178.11],[160419.74,6831159.98]]
    ]
   },
   "properties": {
    "name": null,
    "levelM": 1769.1,
    "n50Hoyde": 1769,
    "levelSource": "lidar water surface (p99 of DTM1 inside the lake) if above N50 hoyde",
    "areaKm2": 0.002,
    "lakeNo": null,
    "nameSource": null,
    "source": "N50 Kartdata, Kartverket, CC BY 4.0"
   }
  },
  {
   "type": "Feature",
   "geometry": {
    "type": "Polygon",
    "coordinates": [
     [[173323.15,6837785.61],[173332.55,6837786.19],[173344.91,6837764.38],[173343.84,6837738.17],[173333.74,6837721.12],[173321.22,6837730.58],[173312.46,6837760.75],[173310.24,6837817.35],[173315.89,6837821.3],[173323.15,6837785.61]]
    ]
   },
   "properties": {
    "name": null,
    "levelM": 1391.1,
    "n50Hoyde": 1391,
    "levelSource": "lidar water surface (p99 of DTM1 inside the lake) if above N50 hoyde",
    "areaKm2": 0.002,
    "lakeNo": null,
    "nameSource": null,
    "source": "N50 Kartdata, Kartverket, CC BY 4.0"
   }
  },
  {
   "type": "Feature",
   "geometry": {
    "type": "Polygon",
    "coordinates": [
     [[169634.7,6830123.4],[169623.29,6830095.24],[169603.13,6830084.54],[169585.97,6830093.85],[169586.93,6830117.62],[169600.29,6830140.0],[169611.86,6830141.49],[169634.7,6830123.4]]
    ]
   },
   "properties": {
    "name": null,
    "levelM": 1095.1,
    "n50Hoyde": 1095,
    "levelSource": "lidar water surface (p99 of DTM1 inside the lake) if above N50 hoyde",
    "areaKm2": 0.002,
    "lakeNo": null,
    "nameSource": null,
    "source": "N50 Kartdata, Kartverket, CC BY 4.0"
   }
  },
  {
   "type": "Feature",
   "geometry": {
    "type": "Polygon",
    "coordinates": [
     [[156597.34,6835126.37],[156568.61,6835094.3],[156535.98,6835089.32],[156540.94,6835125.78],[156594.65,6835139.36],[156597.34,6835126.37]]
    ]
   },
   "properties": {
    "name": null,
    "levelM": 1227.1,
    "n50Hoyde": 1227,
    "levelSource": "lidar water surface (p99 of DTM1 inside the lake) if above N50 hoyde",
    "areaKm2": 0.002,
    "lakeNo": null,
    "nameSource": null,
    "source": "N50 Kartdata, Kartverket, CC BY 4.0"
   }
  },
  {
   "type": "Feature",
   "geometry": {
    "type": "Polygon",
    "coordinates": [
     [[174633.17,6833727.36],[174654.62,6833734.23],[174664.67,6833717.67],[174602.94,6833706.08],[174596.5,6833753.76],[174610.06,6833762.21],[174633.17,6833727.36]]
    ]
   },
   "properties": {
    "name": null,
    "levelM": 1006.1,
    "n50Hoyde": 1006,
    "levelSource": "lidar water surface (p99 of DTM1 inside the lake) if above N50 hoyde",
    "areaKm2": 0.002,
    "lakeNo": null,
    "nameSource": null,
    "source": "N50 Kartdata, Kartverket, CC BY 4.0"
   }
  },
  {
   "type": "Feature",
   "geometry": {
    "type": "Polygon",
    "coordinates": [
     [[174198.03,6834611.92],[174185.53,6834561.27],[174150.25,6834577.44],[174157.83,6834583.59],[174145.34,6834601.13],[174152.15,6834610.52],[174169.9,6834597.58],[174182.1,6834600.22],[174188.57,6834610.85],[174171.48,6834625.5],[174176.06,6834638.32],[174185.1,6834636.28],[174198.03,6834611.92]]
    ]
   },
   "properties": {
    "name": null,
    "levelM": 965.1,
    "n50Hoyde": 965,
    "levelSource": "lidar water surface (p99 of DTM1 inside the lake) if above N50 hoyde",
    "areaKm2": 0.002,
    "lakeNo": null,
    "nameSource": null,
    "source": "N50 Kartdata, Kartverket, CC BY 4.0"
   }
  },
  {
   "type": "Feature",
   "geometry": {
    "type": "Polygon",
    "coordinates": [
     [[176076.23,6833464.71],[176078.42,6833433.64],[176017.32,6833463.2],[176015.36,6833481.84],[176038.11,6833486.55],[176076.23,6833464.71]]
    ]
   },
   "properties": {
    "name": null,
    "levelM": 1124.1,
    "n50Hoyde": 1124,
    "levelSource": "lidar water surface (p99 of DTM1 inside the lake) if above N50 hoyde",
    "areaKm2": 0.002,
    "lakeNo": null,
    "nameSource": null,
    "source": "N50 Kartdata, Kartverket, CC BY 4.0"
   }
  },
  {
   "type": "Feature",
   "geometry": {
    "type": "Polygon",
    "coordinates": [
     [[173136.73,6834410.82],[173108.24,6834425.33],[173082.43,6834428.29],[173081.19,6834457.13],[173066.26,6834462.91],[173068.6,6834472.86],[173106.24,6834465.14],[173136.73,6834410.82]]
    ]
   },
   "properties": {
    "name": null,
    "levelM": 955.1,
    "n50Hoyde": 955,
    "levelSource": "lidar water surface (p99 of DTM1 inside the lake) if above N50 hoyde",
    "areaKm2": 0.002,
    "lakeNo": null,
    "nameSource": null,
    "source": "N50 Kartdata, Kartverket, CC BY 4.0"
   }
  },
  {
   "type": "Feature",
   "geometry": {
    "type": "Polygon",
    "coordinates": [
     [[175472.06,6840562.48],[175488.61,6840552.15],[175460.93,6840535.48],[175432.65,6840562.43],[175430.93,6840592.59],[175450.47,6840593.86],[175472.06,6840562.48]]
    ]
   },
   "properties": {
    "name": null,
    "levelM": 1036.1,
    "n50Hoyde": 1036,
    "levelSource": "lidar water surface (p99 of DTM1 inside the lake) if above N50 hoyde",
    "areaKm2": 0.002,
    "lakeNo": null,
    "nameSource": null,
    "source": "N50 Kartdata, Kartverket, CC BY 4.0"
   }
  },
  {
   "type": "Feature",
   "geometry": {
    "type": "Polygon",
    "coordinates": [
     [[172669.06,6837665.1],[172680.83,6837639.61],[172671.91,6837612.3],[172658.15,6837606.95],[172646.73,6837668.89],[172677.4,6837699.66],[172669.06,6837665.1]]
    ]
   },
   "properties": {
    "name": null,
    "levelM": 1371.5,
    "n50Hoyde": 1371,
    "levelSource": "lidar water surface (p99 of DTM1 inside the lake) if above N50 hoyde",
    "areaKm2": 0.002,
    "lakeNo": null,
    "nameSource": null,
    "source": "N50 Kartdata, Kartverket, CC BY 4.0"
   }
  },
  {
   "type": "Feature",
   "geometry": {
    "type": "Polygon",
    "coordinates": [
     [[169864.16,6829422.64],[169847.23,6829399.37],[169833.83,6829395.5],[169827.48,6829437.24],[169842.29,6829457.03],[169872.01,6829446.91],[169864.16,6829422.64]]
    ]
   },
   "properties": {
    "name": null,
    "levelM": 1113.1,
    "n50Hoyde": 1113,
    "levelSource": "lidar water surface (p99 of DTM1 inside the lake) if above N50 hoyde",
    "areaKm2": 0.002,
    "lakeNo": null,
    "nameSource": null,
    "source": "N50 Kartdata, Kartverket, CC BY 4.0"
   }
  },
  {
   "type": "Feature",
   "geometry": {
    "type": "Polygon",
    "coordinates": [
     [[174745.32,6839134.14],[174729.67,6839108.58],[174708.11,6839090.78],[174695.37,6839094.0],[174709.2,6839113.48],[174708.5,6839138.86],[174719.08,6839153.84],[174740.32,6839156.04],[174745.32,6839134.14]]
    ]
   },
   "properties": {
    "name": null,
    "levelM": 1234.1,
    "n50Hoyde": 1234,
    "levelSource": "lidar water surface (p99 of DTM1 inside the lake) if above N50 hoyde",
    "areaKm2": 0.002,
    "lakeNo": null,
    "nameSource": null,
    "source": "N50 Kartdata, Kartverket, CC BY 4.0"
   }
  },
  {
   "type": "Feature",
   "geometry": {
    "type": "Polygon",
    "coordinates": [
     [[165329.95,6828882.69],[165306.65,6828858.17],[165283.61,6828859.23],[165264.02,6828874.77],[165282.14,6828893.21],[165321.34,6828894.09],[165329.95,6828882.69]]
    ]
   },
   "properties": {
    "name": null,
    "levelM": 1671.1,
    "n50Hoyde": 1671,
    "levelSource": "lidar water surface (p99 of DTM1 inside the lake) if above N50 hoyde",
    "areaKm2": 0.002,
    "lakeNo": null,
    "nameSource": null,
    "source": "N50 Kartdata, Kartverket, CC BY 4.0"
   }
  },
  {
   "type": "Feature",
   "geometry": {
    "type": "Polygon",
    "coordinates": [
     [[171392.9,6833238.74],[171414.57,6833243.52],[171426.14,6833227.05],[171423.66,6833203.85],[171394.65,6833204.02],[171387.5,6833225.47],[171355.48,6833252.93],[171363.35,6833257.34],[171392.9,6833238.74]]
    ]
   },
   "properties": {
    "name": null,
    "levelM": 1021.1,
    "n50Hoyde": 1021,
    "levelSource": "lidar water surface (p99 of DTM1 inside the lake) if above N50 hoyde",
    "areaKm2": 0.002,
    "lakeNo": null,
    "nameSource": null,
    "source": "N50 Kartdata, Kartverket, CC BY 4.0"
   }
  },
  {
   "type": "Feature",
   "geometry": {
    "type": "Polygon",
    "coordinates": [
     [[157492.26,6838146.35],[157462.15,6838137.39],[157453.03,6838147.38],[157450.35,6838177.39],[157467.89,6838196.23],[157477.39,6838192.5],[157492.26,6838146.35]]
    ]
   },
   "properties": {
    "name": null,
    "levelM": 1832.18,
    "n50Hoyde": 1832,
    "levelSource": "lidar water surface (p99 of DTM1 inside the lake) if above N50 hoyde",
    "areaKm2": 0.002,
    "lakeNo": null,
    "nameSource": null,
    "source": "N50 Kartdata, Kartverket, CC BY 4.0"
   }
  },
  {
   "type": "Feature",
   "geometry": {
    "type": "Polygon",
    "coordinates": [
     [[160568.84,6841708.3],[160562.53,6841687.62],[160528.69,6841686.45],[160524.1,6841699.35],[160504.31,6841704.11],[160511.88,6841714.76],[160551.09,6841725.57],[160568.84,6841708.3]]
    ]
   },
   "properties": {
    "name": null,
    "levelM": 1617.1,
    "n50Hoyde": 1617,
    "levelSource": "lidar water surface (p99 of DTM1 inside the lake) if above N50 hoyde",
    "areaKm2": 0.002,
    "lakeNo": null,
    "nameSource": null,
    "source": "N50 Kartdata, Kartverket, CC BY 4.0"
   }
  },
  {
   "type": "Feature",
   "geometry": {
    "type": "Polygon",
    "coordinates": [
     [[174966.79,6838912.35],[174927.44,6838901.34],[174908.74,6838906.52],[174910.81,6838925.87],[174922.04,6838938.92],[174970.68,6838928.31],[174966.79,6838912.35]]
    ]
   },
   "properties": {
    "name": null,
    "levelM": 1229.1,
    "n50Hoyde": 1229,
    "levelSource": "lidar water surface (p99 of DTM1 inside the lake) if above N50 hoyde",
    "areaKm2": 0.002,
    "lakeNo": null,
    "nameSource": null,
    "source": "N50 Kartdata, Kartverket, CC BY 4.0"
   }
  },
  {
   "type": "Feature",
   "geometry": {
    "type": "Polygon",
    "coordinates": [
     [[169746.05,6838237.85],[169705.7,6838218.32],[169710.8,6838232.32],[169697.81,6838245.11],[169711.45,6838254.21],[169716.65,6838272.18],[169744.52,6838269.4],[169746.05,6838237.85]]
    ]
   },
   "properties": {
    "name": null,
    "levelM": 1483.69,
    "n50Hoyde": 1483,
    "levelSource": "lidar water surface (p99 of DTM1 inside the lake) if above N50 hoyde",
    "areaKm2": 0.002,
    "lakeNo": null,
    "nameSource": null,
    "source": "N50 Kartdata, Kartverket, CC BY 4.0"
   }
  },
  {
   "type": "Feature",
   "geometry": {
    "type": "Polygon",
    "coordinates": [
     [[171298.5,6839840.94],[171302.28,6839818.86],[171287.69,6839811.63],[171273.52,6839825.91],[171256.46,6839874.15],[171285.36,6839868.55],[171298.5,6839840.94]]
    ]
   },
   "properties": {
    "name": null,
    "levelM": 1162.19,
    "n50Hoyde": 1162,
    "levelSource": "lidar water surface (p99 of DTM1 inside the lake) if above N50 hoyde",
    "areaKm2": 0.002,
    "lakeNo": null,
    "nameSource": null,
    "source": "N50 Kartdata, Kartverket, CC BY 4.0"
   }
  },
  {
   "type": "Feature",
   "geometry": {
    "type": "Polygon",
    "coordinates": [
     [[160363.12,6836198.31],[160351.5,6836171.06],[160325.45,6836162.71],[160321.34,6836181.51],[160334.9,6836206.81],[160342.33,6836217.09],[160361.93,6836218.98],[160363.12,6836198.31]]
    ]
   },
   "properties": {
    "name": null,
    "levelM": 1538.87,
    "n50Hoyde": 1538,
    "levelSource": "lidar water surface (p99 of DTM1 inside the lake) if above N50 hoyde",
    "areaKm2": 0.002,
    "lakeNo": null,
    "nameSource": null,
    "source": "N50 Kartdata, Kartverket, CC BY 4.0"
   }
  },
  {
   "type": "Feature",
   "geometry": {
    "type": "Polygon",
    "coordinates": [
     [[162536.13,6843249.2],[162529.93,6843227.51],[162512.79,6843228.02],[162501.0,6843245.24],[162475.64,6843253.54],[162466.91,6843264.0],[162533.38,6843264.0],[162536.13,6843249.2]]
    ]
   },
   "properties": {
    "name": null,
    "levelM": 1506.6,
    "n50Hoyde": 1506,
    "levelSource": "lidar water surface (p99 of DTM1 inside the lake) if above N50 hoyde",
    "areaKm2": 0.001,
    "lakeNo": 289558,
    "nameSource": null,
    "source": "N50 Kartdata, Kartverket, CC BY 4.0"
   }
  },
  {
   "type": "Feature",
   "geometry": {
    "type": "Polygon",
    "coordinates": [
     [[158047.95,6832732.57],[157979.85,6832724.78],[157960.19,6832730.84],[157960.87,6832741.6],[157972.45,6832750.66],[158043.95,6832741.3],[158047.95,6832732.57]]
    ]
   },
   "properties": {
    "name": null,
    "levelM": 1305.16,
    "n50Hoyde": 1305,
    "levelSource": "lidar water surface (p99 of DTM1 inside the lake) if above N50 hoyde",
    "areaKm2": 0.001,
    "lakeNo": null,
    "nameSource": null,
    "source": "N50 Kartdata, Kartverket, CC BY 4.0"
   }
  },
  {
   "type": "Feature",
   "geometry": {
    "type": "Polygon",
    "coordinates": [
     [[163844.83,6832497.75],[163901.51,6832484.33],[163879.94,6832452.0],[163872.89,6832458.47],[163884.85,6832474.68],[163822.45,6832492.48],[163815.39,6832500.88],[163826.31,6832515.8],[163838.36,6832516.24],[163844.83,6832497.75]]
    ]
   },
   "properties": {
    "name": null,
    "levelM": 1439.32,
    "n50Hoyde": 1439,
    "levelSource": "lidar water surface (p99 of DTM1 inside the lake) if above N50 hoyde",
    "areaKm2": 0.001,
    "lakeNo": null,
    "nameSource": null,
    "source": "N50 Kartdata, Kartverket, CC BY 4.0"
   }
  },
  {
   "type": "Feature",
   "geometry": {
    "type": "Polygon",
    "coordinates": [
     [[156058.99,6835047.24],[156046.96,6835031.52],[156018.08,6835057.9],[156020.49,6835090.78],[156045.39,6835083.44],[156058.99,6835047.24]]
    ]
   },
   "properties": {
    "name": null,
    "levelM": 1238.14,
    "n50Hoyde": 1238,
    "levelSource": "lidar water surface (p99 of DTM1 inside the lake) if above N50 hoyde",
    "areaKm2": 0.001,
    "lakeNo": null,
    "nameSource": null,
    "source": "N50 Kartdata, Kartverket, CC BY 4.0"
   }
  },
  {
   "type": "Feature",
   "geometry": {
    "type": "Polygon",
    "coordinates": [
     [[174163.65,6832148.45],[174144.79,6832134.59],[174119.49,6832132.49],[174120.94,6832168.94],[174137.71,6832184.83],[174163.65,6832148.45]]
    ]
   },
   "properties": {
    "name": null,
    "levelM": 1148.39,
    "n50Hoyde": 1148,
    "levelSource": "lidar water surface (p99 of DTM1 inside the lake) if above N50 hoyde",
    "areaKm2": 0.001,
    "lakeNo": null,
    "nameSource": null,
    "source": "N50 Kartdata, Kartverket, CC BY 4.0"
   }
  },
  {
   "type": "Feature",
   "geometry": {
    "type": "Polygon",
    "coordinates": [
     [[162709.55,6835259.65],[162669.71,6835240.94],[162666.47,6835253.07],[162681.29,6835267.91],[162671.62,6835292.18],[162704.56,6835296.06],[162709.55,6835259.65]]
    ]
   },
   "properties": {
    "name": null,
    "levelM": 1474.1,
    "n50Hoyde": 1474,
    "levelSource": "lidar water surface (p99 of DTM1 inside the lake) if above N50 hoyde",
    "areaKm2": 0.001,
    "lakeNo": null,
    "nameSource": null,
    "source": "N50 Kartdata, Kartverket, CC BY 4.0"
   }
  },
  {
   "type": "Feature",
   "geometry": {
    "type": "Polygon",
    "coordinates": [
     [[174707.82,6834626.93],[174710.1,6834607.81],[174698.01,6834585.46],[174675.14,6834592.09],[174680.21,6834639.04],[174694.45,6834641.93],[174707.82,6834626.93]]
    ]
   },
   "properties": {
    "name": null,
    "levelM": 966.1,
    "n50Hoyde": 966,
    "levelSource": "lidar water surface (p99 of DTM1 inside the lake) if above N50 hoyde",
    "areaKm2": 0.001,
    "lakeNo": null,
    "nameSource": null,
    "source": "N50 Kartdata, Kartverket, CC BY 4.0"
   }
  },
  {
   "type": "Feature",
   "geometry": {
    "type": "Polygon",
    "coordinates": [
     [[172634.74,6837342.13],[172608.46,6837327.58],[172586.66,6837329.4],[172576.73,6837339.06],[172576.12,6837358.12],[172614.53,6837361.42],[172634.74,6837342.13]]
    ]
   },
   "properties": {
    "name": null,
    "levelM": 1371.3,
    "n50Hoyde": 1371,
    "levelSource": "lidar water surface (p99 of DTM1 inside the lake) if above N50 hoyde",
    "areaKm2": 0.001,
    "lakeNo": null,
    "nameSource": null,
    "source": "N50 Kartdata, Kartverket, CC BY 4.0"
   }
  },
  {
   "type": "Feature",
   "geometry": {
    "type": "Polygon",
    "coordinates": [
     [[171716.72,6833851.94],[171731.76,6833859.44],[171737.77,6833855.29],[171735.04,6833833.48],[171721.88,6833826.25],[171682.86,6833866.65],[171682.22,6833881.08],[171700.16,6833883.22],[171716.72,6833851.94]]
    ]
   },
   "properties": {
    "name": null,
    "levelM": 1104.1,
    "n50Hoyde": 1104,
    "levelSource": "lidar water surface (p99 of DTM1 inside the lake) if above N50 hoyde",
    "areaKm2": 0.001,
    "lakeNo": null,
    "nameSource": null,
    "source": "N50 Kartdata, Kartverket, CC BY 4.0"
   }
  },
  {
   "type": "Feature",
   "geometry": {
    "type": "Polygon",
    "coordinates": [
     [[158234.26,6833849.15],[158214.52,6833838.98],[158177.95,6833841.58],[158174.95,6833859.26],[158228.24,6833872.26],[158234.26,6833849.15]]
    ]
   },
   "properties": {
    "name": null,
    "levelM": 1456.1,
    "n50Hoyde": 1456,
    "levelSource": "lidar water surface (p99 of DTM1 inside the lake) if above N50 hoyde",
    "areaKm2": 0.001,
    "lakeNo": null,
    "nameSource": null,
    "source": "N50 Kartdata, Kartverket, CC BY 4.0"
   }
  },
  {
   "type": "Feature",
   "geometry": {
    "type": "Polygon",
    "coordinates": [
     [[162871.69,6842453.48],[162886.53,6842444.15],[162851.22,6842420.01],[162838.58,6842457.67],[162874.07,6842478.87],[162871.69,6842453.48]]
    ]
   },
   "properties": {
    "name": null,
    "levelM": 1504.1,
    "n50Hoyde": 1504,
    "levelSource": "lidar water surface (p99 of DTM1 inside the lake) if above N50 hoyde",
    "areaKm2": 0.001,
    "lakeNo": null,
    "nameSource": null,
    "source": "N50 Kartdata, Kartverket, CC BY 4.0"
   }
  },
  {
   "type": "Feature",
   "geometry": {
    "type": "Polygon",
    "coordinates": [
     [[173505.43,6833189.48],[173495.3,6833165.2],[173477.6,6833192.1],[173475.09,6833211.18],[173481.88,6833228.84],[173492.02,6833223.15],[173505.53,6833227.86],[173505.43,6833189.48]]
    ]
   },
   "properties": {
    "name": null,
    "levelM": 992.19,
    "n50Hoyde": 992,
    "levelSource": "lidar water surface (p99 of DTM1 inside the lake) if above N50 hoyde",
    "areaKm2": 0.001,
    "lakeNo": null,
    "nameSource": null,
    "source": "N50 Kartdata, Kartverket, CC BY 4.0"
   }
  },
  {
   "type": "Feature",
   "geometry": {
    "type": "Polygon",
    "coordinates": [
     [[155973.05,6835176.99],[155997.72,6835176.66],[156003.53,6835162.81],[155996.17,6835149.9],[155971.75,6835150.59],[155961.74,6835166.84],[155963.38,6835211.92],[155973.32,6835212.37],[155973.05,6835176.99]]
    ]
   },
   "properties": {
    "name": null,
    "levelM": 1242.1,
    "n50Hoyde": 1242,
    "levelSource": "lidar water surface (p99 of DTM1 inside the lake) if above N50 hoyde",
    "areaKm2": 0.001,
    "lakeNo": null,
    "nameSource": null,
    "source": "N50 Kartdata, Kartverket, CC BY 4.0"
   }
  },
  {
   "type": "Feature",
   "geometry": {
    "type": "Polygon",
    "coordinates": [
     [[162451.46,6831682.92],[162435.7,6831671.93],[162368.91,6831688.21],[162395.4,6831700.99],[162443.76,6831692.19],[162451.46,6831682.92]]
    ]
   },
   "properties": {
    "name": null,
    "levelM": 1658.1,
    "n50Hoyde": 1658,
    "levelSource": "lidar water surface (p99 of DTM1 inside the lake) if above N50 hoyde",
    "areaKm2": 0.001,
    "lakeNo": null,
    "nameSource": null,
    "source": "N50 Kartdata, Kartverket, CC BY 4.0"
   }
  },
  {
   "type": "Feature",
   "geometry": {
    "type": "Polygon",
    "coordinates": [
     [[166647.14,6831721.12],[166631.67,6831711.19],[166575.35,6831714.21],[166567.18,6831720.64],[166614.98,6831735.13],[166642.43,6831732.35],[166647.14,6831721.12]]
    ]
   },
   "properties": {
    "name": null,
    "levelM": 1034.4,
    "n50Hoyde": 1034,
    "levelSource": "lidar water surface (p99 of DTM1 inside the lake) if above N50 hoyde",
    "areaKm2": 0.001,
    "lakeNo": null,
    "nameSource": null,
    "source": "N50 Kartdata, Kartverket, CC BY 4.0"
   }
  },
  {
   "type": "Feature",
   "geometry": {
    "type": "Polygon",
    "coordinates": [
     [[157943.54,6833874.61],[157925.33,6833860.6],[157882.06,6833860.06],[157885.04,6833871.42],[157912.9,6833888.39],[157948.36,6833884.58],[157943.54,6833874.61]]
    ]
   },
   "properties": {
    "name": null,
    "levelM": 1446.19,
    "n50Hoyde": 1445,
    "levelSource": "lidar water surface (p99 of DTM1 inside the lake) if above N50 hoyde",
    "areaKm2": 0.001,
    "lakeNo": null,
    "nameSource": null,
    "source": "N50 Kartdata, Kartverket, CC BY 4.0"
   }
  },
  {
   "type": "Feature",
   "geometry": {
    "type": "Polygon",
    "coordinates": [
     [[165659.17,6828187.25],[165640.46,6828166.13],[165624.98,6828182.73],[165632.78,6828202.33],[165630.73,6828228.99],[165640.92,6828232.1],[165659.17,6828187.25]]
    ]
   },
   "properties": {
    "name": null,
    "levelM": 1663.1,
    "n50Hoyde": 1663,
    "levelSource": "lidar water surface (p99 of DTM1 inside the lake) if above N50 hoyde",
    "areaKm2": 0.001,
    "lakeNo": null,
    "nameSource": null,
    "source": "N50 Kartdata, Kartverket, CC BY 4.0"
   }
  },
  {
   "type": "Feature",
   "geometry": {
    "type": "Polygon",
    "coordinates": [
     [[171057.57,6839923.53],[171012.39,6839904.75],[171011.57,6839914.37],[171036.38,6839942.32],[171064.51,6839961.07],[171057.57,6839923.53]]
    ]
   },
   "properties": {
    "name": null,
    "levelM": 1172.6,
    "n50Hoyde": 1172,
    "levelSource": "lidar water surface (p99 of DTM1 inside the lake) if above N50 hoyde",
    "areaKm2": 0.001,
    "lakeNo": null,
    "nameSource": null,
    "source": "N50 Kartdata, Kartverket, CC BY 4.0"
   }
  },
  {
   "type": "Feature",
   "geometry": {
    "type": "Polygon",
    "coordinates": [
     [[168694.42,6838441.34],[168722.17,6838458.67],[168729.72,6838443.81],[168722.89,6838425.34],[168696.76,6838421.77],[168676.78,6838457.98],[168680.9,6838466.17],[168690.12,6838464.64],[168694.42,6838441.34]]
    ]
   },
   "properties": {
    "name": null,
    "levelM": 1534.72,
    "n50Hoyde": 1534,
    "levelSource": "lidar water surface (p99 of DTM1 inside the lake) if above N50 hoyde",
    "areaKm2": 0.001,
    "lakeNo": null,
    "nameSource": null,
    "source": "N50 Kartdata, Kartverket, CC BY 4.0"
   }
  },
  {
   "type": "Feature",
   "geometry": {
    "type": "Polygon",
    "coordinates": [
     [[156163.19,6840923.77],[156124.13,6840900.13],[156111.41,6840902.98],[156102.63,6840923.78],[156135.64,6840935.69],[156163.19,6840923.77]]
    ]
   },
   "properties": {
    "name": null,
    "levelM": 1652.5,
    "n50Hoyde": 1652,
    "levelSource": "lidar water surface (p99 of DTM1 inside the lake) if above N50 hoyde",
    "areaKm2": 0.001,
    "lakeNo": null,
    "nameSource": null,
    "source": "N50 Kartdata, Kartverket, CC BY 4.0"
   }
  },
  {
   "type": "Feature",
   "geometry": {
    "type": "Polygon",
    "coordinates": [
     [[162400.24,6827450.91],[162428.24,6827459.02],[162423.79,6827436.88],[162410.27,6827424.02],[162399.34,6827426.3],[162376.17,6827455.9],[162378.76,6827473.99],[162400.24,6827450.91]]
    ]
   },
   "properties": {
    "name": null,
    "levelM": 1722.2,
    "n50Hoyde": 1722,
    "levelSource": "lidar water surface (p99 of DTM1 inside the lake) if above N50 hoyde",
    "areaKm2": 0.001,
    "lakeNo": null,
    "nameSource": null,
    "source": "N50 Kartdata, Kartverket, CC BY 4.0"
   }
  },
  {
   "type": "Feature",
   "geometry": {
    "type": "Polygon",
    "coordinates": [
     [[169898.37,6829218.76],[169897.79,6829208.43],[169880.24,6829182.65],[169865.15,6829179.3],[169868.63,6829227.33],[169884.72,6829231.59],[169898.37,6829218.76]]
    ]
   },
   "properties": {
    "name": null,
    "levelM": 1120.1,
    "n50Hoyde": 1120,
    "levelSource": "lidar water surface (p99 of DTM1 inside the lake) if above N50 hoyde",
    "areaKm2": 0.001,
    "lakeNo": null,
    "nameSource": null,
    "source": "N50 Kartdata, Kartverket, CC BY 4.0"
   }
  },
  {
   "type": "Feature",
   "geometry": {
    "type": "Polygon",
    "coordinates": [
     [[160547.47,6836724.36],[160540.72,6836738.74],[160514.26,6836745.22],[160536.11,6836763.89],[160574.39,6836770.6],[160547.47,6836724.36]]
    ]
   },
   "properties": {
    "name": null,
    "levelM": 1389.4,
    "n50Hoyde": 1388,
    "levelSource": "lidar water surface (p99 of DTM1 inside the lake) if above N50 hoyde",
    "areaKm2": 0.001,
    "lakeNo": null,
    "nameSource": null,
    "source": "N50 Kartdata, Kartverket, CC BY 4.0"
   }
  },
  {
   "type": "Feature",
   "geometry": {
    "type": "Polygon",
    "coordinates": [
     [[175521.26,6836563.7],[175495.74,6836542.04],[175481.96,6836508.44],[175490.28,6836577.78],[175497.63,6836588.57],[175522.47,6836570.14],[175521.26,6836563.7]]
    ]
   },
   "properties": {
    "name": null,
    "levelM": 957.3,
    "n50Hoyde": 957,
    "levelSource": "lidar water surface (p99 of DTM1 inside the lake) if above N50 hoyde",
    "areaKm2": 0.001,
    "lakeNo": null,
    "nameSource": null,
    "source": "N50 Kartdata, Kartverket, CC BY 4.0"
   }
  },
  {
   "type": "Feature",
   "geometry": {
    "type": "Polygon",
    "coordinates": [
     [[168670.51,6838347.53],[168675.66,6838326.68],[168651.17,6838323.39],[168642.96,6838329.05],[168633.56,6838343.48],[168637.78,6838368.82],[168670.51,6838347.53]]
    ]
   },
   "properties": {
    "name": null,
    "levelM": 1535.6,
    "n50Hoyde": 1535,
    "levelSource": "lidar water surface (p99 of DTM1 inside the lake) if above N50 hoyde",
    "areaKm2": 0.001,
    "lakeNo": null,
    "nameSource": null,
    "source": "N50 Kartdata, Kartverket, CC BY 4.0"
   }
  },
  {
   "type": "Feature",
   "geometry": {
    "type": "Polygon",
    "coordinates": [
     [[172761.24,6837774.26],[172727.47,6837750.19],[172696.94,6837761.9],[172738.39,6837785.78],[172754.26,6837784.56],[172761.24,6837774.26]]
    ]
   },
   "properties": {
    "name": null,
    "levelM": 1369.8,
    "n50Hoyde": 1369,
    "levelSource": "lidar water surface (p99 of DTM1 inside the lake) if above N50 hoyde",
    "areaKm2": 0.001,
    "lakeNo": null,
    "nameSource": null,
    "source": "N50 Kartdata, Kartverket, CC BY 4.0"
   }
  },
  {
   "type": "Feature",
   "geometry": {
    "type": "Polygon",
    "coordinates": [
     [[170017.86,6838062.98],[170006.53,6838056.55],[170003.25,6838028.22],[169984.99,6838049.0],[169979.41,6838075.91],[170009.74,6838083.44],[170017.86,6838062.98]]
    ]
   },
   "properties": {
    "name": null,
    "levelM": 1480.7,
    "n50Hoyde": 1480,
    "levelSource": "lidar water surface (p99 of DTM1 inside the lake) if above N50 hoyde",
    "areaKm2": 0.001,
    "lakeNo": null,
    "nameSource": null,
    "source": "N50 Kartdata, Kartverket, CC BY 4.0"
   }
  },
  {
   "type": "Feature",
   "geometry": {
    "type": "Polygon",
    "coordinates": [
     [[166645.3,6831692.03],[166681.42,6831696.28],[166684.65,6831675.03],[166608.14,6831687.76],[166610.92,6831697.08],[166640.56,6831702.61],[166645.3,6831692.03]]
    ]
   },
   "properties": {
    "name": null,
    "levelM": 1034.7,
    "n50Hoyde": 1034,
    "levelSource": "lidar water surface (p99 of DTM1 inside the lake) if above N50 hoyde",
    "areaKm2": 0.001,
    "lakeNo": null,
    "nameSource": null,
    "source": "N50 Kartdata, Kartverket, CC BY 4.0"
   }
  },
  {
   "type": "Feature",
   "geometry": {
    "type": "Polygon",
    "coordinates": [
     [[172486.97,6833162.88],[172474.93,6833146.8],[172454.94,6833149.65],[172450.48,6833165.22],[172462.83,6833186.87],[172480.11,6833191.06],[172486.97,6833162.88]]
    ]
   },
   "properties": {
    "name": null,
    "levelM": 965.1,
    "n50Hoyde": 965,
    "levelSource": "lidar water surface (p99 of DTM1 inside the lake) if above N50 hoyde",
    "areaKm2": 0.001,
    "lakeNo": null,
    "nameSource": null,
    "source": "N50 Kartdata, Kartverket, CC BY 4.0"
   }
  },
  {
   "type": "Feature",
   "geometry": {
    "type": "Polygon",
    "coordinates": [
     [[175534.38,6835768.34],[175526.14,6835745.98],[175516.65,6835746.61],[175500.22,6835781.33],[175508.47,6835794.67],[175530.75,6835789.67],[175534.38,6835768.34]]
    ]
   },
   "properties": {
    "name": null,
    "levelM": 983.1,
    "n50Hoyde": 983,
    "levelSource": "lidar water surface (p99 of DTM1 inside the lake) if above N50 hoyde",
    "areaKm2": 0.001,
    "lakeNo": null,
    "nameSource": null,
    "source": "N50 Kartdata, Kartverket, CC BY 4.0"
   }
  },
  {
   "type": "Feature",
   "geometry": {
    "type": "Polygon",
    "coordinates": [
     [[163162.61,6843204.33],[163134.75,6843178.49],[163125.28,6843203.36],[163143.64,6843226.45],[163165.71,6843222.96],[163162.61,6843204.33]]
    ]
   },
   "properties": {
    "name": null,
    "levelM": 1463.3,
    "n50Hoyde": 1463,
    "levelSource": "lidar water surface (p99 of DTM1 inside the lake) if above N50 hoyde",
    "areaKm2": 0.001,
    "lakeNo": null,
    "nameSource": null,
    "source": "N50 Kartdata, Kartverket, CC BY 4.0"
   }
  },
  {
   "type": "Feature",
   "geometry": {
    "type": "Polygon",
    "coordinates": [
     [[158095.05,6828067.55],[158072.66,6828056.88],[158066.68,6828090.83],[158086.74,6828111.07],[158094.35,6828110.08],[158095.05,6828067.55]]
    ]
   },
   "properties": {
    "name": null,
    "levelM": 1736.2,
    "n50Hoyde": 1736,
    "levelSource": "lidar water surface (p99 of DTM1 inside the lake) if above N50 hoyde",
    "areaKm2": 0.001,
    "lakeNo": null,
    "nameSource": null,
    "source": "N50 Kartdata, Kartverket, CC BY 4.0"
   }
  },
  {
   "type": "Feature",
   "geometry": {
    "type": "Polygon",
    "coordinates": [
     [[169784.52,6829150.17],[169798.82,6829105.96],[169776.7,6829109.24],[169777.55,6829129.76],[169753.53,6829177.21],[169761.84,6829179.97],[169784.52,6829150.17]]
    ]
   },
   "properties": {
    "name": null,
    "levelM": 1123.1,
    "n50Hoyde": 1123,
    "levelSource": "lidar water surface (p99 of DTM1 inside the lake) if above N50 hoyde",
    "areaKm2": 0.001,
    "lakeNo": null,
    "nameSource": null,
    "source": "N50 Kartdata, Kartverket, CC BY 4.0"
   }
  },
  {
   "type": "Feature",
   "geometry": {
    "type": "Polygon",
    "coordinates": [
     [[156254.6,6833697.3],[156226.78,6833696.95],[156207.75,6833707.82],[156218.38,6833728.25],[156264.02,6833711.5],[156254.6,6833697.3]]
    ]
   },
   "properties": {
    "name": null,
    "levelM": 1342.1,
    "n50Hoyde": 1342,
    "levelSource": "lidar water surface (p99 of DTM1 inside the lake) if above N50 hoyde",
    "areaKm2": 0.001,
    "lakeNo": null,
    "nameSource": null,
    "source": "N50 Kartdata, Kartverket, CC BY 4.0"
   }
  },
  {
   "type": "Feature",
   "geometry": {
    "type": "Polygon",
    "coordinates": [
     [[174741.87,6842829.98],[174731.15,6842796.5],[174697.25,6842822.52],[174702.71,6842834.03],[174734.02,6842838.36],[174741.87,6842829.98]]
    ]
   },
   "properties": {
    "name": null,
    "levelM": 1262.5,
    "n50Hoyde": 1262,
    "levelSource": "lidar water surface (p99 of DTM1 inside the lake) if above N50 hoyde",
    "areaKm2": 0.001,
    "lakeNo": null,
    "nameSource": null,
    "source": "N50 Kartdata, Kartverket, CC BY 4.0"
   }
  },
  {
   "type": "Feature",
   "geometry": {
    "type": "Polygon",
    "coordinates": [
     [[156398.03,6833721.47],[156347.4,6833727.54],[156349.47,6833748.24],[156406.26,6833739.41],[156398.03,6833721.47]]
    ]
   },
   "properties": {
    "name": null,
    "levelM": 1335.5,
    "n50Hoyde": 1335,
    "levelSource": "lidar water surface (p99 of DTM1 inside the lake) if above N50 hoyde",
    "areaKm2": 0.001,
    "lakeNo": null,
    "nameSource": null,
    "source": "N50 Kartdata, Kartverket, CC BY 4.0"
   }
  },
  {
   "type": "Feature",
   "geometry": {
    "type": "Polygon",
    "coordinates": [
     [[156368.49,6841100.32],[156350.19,6841093.91],[156357.07,6841085.66],[156351.04,6841064.26],[156345.38,6841064.13],[156339.03,6841095.41],[156317.78,6841096.46],[156309.29,6841087.2],[156303.69,6841102.08],[156322.24,6841112.28],[156368.49,6841100.32]]
    ]
   },
   "properties": {
    "name": null,
    "levelM": 1659.27,
    "n50Hoyde": 1658,
    "levelSource": "lidar water surface (p99 of DTM1 inside the lake) if above N50 hoyde",
    "areaKm2": 0.001,
    "lakeNo": null,
    "nameSource": null,
    "source": "N50 Kartdata, Kartverket, CC BY 4.0"
   }
  },
  {
   "type": "Feature",
   "geometry": {
    "type": "Polygon",
    "coordinates": [
     [[164209.64,6843255.9],[164202.94,6843242.09],[164209.76,6843221.6],[164168.14,6843213.92],[164168.84,6843226.41],[164188.9,6843238.36],[164191.33,6843264.0],[164198.56,6843264.0],[164209.64,6843255.9]]
    ]
   },
   "properties": {
    "name": null,
    "levelM": 1490.3,
    "n50Hoyde": 1490,
    "levelSource": "lidar water surface (p99 of DTM1 inside the lake) if above N50 hoyde",
    "areaKm2": 0.001,
    "lakeNo": null,
    "nameSource": null,
    "source": "N50 Kartdata, Kartverket, CC BY 4.0"
   }
  },
  {
   "type": "Feature",
   "geometry": {
    "type": "Polygon",
    "coordinates": [
     [[161674.34,6837367.4],[161645.07,6837335.04],[161650.63,6837386.28],[161666.65,6837407.62],[161674.34,6837367.4]]
    ]
   },
   "properties": {
    "name": null,
    "levelM": 1383.4,
    "n50Hoyde": 1383,
    "levelSource": "lidar water surface (p99 of DTM1 inside the lake) if above N50 hoyde",
    "areaKm2": 0.001,
    "lakeNo": null,
    "nameSource": null,
    "source": "N50 Kartdata, Kartverket, CC BY 4.0"
   }
  },
  {
   "type": "Feature",
   "geometry": {
    "type": "Polygon",
    "coordinates": [
     [[172519.46,6833275.01],[172517.37,6833253.13],[172497.59,6833220.39],[172499.02,6833245.9],[172486.92,6833280.94],[172512.05,6833282.78],[172519.46,6833275.01]]
    ]
   },
   "properties": {
    "name": null,
    "levelM": 964.1,
    "n50Hoyde": 964,
    "levelSource": "lidar water surface (p99 of DTM1 inside the lake) if above N50 hoyde",
    "areaKm2": 0.001,
    "lakeNo": 290138,
    "nameSource": null,
    "source": "N50 Kartdata, Kartverket, CC BY 4.0"
   }
  },
  {
   "type": "Feature",
   "geometry": {
    "type": "Polygon",
    "coordinates": [
     [[168903.14,6828817.67],[168899.46,6828800.14],[168888.68,6828789.14],[168863.57,6828785.39],[168864.31,6828795.14],[168877.08,6828803.8],[168874.77,6828823.62],[168894.58,6828831.73],[168903.14,6828817.67]]
    ]
   },
   "properties": {
    "name": null,
    "levelM": 1129.9,
    "n50Hoyde": 1129,
    "levelSource": "lidar water surface (p99 of DTM1 inside the lake) if above N50 hoyde",
    "areaKm2": 0.001,
    "lakeNo": null,
    "nameSource": null,
    "source": "N50 Kartdata, Kartverket, CC BY 4.0"
   }
  },
  {
   "type": "Feature",
   "geometry": {
    "type": "Polygon",
    "coordinates": [
     [[172685.45,6837849.45],[172658.11,6837827.95],[172631.0,6837826.14],[172641.15,6837844.29],[172665.0,6837853.95],[172684.41,6837874.86],[172685.45,6837849.45]]
    ]
   },
   "properties": {
    "name": null,
    "levelM": 1366.4,
    "n50Hoyde": 1366,
    "levelSource": "lidar water surface (p99 of DTM1 inside the lake) if above N50 hoyde",
    "areaKm2": 0.001,
    "lakeNo": null,
    "nameSource": null,
    "source": "N50 Kartdata, Kartverket, CC BY 4.0"
   }
  },
  {
   "type": "Feature",
   "geometry": {
    "type": "Polygon",
    "coordinates": [
     [[165632.32,6828771.55],[165616.0,6828760.93],[165598.62,6828800.8],[165632.38,6828807.79],[165632.32,6828771.55]]
    ]
   },
   "properties": {
    "name": null,
    "levelM": 1670.1,
    "n50Hoyde": 1670,
    "levelSource": "lidar water surface (p99 of DTM1 inside the lake) if above N50 hoyde",
    "areaKm2": 0.001,
    "lakeNo": null,
    "nameSource": null,
    "source": "N50 Kartdata, Kartverket, CC BY 4.0"
   }
  },
  {
   "type": "Feature",
   "geometry": {
    "type": "Polygon",
    "coordinates": [
     [[170715.24,6835282.88],[170701.67,6835270.06],[170683.7,6835274.04],[170674.26,6835263.57],[170670.61,6835277.96],[170682.62,6835296.72],[170702.17,6835305.64],[170715.24,6835282.88]]
    ]
   },
   "properties": {
    "name": null,
    "levelM": 1473.8,
    "n50Hoyde": 1473,
    "levelSource": "lidar water surface (p99 of DTM1 inside the lake) if above N50 hoyde",
    "areaKm2": 0.001,
    "lakeNo": null,
    "nameSource": null,
    "source": "N50 Kartdata, Kartverket, CC BY 4.0"
   }
  },
  {
   "type": "Feature",
   "geometry": {
    "type": "Polygon",
    "coordinates": [
     [[172071.14,6832889.68],[172050.75,6832873.27],[172039.21,6832874.87],[172030.81,6832885.6],[172033.09,6832899.95],[172059.67,6832912.0],[172071.14,6832889.68]]
    ]
   },
   "properties": {
    "name": null,
    "levelM": 974.1,
    "n50Hoyde": 974,
    "levelSource": "lidar water surface (p99 of DTM1 inside the lake) if above N50 hoyde",
    "areaKm2": 0.001,
    "lakeNo": null,
    "nameSource": null,
    "source": "N50 Kartdata, Kartverket, CC BY 4.0"
   }
  },
  {
   "type": "Feature",
   "geometry": {
    "type": "Polygon",
    "coordinates": [
     [[155910.28,6833328.63],[155918.85,6833300.15],[155934.07,6833293.47],[155934.37,6833285.44],[155904.0,6833265.31],[155904.0,6833324.5],[155910.28,6833328.63]]
    ]
   },
   "properties": {
    "name": null,
    "levelM": 1352.6,
    "n50Hoyde": 1352,
    "levelSource": "lidar water surface (p99 of DTM1 inside the lake) if above N50 hoyde",
    "areaKm2": 0.001,
    "lakeNo": null,
    "nameSource": null,
    "source": "N50 Kartdata, Kartverket, CC BY 4.0"
   }
  },
  {
   "type": "Feature",
   "geometry": {
    "type": "Polygon",
    "coordinates": [
     [[156826.38,6832425.21],[156799.37,6832397.46],[156787.9,6832442.19],[156805.95,6832445.59],[156826.38,6832425.21]]
    ]
   },
   "properties": {
    "name": null,
    "levelM": 1261.7,
    "n50Hoyde": 1261,
    "levelSource": "lidar water surface (p99 of DTM1 inside the lake) if above N50 hoyde",
    "areaKm2": 0.001,
    "lakeNo": null,
    "nameSource": null,
    "source": "N50 Kartdata, Kartverket, CC BY 4.0"
   }
  },
  {
   "type": "Feature",
   "geometry": {
    "type": "Polygon",
    "coordinates": [
     [[161841.13,6842505.56],[161834.24,6842487.46],[161807.31,6842488.66],[161789.8,6842499.68],[161796.96,6842509.82],[161822.98,6842514.0],[161841.13,6842505.56]]
    ]
   },
   "properties": {
    "name": null,
    "levelM": 1558.3,
    "n50Hoyde": 1558,
    "levelSource": "lidar water surface (p99 of DTM1 inside the lake) if above N50 hoyde",
    "areaKm2": 0.001,
    "lakeNo": null,
    "nameSource": null,
    "source": "N50 Kartdata, Kartverket, CC BY 4.0"
   }
  },
  {
   "type": "Feature",
   "geometry": {
    "type": "Polygon",
    "coordinates": [
     [[157429.23,6835772.08],[157412.39,6835762.92],[157381.84,6835778.65],[157388.76,6835792.49],[157419.74,6835793.66],[157429.23,6835772.08]]
    ]
   },
   "properties": {
    "name": null,
    "levelM": 1441.3,
    "n50Hoyde": 1441,
    "levelSource": "lidar water surface (p99 of DTM1 inside the lake) if above N50 hoyde",
    "areaKm2": 0.001,
    "lakeNo": null,
    "nameSource": null,
    "source": "N50 Kartdata, Kartverket, CC BY 4.0"
   }
  },
  {
   "type": "Feature",
   "geometry": {
    "type": "Polygon",
    "coordinates": [
     [[156308.31,6841303.34],[156315.01,6841294.7],[156303.14,6841272.08],[156280.32,6841284.71],[156282.02,6841301.79],[156296.49,6841302.9],[156291.57,6841321.55],[156312.16,6841311.31],[156308.31,6841303.34]]
    ]
   },
   "properties": {
    "name": null,
    "levelM": 1673.1,
    "n50Hoyde": 1673,
    "levelSource": "lidar water surface (p99 of DTM1 inside the lake) if above N50 hoyde",
    "areaKm2": 0.001,
    "lakeNo": null,
    "nameSource": null,
    "source": "N50 Kartdata, Kartverket, CC BY 4.0"
   }
  },
  {
   "type": "Feature",
   "geometry": {
    "type": "Polygon",
    "coordinates": [
     [[172846.47,6837529.72],[172830.12,6837532.45],[172812.09,6837523.41],[172818.14,6837552.18],[172828.04,6837566.19],[172840.85,6837567.65],[172846.47,6837529.72]]
    ]
   },
   "properties": {
    "name": null,
    "levelM": 1369.6,
    "n50Hoyde": 1369,
    "levelSource": "lidar water surface (p99 of DTM1 inside the lake) if above N50 hoyde",
    "areaKm2": 0.001,
    "lakeNo": null,
    "nameSource": null,
    "source": "N50 Kartdata, Kartverket, CC BY 4.0"
   }
  },
  {
   "type": "Feature",
   "geometry": {
    "type": "Polygon",
    "coordinates": [
     [[172338.89,6832433.1],[172323.49,6832432.26],[172318.11,6832436.97],[172323.99,6832480.27],[172343.32,6832476.43],[172338.89,6832433.1]]
    ]
   },
   "properties": {
    "name": null,
    "levelM": 975.1,
    "n50Hoyde": 975,
    "levelSource": "lidar water surface (p99 of DTM1 inside the lake) if above N50 hoyde",
    "areaKm2": 0.001,
    "lakeNo": null,
    "nameSource": null,
    "source": "N50 Kartdata, Kartverket, CC BY 4.0"
   }
  },
  {
   "type": "Feature",
   "geometry": {
    "type": "Polygon",
    "coordinates": [
     [[172670.93,6837757.59],[172645.03,6837739.79],[172633.03,6837768.79],[172640.55,6837778.65],[172656.41,6837781.49],[172670.93,6837757.59]]
    ]
   },
   "properties": {
    "name": null,
    "levelM": 1369.4,
    "n50Hoyde": 1369,
    "levelSource": "lidar water surface (p99 of DTM1 inside the lake) if above N50 hoyde",
    "areaKm2": 0.001,
    "lakeNo": null,
    "nameSource": null,
    "source": "N50 Kartdata, Kartverket, CC BY 4.0"
   }
  },
  {
   "type": "Feature",
   "geometry": {
    "type": "Polygon",
    "coordinates": [
     [[170086.19,6835654.17],[170078.72,6835638.59],[170042.43,6835661.36],[170043.3,6835673.05],[170061.96,6835678.38],[170086.19,6835654.17]]
    ]
   },
   "properties": {
    "name": null,
    "levelM": 1527.8,
    "n50Hoyde": 1527,
    "levelSource": "lidar water surface (p99 of DTM1 inside the lake) if above N50 hoyde",
    "areaKm2": 0.001,
    "lakeNo": null,
    "nameSource": null,
    "source": "N50 Kartdata, Kartverket, CC BY 4.0"
   }
  },
  {
   "type": "Feature",
   "geometry": {
    "type": "Polygon",
    "coordinates": [
     [[167329.37,6840234.21],[167341.5,6840223.36],[167336.72,6840212.12],[167320.9,6840217.3],[167304.65,6840258.26],[167308.99,6840282.51],[167329.37,6840234.21]]
    ]
   },
   "properties": {
    "name": null,
    "levelM": 1422.6,
    "n50Hoyde": 1422,
    "levelSource": "lidar water surface (p99 of DTM1 inside the lake) if above N50 hoyde",
    "areaKm2": 0.001,
    "lakeNo": null,
    "nameSource": null,
    "source": "N50 Kartdata, Kartverket, CC BY 4.0"
   }
  },
  {
   "type": "Feature",
   "geometry": {
    "type": "Polygon",
    "coordinates": [
     [[175500.77,6835737.31],[175490.81,6835747.91],[175479.63,6835740.6],[175467.63,6835744.84],[175463.25,6835729.55],[175445.44,6835726.07],[175457.04,6835755.13],[175500.04,6835760.51],[175500.77,6835737.31]]
    ]
   },
   "properties": {
    "name": null,
    "levelM": 983.1,
    "n50Hoyde": 983,
    "levelSource": "lidar water surface (p99 of DTM1 inside the lake) if above N50 hoyde",
    "areaKm2": 0.001,
    "lakeNo": null,
    "nameSource": null,
    "source": "N50 Kartdata, Kartverket, CC BY 4.0"
   }
  },
  {
   "type": "Feature",
   "geometry": {
    "type": "Polygon",
    "coordinates": [
     [[170200.62,6831785.42],[170201.11,6831775.49],[170164.13,6831772.82],[170149.36,6831787.17],[170150.88,6831796.67],[170188.08,6831793.01],[170200.62,6831785.42]]
    ]
   },
   "properties": {
    "name": null,
    "levelM": 984.1,
    "n50Hoyde": 984,
    "levelSource": "lidar water surface (p99 of DTM1 inside the lake) if above N50 hoyde",
    "areaKm2": 0.001,
    "lakeNo": null,
    "nameSource": null,
    "source": "N50 Kartdata, Kartverket, CC BY 4.0"
   }
  },
  {
   "type": "Feature",
   "geometry": {
    "type": "Polygon",
    "coordinates": [
     [[172785.13,6832818.94],[172756.75,6832816.61],[172762.55,6832851.58],[172783.05,6832854.66],[172785.13,6832818.94]]
    ]
   },
   "properties": {
    "name": null,
    "levelM": 969.57,
    "n50Hoyde": 969,
    "levelSource": "lidar water surface (p99 of DTM1 inside the lake) if above N50 hoyde",
    "areaKm2": 0.001,
    "lakeNo": null,
    "nameSource": null,
    "source": "N50 Kartdata, Kartverket, CC BY 4.0"
   }
  },
  {
   "type": "Feature",
   "geometry": {
    "type": "Polygon",
    "coordinates": [
     [[173411.96,6834042.29],[173398.03,6834036.01],[173390.54,6834042.62],[173387.94,6834068.55],[173393.93,6834080.58],[173407.86,6834082.06],[173411.96,6834042.29]]
    ]
   },
   "properties": {
    "name": null,
    "levelM": 967.1,
    "n50Hoyde": 967,
    "levelSource": "lidar water surface (p99 of DTM1 inside the lake) if above N50 hoyde",
    "areaKm2": 0.001,
    "lakeNo": null,
    "nameSource": null,
    "source": "N50 Kartdata, Kartverket, CC BY 4.0"
   }
  },
  {
   "type": "Feature",
   "geometry": {
    "type": "Polygon",
    "coordinates": [
     [[172569.57,6833939.69],[172538.27,6833925.6],[172535.19,6833950.44],[172559.99,6833968.24],[172569.57,6833939.69]]
    ]
   },
   "properties": {
    "name": null,
    "levelM": 956.1,
    "n50Hoyde": 956,
    "levelSource": "lidar water surface (p99 of DTM1 inside the lake) if above N50 hoyde",
    "areaKm2": 0.001,
    "lakeNo": null,
    "nameSource": null,
    "source": "N50 Kartdata, Kartverket, CC BY 4.0"
   }
  },
  {
   "type": "Feature",
   "geometry": {
    "type": "Polygon",
    "coordinates": [
     [[167518.28,6827003.42],[167515.28,6826989.73],[167479.76,6826993.11],[167475.22,6827014.02],[167495.21,6827016.67],[167518.28,6827003.42]]
    ]
   },
   "properties": {
    "name": null,
    "levelM": 1211.7,
    "n50Hoyde": 1211,
    "levelSource": "lidar water surface (p99 of DTM1 inside the lake) if above N50 hoyde",
    "areaKm2": 0.001,
    "lakeNo": null,
    "nameSource": null,
    "source": "N50 Kartdata, Kartverket, CC BY 4.0"
   }
  },
  {
   "type": "Feature",
   "geometry": {
    "type": "Polygon",
    "coordinates": [
     [[161943.22,6832577.21],[161928.2,6832557.7],[161916.19,6832559.38],[161900.27,6832576.48],[161901.48,6832583.57],[161925.0,6832588.43],[161943.22,6832577.21]]
    ]
   },
   "properties": {
    "name": null,
    "levelM": 1381.1,
    "n50Hoyde": 1381,
    "levelSource": "lidar water surface (p99 of DTM1 inside the lake) if above N50 hoyde",
    "areaKm2": 0.001,
    "lakeNo": null,
    "nameSource": null,
    "source": "N50 Kartdata, Kartverket, CC BY 4.0"
   }
  },
  {
   "type": "Feature",
   "geometry": {
    "type": "Polygon",
    "coordinates": [
     [[172318.98,6833060.85],[172316.87,6833045.36],[172307.53,6833041.93],[172289.05,6833061.4],[172299.78,6833085.03],[172307.34,6833085.52],[172318.98,6833060.85]]
    ]
   },
   "properties": {
    "name": null,
    "levelM": 975.1,
    "n50Hoyde": 975,
    "levelSource": "lidar water surface (p99 of DTM1 inside the lake) if above N50 hoyde",
    "areaKm2": 0.001,
    "lakeNo": null,
    "nameSource": null,
    "source": "N50 Kartdata, Kartverket, CC BY 4.0"
   }
  },
  {
   "type": "Feature",
   "geometry": {
    "type": "Polygon",
    "coordinates": [
     [[172018.63,6829684.37],[172003.82,6829662.65],[171993.38,6829659.39],[171993.44,6829695.85],[172010.82,6829708.19],[172018.63,6829684.37]]
    ]
   },
   "properties": {
    "name": null,
    "levelM": 1319.7,
    "n50Hoyde": 1319,
    "levelSource": "lidar water surface (p99 of DTM1 inside the lake) if above N50 hoyde",
    "areaKm2": 0.001,
    "lakeNo": null,
    "nameSource": null,
    "source": "N50 Kartdata, Kartverket, CC BY 4.0"
   }
  },
  {
   "type": "Feature",
   "geometry": {
    "type": "Polygon",
    "coordinates": [
     [[172710.89,6833932.31],[172702.15,6833935.52],[172701.23,6833945.5],[172700.89,6834010.57],[172714.88,6833990.82],[172710.89,6833932.31]]
    ]
   },
   "properties": {
    "name": null,
    "levelM": 956.1,
    "n50Hoyde": 956,
    "levelSource": "lidar water surface (p99 of DTM1 inside the lake) if above N50 hoyde",
    "areaKm2": 0.001,
    "lakeNo": null,
    "nameSource": null,
    "source": "N50 Kartdata, Kartverket, CC BY 4.0"
   }
  },
  {
   "type": "Feature",
   "geometry": {
    "type": "Polygon",
    "coordinates": [
     [[171103.07,6832376.98],[171088.51,6832357.74],[171076.96,6832359.43],[171071.43,6832370.19],[171074.04,6832393.76],[171082.95,6832396.92],[171103.07,6832376.98]]
    ]
   },
   "properties": {
    "name": null,
    "levelM": 983.4,
    "n50Hoyde": 983,
    "levelSource": "lidar water surface (p99 of DTM1 inside the lake) if above N50 hoyde",
    "areaKm2": 0.001,
    "lakeNo": null,
    "nameSource": null,
    "source": "N50 Kartdata, Kartverket, CC BY 4.0"
   }
  },
  {
   "type": "Feature",
   "geometry": {
    "type": "Polygon",
    "coordinates": [
     [[157064.65,6841039.42],[157062.24,6841021.11],[157056.81,6841030.81],[157038.11,6841027.53],[157023.67,6841035.37],[157037.45,6841054.36],[157048.9,6841056.54],[157064.65,6841039.42]]
    ]
   },
   "properties": {
    "name": null,
    "levelM": 1769.3,
    "n50Hoyde": 1769,
    "levelSource": "lidar water surface (p99 of DTM1 inside the lake) if above N50 hoyde",
    "areaKm2": 0.001,
    "lakeNo": null,
    "nameSource": null,
    "source": "N50 Kartdata, Kartverket, CC BY 4.0"
   }
  },
  {
   "type": "Feature",
   "geometry": {
    "type": "Polygon",
    "coordinates": [
     [[172707.83,6827602.45],[172701.7,6827587.78],[172668.11,6827597.27],[172666.07,6827612.0],[172682.51,6827618.34],[172707.83,6827602.45]]
    ]
   },
   "properties": {
    "name": null,
    "levelM": 1350.4,
    "n50Hoyde": 1350,
    "levelSource": "lidar water surface (p99 of DTM1 inside the lake) if above N50 hoyde",
    "areaKm2": 0.001,
    "lakeNo": null,
    "nameSource": null,
    "source": "N50 Kartdata, Kartverket, CC BY 4.0"
   }
  },
  {
   "type": "Feature",
   "geometry": {
    "type": "Polygon",
    "coordinates": [
     [[164146.86,6832010.21],[164102.91,6832021.2],[164114.6,6832037.92],[164150.63,6832027.7],[164146.86,6832010.21]]
    ]
   },
   "properties": {
    "name": null,
    "levelM": 1601.29,
    "n50Hoyde": 1601,
    "levelSource": "lidar water surface (p99 of DTM1 inside the lake) if above N50 hoyde",
    "areaKm2": 0.001,
    "lakeNo": null,
    "nameSource": null,
    "source": "N50 Kartdata, Kartverket, CC BY 4.0"
   }
  },
  {
   "type": "Feature",
   "geometry": {
    "type": "Polygon",
    "coordinates": [
     [[171685.82,6839853.22],[171701.08,6839849.21],[171703.14,6839837.65],[171667.37,6839842.32],[171663.18,6839872.21],[171676.47,6839873.86],[171685.82,6839853.22]]
    ]
   },
   "properties": {
    "name": null,
    "levelM": 1142.7,
    "n50Hoyde": 1142,
    "levelSource": "lidar water surface (p99 of DTM1 inside the lake) if above N50 hoyde",
    "areaKm2": 0.001,
    "lakeNo": null,
    "nameSource": null,
    "source": "N50 Kartdata, Kartverket, CC BY 4.0"
   }
  },
  {
   "type": "Feature",
   "geometry": {
    "type": "Polygon",
    "coordinates": [
     [[175984.87,6833123.1],[175981.37,6833104.92],[175954.47,6833113.03],[175947.12,6833134.84],[175956.77,6833138.77],[175984.87,6833123.1]]
    ]
   },
   "properties": {
    "name": null,
    "levelM": 1154.1,
    "n50Hoyde": 1154,
    "levelSource": "lidar water surface (p99 of DTM1 inside the lake) if above N50 hoyde",
    "areaKm2": 0.001,
    "lakeNo": null,
    "nameSource": null,
    "source": "N50 Kartdata, Kartverket, CC BY 4.0"
   }
  },
  {
   "type": "Feature",
   "geometry": {
    "type": "Polygon",
    "coordinates": [
     [[159706.91,6836318.96],[159705.55,6836306.31],[159694.56,6836295.72],[159669.65,6836305.71],[159676.92,6836322.34],[159698.62,6836325.09],[159706.91,6836318.96]]
    ]
   },
   "properties": {
    "name": null,
    "levelM": 1524.6,
    "n50Hoyde": 1524,
    "levelSource": "lidar water surface (p99 of DTM1 inside the lake) if above N50 hoyde",
    "areaKm2": 0.001,
    "lakeNo": null,
    "nameSource": null,
    "source": "N50 Kartdata, Kartverket, CC BY 4.0"
   }
  },
  {
   "type": "Feature",
   "geometry": {
    "type": "Polygon",
    "coordinates": [
     [[159982.25,6828302.14],[159952.04,6828294.3],[159951.4,6828305.58],[159966.07,6828325.94],[159981.67,6828332.25],[159982.25,6828302.14]]
    ]
   },
   "properties": {
    "name": null,
    "levelM": 1895.1,
    "n50Hoyde": 1895,
    "levelSource": "lidar water surface (p99 of DTM1 inside the lake) if above N50 hoyde",
    "areaKm2": 0.001,
    "lakeNo": null,
    "nameSource": null,
    "source": "N50 Kartdata, Kartverket, CC BY 4.0"
   }
  },
  {
   "type": "Feature",
   "geometry": {
    "type": "Polygon",
    "coordinates": [
     [[156666.0,6833481.07],[156624.62,6833491.4],[156624.89,6833497.51],[156669.14,6833509.73],[156666.0,6833481.07]]
    ]
   },
   "properties": {
    "name": null,
    "levelM": 1346.1,
    "n50Hoyde": 1346,
    "levelSource": "lidar water surface (p99 of DTM1 inside the lake) if above N50 hoyde",
    "areaKm2": 0.001,
    "lakeNo": null,
    "nameSource": null,
    "source": "N50 Kartdata, Kartverket, CC BY 4.0"
   }
  },
  {
   "type": "Feature",
   "geometry": {
    "type": "Polygon",
    "coordinates": [
     [[173213.65,6832311.07],[173189.41,6832300.07],[173180.1,6832304.62],[173183.87,6832325.38],[173216.26,6832329.81],[173213.65,6832311.07]]
    ]
   },
   "properties": {
    "name": null,
    "levelM": 1069.2,
    "n50Hoyde": 1069,
    "levelSource": "lidar water surface (p99 of DTM1 inside the lake) if above N50 hoyde",
    "areaKm2": 0.001,
    "lakeNo": null,
    "nameSource": null,
    "source": "N50 Kartdata, Kartverket, CC BY 4.0"
   }
  },
  {
   "type": "Feature",
   "geometry": {
    "type": "Polygon",
    "coordinates": [
     [[156668.12,6840770.83],[156687.04,6840769.41],[156695.89,6840759.79],[156694.44,6840747.25],[156665.38,6840760.84],[156656.95,6840748.48],[156648.91,6840755.07],[156649.89,6840765.08],[156659.67,6840765.46],[156666.81,6840780.63],[156675.0,6840781.75],[156668.12,6840770.83]]
    ]
   },
   "properties": {
    "name": null,
    "levelM": 1646.33,
    "n50Hoyde": 1646,
    "levelSource": "lidar water surface (p99 of DTM1 inside the lake) if above N50 hoyde",
    "areaKm2": 0.001,
    "lakeNo": null,
    "nameSource": null,
    "source": "N50 Kartdata, Kartverket, CC BY 4.0"
   }
  },
  {
   "type": "Feature",
   "geometry": {
    "type": "Polygon",
    "coordinates": [
     [[159422.66,6828579.37],[159384.14,6828584.61],[159408.53,6828613.8],[159415.09,6828612.8],[159422.66,6828579.37]]
    ]
   },
   "properties": {
    "name": null,
    "levelM": 1793.2,
    "n50Hoyde": 1793,
    "levelSource": "lidar water surface (p99 of DTM1 inside the lake) if above N50 hoyde",
    "areaKm2": 0.001,
    "lakeNo": null,
    "nameSource": null,
    "source": "N50 Kartdata, Kartverket, CC BY 4.0"
   }
  },
  {
   "type": "Feature",
   "geometry": {
    "type": "Polygon",
    "coordinates": [
     [[170296.68,6835347.63],[170284.17,6835348.51],[170275.01,6835357.32],[170287.07,6835380.21],[170307.05,6835387.25],[170296.68,6835347.63]]
    ]
   },
   "properties": {
    "name": null,
    "levelM": 1555.3,
    "n50Hoyde": 1554,
    "levelSource": "lidar water surface (p99 of DTM1 inside the lake) if above N50 hoyde",
    "areaKm2": 0.001,
    "lakeNo": null,
    "nameSource": null,
    "source": "N50 Kartdata, Kartverket, CC BY 4.0"
   }
  },
  {
   "type": "Feature",
   "geometry": {
    "type": "Polygon",
    "coordinates": [
     [[160620.64,6842352.54],[160572.31,6842348.65],[160593.25,6842373.83],[160621.7,6842362.15],[160620.64,6842352.54]]
    ]
   },
   "properties": {
    "name": null,
    "levelM": 1554.4,
    "n50Hoyde": 1554,
    "levelSource": "lidar water surface (p99 of DTM1 inside the lake) if above N50 hoyde",
    "areaKm2": 0.001,
    "lakeNo": null,
    "nameSource": null,
    "source": "N50 Kartdata, Kartverket, CC BY 4.0"
   }
  },
  {
   "type": "Feature",
   "geometry": {
    "type": "Polygon",
    "coordinates": [
     [[175066.02,6839051.26],[175060.43,6839021.23],[175045.67,6839010.57],[175048.62,6839059.66],[175060.64,6839062.57],[175066.02,6839051.26]]
    ]
   },
   "properties": {
    "name": null,
    "levelM": 1225.1,
    "n50Hoyde": 1225,
    "levelSource": "lidar water surface (p99 of DTM1 inside the lake) if above N50 hoyde",
    "areaKm2": 0.001,
    "lakeNo": null,
    "nameSource": null,
    "source": "N50 Kartdata, Kartverket, CC BY 4.0"
   }
  },
  {
   "type": "Feature",
   "geometry": {
    "type": "Polygon",
    "coordinates": [
     [[163492.65,6827591.72],[163473.69,6827580.57],[163443.45,6827575.87],[163442.3,6827587.62],[163450.25,6827593.78],[163491.93,6827598.37],[163492.65,6827591.72]]
    ]
   },
   "properties": {
    "name": null,
    "levelM": 1818.8,
    "n50Hoyde": 1818,
    "levelSource": "lidar water surface (p99 of DTM1 inside the lake) if above N50 hoyde",
    "areaKm2": 0.001,
    "lakeNo": null,
    "nameSource": null,
    "source": "N50 Kartdata, Kartverket, CC BY 4.0"
   }
  },
  {
   "type": "Feature",
   "geometry": {
    "type": "Polygon",
    "coordinates": [
     [[157654.4,6832607.98],[157622.25,6832602.93],[157620.79,6832631.83],[157637.66,6832633.32],[157654.4,6832607.98]]
    ]
   },
   "properties": {
    "name": null,
    "levelM": 1285.1,
    "n50Hoyde": 1285,
    "levelSource": "lidar water surface (p99 of DTM1 inside the lake) if above N50 hoyde",
    "areaKm2": 0.001,
    "lakeNo": null,
    "nameSource": null,
    "source": "N50 Kartdata, Kartverket, CC BY 4.0"
   }
  },
  {
   "type": "Feature",
   "geometry": {
    "type": "Polygon",
    "coordinates": [
     [[164109.23,6843191.16],[164085.98,6843173.53],[164073.79,6843190.1],[164086.53,6843204.25],[164106.19,6843206.15],[164109.23,6843191.16]]
    ]
   },
   "properties": {
    "name": null,
    "levelM": 1489.1,
    "n50Hoyde": 1489,
    "levelSource": "lidar water surface (p99 of DTM1 inside the lake) if above N50 hoyde",
    "areaKm2": 0.001,
    "lakeNo": null,
    "nameSource": null,
    "source": "N50 Kartdata, Kartverket, CC BY 4.0"
   }
  },
  {
   "type": "Feature",
   "geometry": {
    "type": "Polygon",
    "coordinates": [
     [[157352.75,6837727.65],[157339.11,6837716.74],[157299.51,6837729.45],[157310.44,6837737.72],[157345.54,6837737.0],[157352.75,6837727.65]]
    ]
   },
   "properties": {
    "name": null,
    "levelM": 1760.3,
    "n50Hoyde": 1760,
    "levelSource": "lidar water surface (p99 of DTM1 inside the lake) if above N50 hoyde",
    "areaKm2": 0.001,
    "lakeNo": null,
    "nameSource": null,
    "source": "N50 Kartdata, Kartverket, CC BY 4.0"
   }
  },
  {
   "type": "Feature",
   "geometry": {
    "type": "Polygon",
    "coordinates": [
     [[156159.1,6840837.91],[156134.77,6840829.96],[156132.95,6840857.79],[156157.04,6840865.18],[156159.1,6840837.91]]
    ]
   },
   "properties": {
    "name": null,
    "levelM": 1653.1,
    "n50Hoyde": 1653,
    "levelSource": "lidar water surface (p99 of DTM1 inside the lake) if above N50 hoyde",
    "areaKm2": 0.001,
    "lakeNo": null,
    "nameSource": null,
    "source": "N50 Kartdata, Kartverket, CC BY 4.0"
   }
  },
  {
   "type": "Feature",
   "geometry": {
    "type": "Polygon",
    "coordinates": [
     [[164128.86,6832491.94],[164095.82,6832495.1],[164121.92,6832519.16],[164138.94,6832518.32],[164128.86,6832491.94]]
    ]
   },
   "properties": {
    "name": null,
    "levelM": 1464.1,
    "n50Hoyde": 1463,
    "levelSource": "lidar water surface (p99 of DTM1 inside the lake) if above N50 hoyde",
    "areaKm2": 0.001,
    "lakeNo": null,
    "nameSource": null,
    "source": "N50 Kartdata, Kartverket, CC BY 4.0"
   }
  },
  {
   "type": "Feature",
   "geometry": {
    "type": "Polygon",
    "coordinates": [
     [[162278.91,6827695.34],[162275.33,6827679.97],[162233.53,6827670.86],[162249.79,6827691.33],[162269.57,6827700.27],[162278.91,6827695.34]]
    ]
   },
   "properties": {
    "name": null,
    "levelM": 1721.9,
    "n50Hoyde": 1721,
    "levelSource": "lidar water surface (p99 of DTM1 inside the lake) if above N50 hoyde",
    "areaKm2": 0.001,
    "lakeNo": null,
    "nameSource": null,
    "source": "N50 Kartdata, Kartverket, CC BY 4.0"
   }
  },
  {
   "type": "Feature",
   "geometry": {
    "type": "Polygon",
    "coordinates": [
     [[170257.41,6837956.46],[170240.28,6837942.25],[170216.59,6837963.57],[170221.1,6837971.27],[170237.14,6837972.11],[170257.41,6837956.46]]
    ]
   },
   "properties": {
    "name": null,
    "levelM": 1469.6,
    "n50Hoyde": 1469,
    "levelSource": "lidar water surface (p99 of DTM1 inside the lake) if above N50 hoyde",
    "areaKm2": 0.001,
    "lakeNo": null,
    "nameSource": null,
    "source": "N50 Kartdata, Kartverket, CC BY 4.0"
   }
  },
  {
   "type": "Feature",
   "geometry": {
    "type": "Polygon",
    "coordinates": [
     [[175059.47,6835190.19],[175030.9,6835184.29],[175061.12,6835224.91],[175070.08,6835211.71],[175059.47,6835190.19]]
    ]
   },
   "properties": {
    "name": null,
    "levelM": 972.1,
    "n50Hoyde": 972,
    "levelSource": "lidar water surface (p99 of DTM1 inside the lake) if above N50 hoyde",
    "areaKm2": 0.001,
    "lakeNo": null,
    "nameSource": null,
    "source": "N50 Kartdata, Kartverket, CC BY 4.0"
   }
  },
  {
   "type": "Feature",
   "geometry": {
    "type": "Polygon",
    "coordinates": [
     [[156949.61,6838107.11],[156943.99,6838077.57],[156922.32,6838086.78],[156934.8,6838118.38],[156949.61,6838107.11]]
    ]
   },
   "properties": {
    "name": null,
    "levelM": 1748.41,
    "n50Hoyde": 1748,
    "levelSource": "lidar water surface (p99 of DTM1 inside the lake) if above N50 hoyde",
    "areaKm2": 0.001,
    "lakeNo": null,
    "nameSource": null,
    "source": "N50 Kartdata, Kartverket, CC BY 4.0"
   }
  },
  {
   "type": "Feature",
   "geometry": {
    "type": "Polygon",
    "coordinates": [
     [[175391.8,6831729.35],[175383.02,6831736.05],[175397.93,6831750.87],[175406.47,6831779.24],[175412.37,6831778.93],[175407.95,6831731.83],[175391.8,6831729.35]]
    ]
   },
   "properties": {
    "name": null,
    "levelM": 1319.4,
    "n50Hoyde": 1319,
    "levelSource": "lidar water surface (p99 of DTM1 inside the lake) if above N50 hoyde",
    "areaKm2": 0.001,
    "lakeNo": 32563,
    "nameSource": null,
    "source": "N50 Kartdata, Kartverket, CC BY 4.0"
   }
  },
  {
   "type": "Feature",
   "geometry": {
    "type": "Polygon",
    "coordinates": [
     [[172632.61,6834031.15],[172613.25,6833986.93],[172608.11,6834001.59],[172624.89,6834049.13],[172631.29,6834047.96],[172632.61,6834031.15]]
    ]
   },
   "properties": {
    "name": null,
    "levelM": 956.1,
    "n50Hoyde": 956,
    "levelSource": "lidar water surface (p99 of DTM1 inside the lake) if above N50 hoyde",
    "areaKm2": 0.001,
    "lakeNo": null,
    "nameSource": null,
    "source": "N50 Kartdata, Kartverket, CC BY 4.0"
   }
  },
  {
   "type": "Feature",
   "geometry": {
    "type": "Polygon",
    "coordinates": [
     [[174158.84,6833834.59],[174102.69,6833833.62],[174104.12,6833847.16],[174169.39,6833841.07],[174158.84,6833834.59]]
    ]
   },
   "properties": {
    "name": null,
    "levelM": 1005.1,
    "n50Hoyde": 1005,
    "levelSource": "lidar water surface (p99 of DTM1 inside the lake) if above N50 hoyde",
    "areaKm2": 0.001,
    "lakeNo": null,
    "nameSource": null,
    "source": "N50 Kartdata, Kartverket, CC BY 4.0"
   }
  },
  {
   "type": "Feature",
   "geometry": {
    "type": "Polygon",
    "coordinates": [
     [[172263.81,6833139.56],[172241.81,6833134.39],[172237.49,6833147.41],[172250.28,6833169.53],[172258.01,6833170.62],[172263.81,6833139.56]]
    ]
   },
   "properties": {
    "name": null,
    "levelM": 980.1,
    "n50Hoyde": 980,
    "levelSource": "lidar water surface (p99 of DTM1 inside the lake) if above N50 hoyde",
    "areaKm2": 0.001,
    "lakeNo": null,
    "nameSource": null,
    "source": "N50 Kartdata, Kartverket, CC BY 4.0"
   }
  },
  {
   "type": "Feature",
   "geometry": {
    "type": "Polygon",
    "coordinates": [
     [[171777.61,6837901.11],[171785.96,6837944.12],[171802.21,6837954.54],[171794.15,6837911.63],[171777.61,6837901.11]]
    ]
   },
   "properties": {
    "name": null,
    "levelM": 1355.1,
    "n50Hoyde": 1355,
    "levelSource": "lidar water surface (p99 of DTM1 inside the lake) if above N50 hoyde",
    "areaKm2": 0.001,
    "lakeNo": null,
    "nameSource": null,
    "source": "N50 Kartdata, Kartverket, CC BY 4.0"
   }
  },
  {
   "type": "Feature",
   "geometry": {
    "type": "Polygon",
    "coordinates": [
     [[160078.15,6835822.58],[160068.73,6835814.51],[160057.19,6835819.86],[160053.75,6835838.09],[160081.9,6835848.46],[160078.15,6835822.58]]
    ]
   },
   "properties": {
    "name": null,
    "levelM": 1515.6,
    "n50Hoyde": 1515,
    "levelSource": "lidar water surface (p99 of DTM1 inside the lake) if above N50 hoyde",
    "areaKm2": 0.001,
    "lakeNo": null,
    "nameSource": null,
    "source": "N50 Kartdata, Kartverket, CC BY 4.0"
   }
  },
  {
   "type": "Feature",
   "geometry": {
    "type": "Polygon",
    "coordinates": [
     [[171697.61,6828557.47],[171686.3,6828534.11],[171666.47,6828554.84],[171671.47,6828564.2],[171689.97,6828567.99],[171697.61,6828557.47]]
    ]
   },
   "properties": {
    "name": null,
    "levelM": 1307.1,
    "n50Hoyde": 1307,
    "levelSource": "lidar water surface (p99 of DTM1 inside the lake) if above N50 hoyde",
    "areaKm2": 0.001,
    "lakeNo": null,
    "nameSource": null,
    "source": "N50 Kartdata, Kartverket, CC BY 4.0"
   }
  },
  {
   "type": "Feature",
   "geometry": {
    "type": "Polygon",
    "coordinates": [
     [[171460.94,6832320.53],[171446.85,6832324.06],[171433.46,6832352.16],[171436.04,6832358.62],[171454.73,6832353.6],[171460.94,6832320.53]]
    ]
   },
   "properties": {
    "name": null,
    "levelM": 977.5,
    "n50Hoyde": 977,
    "levelSource": "lidar water surface (p99 of DTM1 inside the lake) if above N50 hoyde",
    "areaKm2": 0.001,
    "lakeNo": null,
    "nameSource": null,
    "source": "N50 Kartdata, Kartverket, CC BY 4.0"
   }
  },
  {
   "type": "Feature",
   "geometry": {
    "type": "Polygon",
    "coordinates": [
     [[156325.27,6841348.57],[156319.26,6841351.85],[156294.62,6841331.65],[156304.65,6841354.16],[156299.98,6841372.44],[156315.74,6841377.38],[156325.27,6841348.57]]
    ]
   },
   "properties": {
    "name": null,
    "levelM": 1673.1,
    "n50Hoyde": 1673,
    "levelSource": "lidar water surface (p99 of DTM1 inside the lake) if above N50 hoyde",
    "areaKm2": 0.001,
    "lakeNo": null,
    "nameSource": null,
    "source": "N50 Kartdata, Kartverket, CC BY 4.0"
   }
  },
  {
   "type": "Feature",
   "geometry": {
    "type": "Polygon",
    "coordinates": [
     [[160724.27,6828305.22],[160706.46,6828293.4],[160692.62,6828295.86],[160691.47,6828310.54],[160722.37,6828320.34],[160724.27,6828305.22]]
    ]
   },
   "properties": {
    "name": null,
    "levelM": 1996.1,
    "n50Hoyde": 1996,
    "levelSource": "lidar water surface (p99 of DTM1 inside the lake) if above N50 hoyde",
    "areaKm2": 0.001,
    "lakeNo": null,
    "nameSource": null,
    "source": "N50 Kartdata, Kartverket, CC BY 4.0"
   }
  },
  {
   "type": "Feature",
   "geometry": {
    "type": "Polygon",
    "coordinates": [
     [[157008.38,6836882.64],[157003.97,6836867.21],[156982.01,6836870.96],[156986.38,6836896.64],[156994.99,6836899.41],[157008.38,6836882.64]]
    ]
   },
   "properties": {
    "name": null,
    "levelM": 1756.72,
    "n50Hoyde": 1755,
    "levelSource": "lidar water surface (p99 of DTM1 inside the lake) if above N50 hoyde",
    "areaKm2": 0.001,
    "lakeNo": null,
    "nameSource": null,
    "source": "N50 Kartdata, Kartverket, CC BY 4.0"
   }
  },
  {
   "type": "Feature",
   "geometry": {
    "type": "Polygon",
    "coordinates": [
     [[172983.2,6827557.32],[172964.57,6827558.74],[172977.41,6827589.24],[172996.12,6827583.4],[172983.2,6827557.32]]
    ]
   },
   "properties": {
    "name": null,
    "levelM": 1338.5,
    "n50Hoyde": 1338,
    "levelSource": "lidar water surface (p99 of DTM1 inside the lake) if above N50 hoyde",
    "areaKm2": 0.001,
    "lakeNo": null,
    "nameSource": null,
    "source": "N50 Kartdata, Kartverket, CC BY 4.0"
   }
  },
  {
   "type": "Feature",
   "geometry": {
    "type": "Polygon",
    "coordinates": [
     [[169473.08,6840994.28],[169457.96,6840989.58],[169453.94,6840997.9],[169464.63,6841033.26],[169473.28,6841026.97],[169473.08,6840994.28]]
    ]
   },
   "properties": {
    "name": null,
    "levelM": 1201.1,
    "n50Hoyde": 1201,
    "levelSource": "lidar water surface (p99 of DTM1 inside the lake) if above N50 hoyde",
    "areaKm2": 0.001,
    "lakeNo": null,
    "nameSource": null,
    "source": "N50 Kartdata, Kartverket, CC BY 4.0"
   }
  },
  {
   "type": "Feature",
   "geometry": {
    "type": "Polygon",
    "coordinates": [
     [[171830.03,6842613.19],[171818.17,6842612.03],[171810.43,6842618.22],[171809.04,6842636.09],[171827.75,6842649.48],[171830.03,6842613.19]]
    ]
   },
   "properties": {
    "name": null,
    "levelM": 1360.1,
    "n50Hoyde": 1360,
    "levelSource": "lidar water surface (p99 of DTM1 inside the lake) if above N50 hoyde",
    "areaKm2": 0.001,
    "lakeNo": null,
    "nameSource": null,
    "source": "N50 Kartdata, Kartverket, CC BY 4.0"
   }
  },
  {
   "type": "Feature",
   "geometry": {
    "type": "Polygon",
    "coordinates": [
     [[161727.3,6835010.92],[161693.47,6835005.75],[161689.76,6835025.35],[161711.72,6835028.86],[161727.3,6835010.92]]
    ]
   },
   "properties": {
    "name": null,
    "levelM": 1403.1,
    "n50Hoyde": 1403,
    "levelSource": "lidar water surface (p99 of DTM1 inside the lake) if above N50 hoyde",
    "areaKm2": 0.001,
    "lakeNo": null,
    "nameSource": null,
    "source": "N50 Kartdata, Kartverket, CC BY 4.0"
   }
  },
  {
   "type": "Feature",
   "geometry": {
    "type": "Polygon",
    "coordinates": [
     [[170900.62,6835213.74],[170889.33,6835209.09],[170888.96,6835200.69],[170871.24,6835197.38],[170871.74,6835217.11],[170895.65,6835229.97],[170900.62,6835213.74]]
    ]
   },
   "properties": {
    "name": null,
    "levelM": 1452.83,
    "n50Hoyde": 1452,
    "levelSource": "lidar water surface (p99 of DTM1 inside the lake) if above N50 hoyde",
    "areaKm2": 0.001,
    "lakeNo": null,
    "nameSource": null,
    "source": "N50 Kartdata, Kartverket, CC BY 4.0"
   }
  },
  {
   "type": "Feature",
   "geometry": {
    "type": "Polygon",
    "coordinates": [
     [[174917.51,6834823.72],[174927.33,6834804.88],[174902.68,6834797.81],[174896.81,6834816.19],[174902.31,6834825.66],[174917.51,6834823.72]]
    ]
   },
   "properties": {
    "name": null,
    "levelM": 971.1,
    "n50Hoyde": 971,
    "levelSource": "lidar water surface (p99 of DTM1 inside the lake) if above N50 hoyde",
    "areaKm2": 0.001,
    "lakeNo": null,
    "nameSource": null,
    "source": "N50 Kartdata, Kartverket, CC BY 4.0"
   }
  },
  {
   "type": "Feature",
   "geometry": {
    "type": "Polygon",
    "coordinates": [
     [[174789.23,6836879.36],[174801.44,6836866.45],[174797.27,6836857.94],[174784.4,6836860.63],[174776.97,6836871.76],[174781.63,6836882.7],[174776.01,6836901.42],[174789.07,6836900.46],[174789.23,6836879.36]]
    ]
   },
   "properties": {
    "name": null,
    "levelM": 958.1,
    "n50Hoyde": 958,
    "levelSource": "lidar water surface (p99 of DTM1 inside the lake) if above N50 hoyde",
    "areaKm2": 0.001,
    "lakeNo": null,
    "nameSource": null,
    "source": "N50 Kartdata, Kartverket, CC BY 4.0"
   }
  },
  {
   "type": "Feature",
   "geometry": {
    "type": "Polygon",
    "coordinates": [
     [[156231.58,6839009.73],[156197.09,6839004.13],[156204.16,6839022.28],[156233.98,6839027.21],[156231.58,6839009.73]]
    ]
   },
   "properties": {
    "name": null,
    "levelM": 1608.4,
    "n50Hoyde": 1608,
    "levelSource": "lidar water surface (p99 of DTM1 inside the lake) if above N50 hoyde",
    "areaKm2": 0.001,
    "lakeNo": null,
    "nameSource": null,
    "source": "N50 Kartdata, Kartverket, CC BY 4.0"
   }
  },
  {
   "type": "Feature",
   "geometry": {
    "type": "Polygon",
    "coordinates": [
     [[156259.85,6835021.25],[156251.28,6835013.14],[156236.36,6835024.72],[156238.35,6835043.05],[156261.4,6835039.63],[156259.85,6835021.25]]
    ]
   },
   "properties": {
    "name": null,
    "levelM": 1227.1,
    "n50Hoyde": 1227,
    "levelSource": "lidar water surface (p99 of DTM1 inside the lake) if above N50 hoyde",
    "areaKm2": 0.001,
    "lakeNo": null,
    "nameSource": null,
    "source": "N50 Kartdata, Kartverket, CC BY 4.0"
   }
  },
  {
   "type": "Feature",
   "geometry": {
    "type": "Polygon",
    "coordinates": [
     [[173736.14,6833851.03],[173721.85,6833837.95],[173713.56,6833850.51],[173721.78,6833874.92],[173731.42,6833876.02],[173736.14,6833851.03]]
    ]
   },
   "properties": {
    "name": null,
    "levelM": 989.1,
    "n50Hoyde": 989,
    "levelSource": "lidar water surface (p99 of DTM1 inside the lake) if above N50 hoyde",
    "areaKm2": 0.001,
    "lakeNo": null,
    "nameSource": null,
    "source": "N50 Kartdata, Kartverket, CC BY 4.0"
   }
  },
  {
   "type": "Feature",
   "geometry": {
    "type": "Polygon",
    "coordinates": [
     [[171575.68,6833887.92],[171552.64,6833875.64],[171542.73,6833878.54],[171546.42,6833890.63],[171581.64,6833904.5],[171575.68,6833887.92]]
    ]
   },
   "properties": {
    "name": null,
    "levelM": 1110.1,
    "n50Hoyde": 1110,
    "levelSource": "lidar water surface (p99 of DTM1 inside the lake) if above N50 hoyde",
    "areaKm2": 0.001,
    "lakeNo": null,
    "nameSource": null,
    "source": "N50 Kartdata, Kartverket, CC BY 4.0"
   }
  },
  {
   "type": "Feature",
   "geometry": {
    "type": "Polygon",
    "coordinates": [
     [[174748.69,6834612.33],[174741.67,6834590.82],[174725.91,6834642.5],[174736.53,6834643.66],[174748.69,6834612.33]]
    ]
   },
   "properties": {
    "name": null,
    "levelM": 966.1,
    "n50Hoyde": 966,
    "levelSource": "lidar water surface (p99 of DTM1 inside the lake) if above N50 hoyde",
    "areaKm2": 0.001,
    "lakeNo": null,
    "nameSource": null,
    "source": "N50 Kartdata, Kartverket, CC BY 4.0"
   }
  },
  {
   "type": "Feature",
   "geometry": {
    "type": "Polygon",
    "coordinates": [
     [[156227.03,6841516.25],[156198.65,6841529.93],[156206.92,6841541.4],[156235.97,6841535.03],[156227.03,6841516.25]]
    ]
   },
   "properties": {
    "name": null,
    "levelM": 1675.43,
    "n50Hoyde": 1675,
    "levelSource": "lidar water surface (p99 of DTM1 inside the lake) if above N50 hoyde",
    "areaKm2": 0.001,
    "lakeNo": null,
    "nameSource": null,
    "source": "N50 Kartdata, Kartverket, CC BY 4.0"
   }
  },
  {
   "type": "Feature",
   "geometry": {
    "type": "Polygon",
    "coordinates": [
     [[158114.12,6828219.66],[158113.72,6828212.52],[158100.85,6828207.29],[158083.32,6828212.28],[158083.32,6828223.55],[158094.39,6828232.43],[158114.12,6828219.66]]
    ]
   },
   "properties": {
    "name": null,
    "levelM": 1747.5,
    "n50Hoyde": 1747,
    "levelSource": "lidar water surface (p99 of DTM1 inside the lake) if above N50 hoyde",
    "areaKm2": 0.001,
    "lakeNo": null,
    "nameSource": null,
    "source": "N50 Kartdata, Kartverket, CC BY 4.0"
   }
  },
  {
   "type": "Feature",
   "geometry": {
    "type": "Polygon",
    "coordinates": [
     [[172321.22,6833117.43],[172328.49,6833138.77],[172350.9,6833143.3],[172342.66,6833116.97],[172321.22,6833117.43]]
    ]
   },
   "properties": {
    "name": null,
    "levelM": 974.1,
    "n50Hoyde": 974,
    "levelSource": "lidar water surface (p99 of DTM1 inside the lake) if above N50 hoyde",
    "areaKm2": 0.001,
    "lakeNo": null,
    "nameSource": null,
    "source": "N50 Kartdata, Kartverket, CC BY 4.0"
   }
  },
  {
   "type": "Feature",
   "geometry": {
    "type": "Polygon",
    "coordinates": [
     [[157572.02,6833389.88],[157560.96,6833378.52],[157540.43,6833395.38],[157543.04,6833402.06],[157568.02,6833404.18],[157572.02,6833389.88]]
    ]
   },
   "properties": {
    "name": null,
    "levelM": 1372.1,
    "n50Hoyde": 1372,
    "levelSource": "lidar water surface (p99 of DTM1 inside the lake) if above N50 hoyde",
    "areaKm2": 0.001,
    "lakeNo": null,
    "nameSource": null,
    "source": "N50 Kartdata, Kartverket, CC BY 4.0"
   }
  },
  {
   "type": "Feature",
   "geometry": {
    "type": "Polygon",
    "coordinates": [
     [[156526.65,6841069.81],[156494.84,6841084.77],[156495.89,6841090.91],[156505.94,6841086.87],[156506.14,6841104.67],[156514.62,6841105.57],[156526.65,6841069.81]]
    ]
   },
   "properties": {
    "name": null,
    "levelM": 1650.65,
    "n50Hoyde": 1650,
    "levelSource": "lidar water surface (p99 of DTM1 inside the lake) if above N50 hoyde",
    "areaKm2": 0.0,
    "lakeNo": null,
    "nameSource": null,
    "source": "N50 Kartdata, Kartverket, CC BY 4.0"
   }
  },
  {
   "type": "Feature",
   "geometry": {
    "type": "Polygon",
    "coordinates": [
     [[172678.56,6840119.94],[172666.67,6840114.68],[172647.57,6840123.48],[172643.23,6840138.44],[172656.74,6840140.41],[172678.56,6840119.94]]
    ]
   },
   "properties": {
    "name": null,
    "levelM": 1101.2,
    "n50Hoyde": 1101,
    "levelSource": "lidar water surface (p99 of DTM1 inside the lake) if above N50 hoyde",
    "areaKm2": 0.0,
    "lakeNo": null,
    "nameSource": null,
    "source": "N50 Kartdata, Kartverket, CC BY 4.0"
   }
  },
  {
   "type": "Feature",
   "geometry": {
    "type": "Polygon",
    "coordinates": [
     [[157110.59,6835526.31],[157083.3,6835537.84],[157087.06,6835552.84],[157106.4,6835553.07],[157110.59,6835526.31]]
    ]
   },
   "properties": {
    "name": null,
    "levelM": 1382.0,
    "n50Hoyde": 1381,
    "levelSource": "lidar water surface (p99 of DTM1 inside the lake) if above N50 hoyde",
    "areaKm2": 0.0,
    "lakeNo": null,
    "nameSource": null,
    "source": "N50 Kartdata, Kartverket, CC BY 4.0"
   }
  },
  {
   "type": "Feature",
   "geometry": {
    "type": "Polygon",
    "coordinates": [
     [[172084.92,6839839.07],[172067.91,6839847.62],[172060.83,6839877.13],[172083.63,6839861.99],[172084.92,6839839.07]]
    ]
   },
   "properties": {
    "name": null,
    "levelM": 1116.1,
    "n50Hoyde": 1116,
    "levelSource": "lidar water surface (p99 of DTM1 inside the lake) if above N50 hoyde",
    "areaKm2": 0.0,
    "lakeNo": null,
    "nameSource": null,
    "source": "N50 Kartdata, Kartverket, CC BY 4.0"
   }
  },
  {
   "type": "Feature",
   "geometry": {
    "type": "Polygon",
    "coordinates": [
     [[171401.95,6833170.44],[171399.37,6833161.96],[171388.55,6833161.02],[171375.86,6833177.9],[171386.74,6833188.02],[171396.02,6833186.46],[171401.95,6833170.44]]
    ]
   },
   "properties": {
    "name": null,
    "levelM": 1021.1,
    "n50Hoyde": 1021,
    "levelSource": "lidar water surface (p99 of DTM1 inside the lake) if above N50 hoyde",
    "areaKm2": 0.0,
    "lakeNo": null,
    "nameSource": null,
    "source": "N50 Kartdata, Kartverket, CC BY 4.0"
   }
  },
  {
   "type": "Feature",
   "geometry": {
    "type": "Polygon",
    "coordinates": [
     [[162571.74,6827333.08],[162585.29,6827333.64],[162585.92,6827323.26],[162547.82,6827336.31],[162536.43,6827351.12],[162543.36,6827355.26],[162571.74,6827333.08]]
    ]
   },
   "properties": {
    "name": null,
    "levelM": 1725.1,
    "n50Hoyde": 1725,
    "levelSource": "lidar water surface (p99 of DTM1 inside the lake) if above N50 hoyde",
    "areaKm2": 0.0,
    "lakeNo": null,
    "nameSource": null,
    "source": "N50 Kartdata, Kartverket, CC BY 4.0"
   }
  },
  {
   "type": "Feature",
   "geometry": {
    "type": "Polygon",
    "coordinates": [
     [[159142.2,6836688.77],[159120.77,6836692.33],[159117.25,6836709.45],[159136.92,6836714.12],[159142.2,6836688.77]]
    ]
   },
   "properties": {
    "name": null,
    "levelM": 1695.4,
    "n50Hoyde": 1695,
    "levelSource": "lidar water surface (p99 of DTM1 inside the lake) if above N50 hoyde",
    "areaKm2": 0.0,
    "lakeNo": null,
    "nameSource": null,
    "source": "N50 Kartdata, Kartverket, CC BY 4.0"
   }
  },
  {
   "type": "Feature",
   "geometry": {
    "type": "Polygon",
    "coordinates": [
     [[174018.99,6834461.6],[174010.41,6834452.23],[173996.51,6834452.62],[173988.17,6834466.24],[174007.66,6834473.97],[174018.99,6834461.6]]
    ]
   },
   "properties": {
    "name": null,
    "levelM": 971.1,
    "n50Hoyde": 971,
    "levelSource": "lidar water surface (p99 of DTM1 inside the lake) if above N50 hoyde",
    "areaKm2": 0.0,
    "lakeNo": null,
    "nameSource": null,
    "source": "N50 Kartdata, Kartverket, CC BY 4.0"
   }
  },
  {
   "type": "Feature",
   "geometry": {
    "type": "Polygon",
    "coordinates": [
     [[162591.28,6831438.85],[162580.39,6831429.64],[162552.77,6831426.68],[162556.89,6831435.36],[162585.91,6831448.05],[162591.28,6831438.85]]
    ]
   },
   "properties": {
    "name": null,
    "levelM": 1697.6,
    "n50Hoyde": 1697,
    "levelSource": "lidar water surface (p99 of DTM1 inside the lake) if above N50 hoyde",
    "areaKm2": 0.0,
    "lakeNo": null,
    "nameSource": null,
    "source": "N50 Kartdata, Kartverket, CC BY 4.0"
   }
  },
  {
   "type": "Feature",
   "geometry": {
    "type": "Polygon",
    "coordinates": [
     [[172394.4,6833024.79],[172365.89,6833027.81],[172357.75,6833036.72],[172367.58,6833042.66],[172388.62,6833038.92],[172394.4,6833024.79]]
    ]
   },
   "properties": {
    "name": null,
    "levelM": 967.1,
    "n50Hoyde": 967,
    "levelSource": "lidar water surface (p99 of DTM1 inside the lake) if above N50 hoyde",
    "areaKm2": 0.0,
    "lakeNo": null,
    "nameSource": null,
    "source": "N50 Kartdata, Kartverket, CC BY 4.0"
   }
  },
  {
   "type": "Feature",
   "geometry": {
    "type": "Polygon",
    "coordinates": [
     [[163939.95,6832484.96],[163909.25,6832497.05],[163918.11,6832503.58],[163945.46,6832504.32],[163939.95,6832484.96]]
    ]
   },
   "properties": {
    "name": null,
    "levelM": 1440.1,
    "n50Hoyde": 1440,
    "levelSource": "lidar water surface (p99 of DTM1 inside the lake) if above N50 hoyde",
    "areaKm2": 0.0,
    "lakeNo": null,
    "nameSource": null,
    "source": "N50 Kartdata, Kartverket, CC BY 4.0"
   }
  },
  {
   "type": "Feature",
   "geometry": {
    "type": "Polygon",
    "coordinates": [
     [[163730.35,6843035.31],[163727.61,6843011.58],[163706.46,6843033.67],[163718.71,6843045.0],[163730.35,6843035.31]]
    ]
   },
   "properties": {
    "name": null,
    "levelM": 1442.1,
    "n50Hoyde": 1442,
    "levelSource": "lidar water surface (p99 of DTM1 inside the lake) if above N50 hoyde",
    "areaKm2": 0.0,
    "lakeNo": null,
    "nameSource": null,
    "source": "N50 Kartdata, Kartverket, CC BY 4.0"
   }
  }
 ]
}
